time,sfGFP + St6Tr3 15 nM,sfGFP + St6Tr3 15 nM,sfGFP + St6Tr3 15 nM,sfGFP + St6Tr3 15 nM,Se6To3,Se6To3,Se6To3,Se6To3,Se6To3+ St6 5 nM + Tr3 5 nM,Se6To3+ St6 5 nM + Tr3 5 nM,Se6To3+ St6 5 nM + Tr3 5 nM,Se6To3+ St6 5 nM + Tr3 5 nM,Se6To3+ St6 7 nM + Tr3 7 nM,Se6To3+ St6 7 nM + Tr3 7 nM,Se6To3+ St6 7 nM + Tr3 7 nM,Se6To3+ St6 7 nM + Tr3 7 nM,Se6To3+ St6 10 nM + Tr3 10 nM,Se6To3+ St6 10 nM + Tr3 10 nM,Se6To3+ St6 10 nM + Tr3 10 nM,Se6To3+ St6 10 nM + Tr3 10 nM,Se6To3+ St6 15 nM + Tr3 15 nM,Se6To3+ St6 15 nM + Tr3 15 nM,Se6To3+ St6 15 nM + Tr3 15 nM,Se6To3+ St6 15 nM + Tr3 15 nM,Se6To3+ St6 15 nM + Tr3 5 nM,Se6To3+ St6 15 nM + Tr3 5 nM,Se6To3+ St6 15 nM + Tr3 5 nM,Se6To3+ St6 15 nM + Tr3 5 nM,Se6To3+ St6 15 nM + Tr3 7 nM,Se6To3+ St6 15 nM + Tr3 7 nM,Se6To3+ St6 15 nM + Tr3 7 nM,Se6To3+ St6 15 nM + Tr3 7 nM,Se6To3+ St6 15 nM + Tr3 10 nM,Se6To3+ St6 15 nM + Tr3 10 nM,Se6To3+ St6 15 nM + Tr3 10 nM,Se6To3+ St6 15 nM + Tr3 10 nM
0 h,-462.5,-89.5,470.5,81.5,65.5,-521.5,364.5,91.5,234.75,435.75,-299.25,-371.25,8.5,354.5,-315.5,-47.5,355.5,-197.5,-10.5,-147.5,683.5,-189.5,103.5,-597.5,77.25,77.25,-207.75,53.25,-452.25,73.75,87.75,290.75,-214.75,167.25,324.25,-276.75
0 h 2 min,-593.5,-538.5,212.5,-188.5,327.5,-530.5,97.5,-222.5,115.75,-236.25,-297.25,-685.25,-969.5,-638.5,-695.5,-543.5,-311.5,-692.5,-764.5,-848.5,397.5,-793.5,-137.5,-1023.5,-901.75,-493.75,-534.75,-532.75,-760.25,-635.25,-598.25,-271.25,-413.75,-1033.75,-158.75,-802.75
0 h 5 min,-842.5,-1016.5,-204.5,-438.5,-265.5,-907.5,-354.5,-607.5,4.75,-492.25,-1063.25,-621.25,-1010.5,-363.5,-1213.5,-699.5,-1155.5,-516.5,-582.5,-1057.5,-290.5,-518.5,-376.5,-1191.5,-541.75,-684.75,-938.75,-597.75,-842.25,-331.25,-786.25,-96.25,-133.75,-1376.75,-437.75,-860.75
0 h 7 min,-1107.5,-1191.5,-378.5,-697.5,-622.5,-1054.5,-873.5,-809.5,-604.25,-714.25,-1215.25,-743.25,-1258.5,-452.5,-1324.5,-1070.5,-1074.5,-1342.5,-865.5,-1129.5,-569.5,-1067.5,-249.5,-1223.5,-984.75,-1273.75,-1510.75,-805.75,-991.25,-1005.25,-656.25,-522.25,-362.75,-1197.75,-828.75,-928.75
0 h 9 min,-1039.5,-1325.5,-425.5,-789.5,-1316.5,-815.5,-1043.5,-977.5,-855.25,-1121.25,-1079.25,-1331.25,-1454.5,-673.5,-1984.5,-1824.5,-1228.5,-1540.5,-1605.5,-1199.5,-452.5,-964.5,-801.5,-909.5,-826.75,-1454.75,-1346.75,-1369.75,-872.25,-935.25,-853.25,-1376.25,-1127.75,-1176.75,-1421.75,-896.75
0 h 12 min,-1704.5,-1545.5,-826.5,-1278.5,-984.5,-933.5,-1520.5,-1186.5,-745.25,-1434.25,-1470.25,-467.25,-1188.5,-1299.5,-2347.5,-1217.5,-714.5,-1728.5,-1663.5,-965.5,-1091.5,-1022.5,-1136.5,-1406.5,-1286.75,-1383.75,-1659.75,-1383.75,-741.25,-1324.25,-592.25,-1324.25,-1361.75,-1379.75,-1479.75,-1023.75
0 h 14 min,-1532.5,-1378.5,-1252.5,-1776.5,-1752.5,-1074.5,-1846.5,-1394.5,-1079.25,-1480.25,-1546.25,-851.25,-1739.5,-1638.5,-2211.5,-1424.5,-1140.5,-1503.5,-1900.5,-1073.5,-849.5,-1440.5,-1049.5,-1485.5,-1265.75,-1835.75,-1798.75,-1375.75,-1009.25,-1476.25,-369.25,-1392.25,-1425.75,-1146.75,-1709.75,-897.75
0 h 17 min,-1632.5,-1194.5,-1320.5,-1212.5,-1547.5,-1228.5,-1739.5,-1378.5,-946.25,-1609.25,-1264.25,-1325.25,-1659.5,-1917.5,-2043.5,-1829.5,-1190.5,-1868.5,-1384.5,-1432.5,-917.5,-1735.5,-1660.5,-1411.5,-1364.75,-2115.75,-1686.75,-1777.75,-1316.25,-1464.25,-602.25,-1653.25,-1916.75,-1414.75,-1777.75,-1090.75
0 h 19 min,-1464.5,-848.5,-820.5,-649.5,-1672.5,-998.5,-1637.5,-1205.5,-1358.25,-1509.25,-1762.25,-1249.25,-1903.5,-2012.5,-2613.5,-2128.5,-1575.5,-1579.5,-1852.5,-1333.5,-1103.5,-1508.5,-1293.5,-1753.5,-1513.75,-1698.75,-1962.75,-1592.75,-1583.25,-1394.25,-354.25,-2111.25,-1713.75,-1594.75,-1221.75,-1290.75
0 h 21 min,-675.5,-998.5,-377.5,-680.5,-1205.5,-1632.5,-1253.5,-1681.5,-1190.25,-1408.25,-1881.25,-1094.25,-1580.5,-1696.5,-2372.5,-1749.5,-2022.5,-2201.5,-1993.5,-1845.5,-1215.5,-2151.5,-1628.5,-1779.5,-1794.75,-1824.75,-1783.75,-1555.75,-1919.25,-1874.25,-250.25,-1796.25,-1987.75,-1874.75,-1867.75,-1685.75
0 h 24 min,-132.5,-479.5,201.5,-708.5,-1375.5,-1173.5,-1298.5,-1693.5,-1045.25,-1909.25,-1835.25,-1563.25,-1825.5,-1837.5,-2300.5,-1921.5,-1413.5,-1809.5,-1847.5,-1812.5,-963.5,-1667.5,-1570.5,-1473.5,-1617.75,-1633.75,-1976.75,-1514.75,-1524.25,-1677.25,-732.25,-1600.25,-1593.75,-1852.75,-1735.75,-1702.75
0 h 26 min,-8.5,169.5,335.5,336.5,-1529.5,-1479.5,-1413.5,-1332.5,-1397.25,-1630.25,-1720.25,-1264.25,-1587.5,-2036.5,-2057.5,-1624.5,-1794.5,-1671.5,-1799.5,-1774.5,-906.5,-1932.5,-1385.5,-1173.5,-1317.75,-1634.75,-1792.75,-1657.75,-1359.25,-1151.25,-728.25,-1613.25,-1756.75,-1676.75,-1653.75,-1479.75
0 h 28 min,711.5,870.5,1248.5,1333.5,-1446.5,-1700.5,-1388.5,-1532.5,-1232.25,-1581.25,-1691.25,-1946.25,-2214.5,-1874.5,-2428.5,-1801.5,-1915.5,-1685.5,-1700.5,-1718.5,-845.5,-1957.5,-1173.5,-1260.5,-1649.75,-1437.75,-2120.75,-1617.75,-1637.25,-1839.25,-831.25,-1631.25,-1583.75,-1532.75,-1557.75,-1392.75
0 h 31 min,1757.5,1446.5,2065.5,1702.5,-1915.5,-1585.5,-1606.5,-1257.5,-1390.25,-1234.25,-1827.25,-1346.25,-2121.5,-1521.5,-2286.5,-1435.5,-1694.5,-1702.5,-1676.5,-1637.5,-964.5,-1341.5,-1288.5,-1200.5,-1709.75,-1142.75,-1719.75,-1488.75,-1476.25,-2067.25,-868.25,-1424.25,-2057.75,-1711.75,-1474.75,-1692.75
0 h 33 min,2532.5,2214.5,2761.5,2438.5,-1586.5,-1286.5,-1322.5,-1681.5,-904.25,-1450.25,-1593.25,-1626.25,-2044.5,-2048.5,-2042.5,-1748.5,-1666.5,-1903.5,-1508.5,-1553.5,-630.5,-1864.5,-1618.5,-1594.5,-1752.75,-1752.75,-1713.75,-1905.75,-1397.25,-1671.25,-558.25,-1614.25,-1192.75,-1302.75,-1500.75,-1348.75
0 h 36 min,3295.5,2861.5,3741.5,3311.5,-1243.5,-1577.5,-1749.5,-1908.5,-995.25,-1489.25,-2006.25,-1413.25,-1553.5,-1712.5,-1927.5,-1549.5,-1747.5,-2067.5,-1893.5,-2142.5,-699.5,-1597.5,-1161.5,-1361.5,-1381.75,-1646.75,-1977.75,-1188.75,-1502.25,-1275.25,-860.25,-1506.25,-1497.75,-1749.75,-1615.75,-1259.75
0 h 38 min,4371.5,3471.5,4043.5,3760.5,-1497.5,-1266.5,-1273.5,-1260.5,-1155.25,-1635.25,-1535.25,-1338.25,-1576.5,-1348.5,-2050.5,-1737.5,-1371.5,-1535.5,-1859.5,-1394.5,-358.5,-1508.5,-1476.5,-1584.5,-1076.75,-1382.75,-1356.75,-1608.75,-1020.25,-1044.25,-62.25,-1497.25,-1664.75,-1420.75,-1616.75,-1379.75
0 h 40 min,5637.5,4568.5,5520.5,5134.5,-1501.5,-1526.5,-1451.5,-1624.5,-1075.25,-1433.25,-1397.25,-1499.25,-1612.5,-1854.5,-1836.5,-1314.5,-1449.5,-1641.5,-1511.5,-1713.5,-763.5,-1399.5,-1227.5,-1304.5,-1567.75,-1419.75,-1389.75,-1078.75,-1021.25,-1650.25,-212.25,-1317.25,-1723.75,-1107.75,-1473.75,-943.75
0 h 43 min,6708.5,5710.5,6701.5,5878.5,-1362.5,-1107.5,-1737.5,-1337.5,-1350.25,-1126.25,-1635.25,-1229.25,-1820.5,-2061.5,-1739.5,-1669.5,-1152.5,-1606.5,-1690.5,-1842.5,-489.5,-1572.5,-1176.5,-1012.5,-1082.75,-1750.75,-1696.75,-1569.75,-1223.25,-1077.25,309.75,-1133.25,-1462.75,-1712.75,-1331.75,-1079.75
0 h 45 min,7889.5,6713.5,7710.5,7036.5,-1498.5,-1481.5,-1297.5,-1141.5,-1007.25,-1194.25,-1535.25,-1020.25,-1611.5,-1478.5,-1869.5,-1285.5,-1184.5,-1121.5,-1679.5,-1271.5,-371.5,-1167.5,-1104.5,-935.5,-1141.75,-1465.75,-1839.75,-1571.75,-1445.25,-866.25,-225.25,-1592.25,-1299.75,-1248.75,-1539.75,-1000.75
0 h 47 min,9460.5,7584.5,9168.5,7868.5,-1417.5,-1486.5,-1146.5,-1221.5,-1313.25,-1107.25,-1237.25,-1317.25,-1552.5,-1369.5,-1616.5,-1666.5,-1034.5,-1466.5,-1788.5,-1183.5,-313.5,-1008.5,-1001.5,-779.5,-1086.75,-1055.75,-1363.75,-1476.75,-932.25,-1317.25,-354.25,-750.25,-1228.75,-1440.75,-1206.75,-1058.75
0 h 50 min,10702.5,8775.5,10409.5,9262.5,-1168.5,-1197.5,-1549.5,-1617.5,-907.25,-897.25,-1278.25,-1159.25,-1273.5,-1301.5,-1807.5,-1607.5,-1062.5,-1536.5,-1263.5,-1350.5,-409.5,-1062.5,-907.5,-977.5,-1199.75,-912.75,-1398.75,-1402.75,-1422.25,-909.25,-390.25,-1045.25,-1032.75,-942.75,-1086.75,-604.75
0 h 52 min,11674.5,10226.5,11041.5,10483.5,-1051.5,-1212.5,-969.5,-886.5,-1122.25,-673.25,-981.25,-939.25,-1180.5,-1154.5,-1698.5,-1326.5,-916.5,-1352.5,-1711.5,-987.5,-167.5,-1075.5,-762.5,-585.5,-969.75,-1144.75,-1445.75,-1327.75,-1100.25,-1443.25,705.75,-1137.25,-1292.75,-765.75,-1138.75,-860.75
0 h 54 min,12801.5,11620.5,12453.5,11360.5,-1224.5,-730.5,-1012.5,-869.5,-866.25,-723.25,-1537.25,-1316.25,-1572.5,-1665.5,-1582.5,-909.5,-955.5,-927.5,-1375.5,-1050.5,240.5,-1136.5,-1014.5,-889.5,-976.75,-783.75,-976.75,-791.75,-710.25,-1219.25,240.75,-1067.25,-1021.75,-893.75,-942.75,-365.75
0 h 57 min,15146.5,12948.5,13827.5,12750.5,-1138.5,-862.5,-1232.5,-1096.5,-882.25,-1204.25,-1283.25,-748.25,-1255.5,-1268.5,-1517.5,-1329.5,-750.5,-711.5,-1067.5,-744.5,-26.5,-591.5,-739.5,-870.5,-538.75,-692.75,-1432.75,-1143.75,-640.25,-874.25,590.75,-1085.25,-912.75,-686.75,-861.75,-265.75
0 h 59 min,16479.5,14090.5,15090.5,13917.5,-711.5,-1109.5,-927.5,-854.5,-929.25,-726.25,-1006.25,-1174.25,-1249.5,-1358.5,-1313.5,-1041.5,-1033.5,-857.5,-1470.5,-641.5,199.5,-417.5,-683.5,-694.5,-479.75,-729.75,-1034.75,-1025.75,-10.25,-857.25,176.75,-738.25,-828.75,-863.75,-1034.75,-311.75
1 h 2 min,18297.5,16009.5,16813.5,15237.5,-785.5,-1158.5,-1053.5,-982.5,-566.25,-1027.25,-1199.25,-917.25,-925.5,-1129.5,-993.5,-882.5,-1001.5,-1007.5,-962.5,-677.5,628.5,-308.5,-546.5,-227.5,-619.75,-613.75,-1425.75,-756.75,-51.25,-1002.25,386.75,-325.25,-875.75,-297.75,-1093.75,-145.75
1 h 4 min,20060.5,17796.5,18303.5,16911.5,-860.5,-966.5,-608.5,-661.5,-523.25,-999.25,-866.25,-918.25,-933.5,-833.5,-1189.5,-686.5,-412.5,-869.5,-774.5,-419.5,606.5,-359.5,-541.5,-1032.5,-728.75,-516.75,-1123.75,-880.75,-462.25,-830.25,398.75,-650.25,-918.75,-276.75,-500.75,206.25
1 h 6 min,22061.5,19372.5,19650.5,17957.5,-832.5,-801.5,-958.5,-1075.5,-894.25,-570.25,-833.25,-635.25,-868.5,-381.5,-913.5,-707.5,-409.5,-909.5,-333.5,-271.5,793.5,-413.5,-462.5,-39.5,-393.75,-637.75,-748.75,-783.75,-59.25,-726.25,1120.75,-583.25,-653.75,-269.75,-429.75,-132.75
1 h 9 min,23538.5,21295.5,20929.5,19827.5,-750.5,-431.5,-572.5,-565.5,-818.25,-904.25,-1074.25,-412.25,-927.5,-623.5,-943.5,-679.5,-165.5,-592.5,-618.5,-237.5,1242.5,-49.5,-433.5,-283.5,-395.75,-783.75,-1019.75,-1142.75,-181.25,-523.25,617.75,-616.25,-383.75,-403.75,-487.75,638.25
1 h 11 min,25391.5,23281.5,23111.5,21148.5,-755.5,-497.5,-947.5,-771.5,-408.25,-700.25,-916.25,-403.25,-735.5,-683.5,-945.5,-636.5,-91.5,-300.5,-617.5,-225.5,898.5,427.5,16.5,32.5,-8.75,-846.75,-793.75,-759.75,-212.25,-739.25,621.75,26.75,17.25,11.25,-714.75,551.25
1 h 13 min,27358.5,24832.5,24756.5,22693.5,-574.5,-870.5,-688.5,-1048.5,-350.25,-499.25,-567.25,-296.25,-473.5,-748.5,-786.5,-249.5,-367.5,-371.5,-523.5,34.5,1875.5,391.5,-43.5,142.5,121.25,-345.75,-834.75,-388.75,493.75,41.75,1317.75,245.75,-68.75,366.25,-83.75,908.25
1 h 16 min,29302.5,26654.5,26793.5,23935.5,-447.5,-661.5,-653.5,-879.5,-297.25,-649.25,-483.25,-377.25,-769.5,-122.5,-262.5,-248.5,55.5,-98.5,-297.5,-106.5,2134.5,531.5,-32.5,295.5,211.25,-149.75,-459.75,-527.75,534.75,288.75,953.75,-167.25,212.25,501.25,79.25,838.25
1 h 18 min,31478.5,28909.5,28123.5,26236.5,-601.5,-310.5,-683.5,-646.5,-105.25,-250.25,-733.25,-385.25,-544.5,-579.5,-699.5,-145.5,261.5,-106.5,-284.5,404.5,1754.5,655.5,-58.5,712.5,-5.75,-290.75,-270.75,-628.75,828.75,100.75,1868.75,332.75,130.25,524.25,176.25,864.25
1 h 20 min,33665.5,30746.5,29879.5,27219.5,-417.5,-258.5,-363.5,-831.5,-287.25,-538.25,-846.25,-105.25,-239.5,-503.5,-465.5,2.5,352.5,74.5,152.5,632.5,2369.5,778.5,624.5,1015.5,334.25,-276.75,-363.75,-706.75,875.75,-80.25,1587.75,491.75,303.25,672.25,539.25,1331.25
1 h 23 min,35653.5,32886.5,31257.5,28881.5,-399.5,-440.5,-427.5,-1022.5,-281.25,-275.25,-553.25,86.75,-100.5,-98.5,-449.5,102.5,195.5,-96.5,185.5,857.5,2443.5,1437.5,547.5,1235.5,647.25,-94.75,-129.75,-22.75,1638.75,97.75,2116.75,599.75,681.25,648.25,524.25,1521.25
1 h 25 min,37816.5,34982.5,32962.5,30975.5,-433.5,-238.5,-257.5,-659.5,-36.25,283.75,-607.25,431.75,-7.5,40.5,-700.5,238.5,1057.5,384.5,284.5,798.5,2749.5,1738.5,660.5,1545.5,938.25,-14.75,-359.75,-250.75,1439.75,862.75,3187.75,937.75,720.25,864.25,736.25,1665.25
1 h 28 min,40541.5,37447.5,35136.5,32839.5,-333.5,-128.5,-409.5,-101.5,334.75,515.75,261.75,115.75,111.5,-5.5,-85.5,498.5,872.5,956.5,8.5,1283.5,3414.5,2382.5,1212.5,1859.5,819.25,159.25,172.25,-501.75,1763.75,745.75,2287.75,1027.75,1013.25,1248.25,955.25,1988.25
1 h 30 min,42737.5,38666.5,36495.5,34441.5,-590.5,-341.5,-323.5,-500.5,357.75,269.75,-66.25,595.75,335.5,616.5,12.5,762.5,468.5,675.5,340.5,1391.5,3814.5,2255.5,955.5,1888.5,1246.25,908.25,40.25,-15.75,2288.75,961.75,2665.75,1391.75,878.25,1410.25,1156.25,2148.25
1 h 32 min,44310.5,41470.5,38532.5,36314.5,-55.5,141.5,-131.5,-429.5,405.75,375.75,323.75,1193.75,576.5,381.5,-277.5,770.5,1430.5,942.5,1239.5,1855.5,4249.5,2919.5,1557.5,2416.5,967.25,536.25,68.25,-178.75,2434.75,1356.75,3368.75,1411.75,1298.25,1844.25,1591.25,2961.25
1 h 35 min,46730.5,43530.5,40837.5,38081.5,44.5,44.5,-217.5,-347.5,704.75,420.75,-114.25,844.75,381.5,393.5,342.5,602.5,1260.5,787.5,855.5,1797.5,4550.5,3306.5,1891.5,2915.5,1094.25,749.25,167.25,517.25,2879.75,1273.75,3314.75,1719.75,1856.25,1846.25,1475.25,2865.25
1 h 37 min,49242.5,45513.5,42485.5,39420.5,-85.5,144.5,93.5,19.5,494.75,233.75,395.75,1021.75,440.5,576.5,984.5,918.5,1785.5,1413.5,829.5,2689.5,4745.5,3495.5,2132.5,3272.5,1330.25,918.25,365.25,290.25,3304.75,1696.75,3349.75,2322.75,2148.25,2211.25,1895.25,2904.25
1 h 39 min,52208.5,47581.5,44946.5,41817.5,-438.5,338.5,-455.5,286.5,660.75,663.75,610.75,1108.75,837.5,845.5,635.5,908.5,1842.5,1942.5,1034.5,2819.5,5453.5,4248.5,2640.5,3922.5,1978.25,833.25,469.25,454.25,3426.75,2084.75,3505.75,2787.75,2537.25,2833.25,2115.25,3700.25
1 h 42 min,54002.5,50017.5,47104.5,43008.5,147.5,314.5,-156.5,333.5,538.75,470.75,681.75,1243.75,765.5,1079.5,1469.5,1603.5,1930.5,1869.5,1621.5,2909.5,5450.5,4624.5,2848.5,4389.5,2257.25,1512.25,674.25,453.25,3950.75,2086.75,4001.75,2657.75,2687.25,3062.25,2332.25,3869.25
1 h 44 min,55733.5,52485.5,47637.5,45322.5,465.5,423.5,84.5,310.5,768.75,705.75,505.75,1555.75,913.5,1275.5,1164.5,1536.5,2552.5,1851.5,1681.5,3262.5,5869.5,4834.5,3371.5,5064.5,2105.25,1379.25,788.25,869.25,4426.75,2435.75,4055.75,2929.75,3095.25,2826.25,2343.25,4266.25
1 h 46 min,57601.5,54354.5,50109.5,47243.5,283.5,548.5,270.5,336.5,1013.75,1043.75,800.75,1802.75,1600.5,1411.5,1226.5,1922.5,2421.5,2427.5,2084.5,3763.5,6504.5,5374.5,3484.5,5346.5,2798.25,1309.25,1241.25,864.25,4726.75,3010.75,4410.75,3511.75,3482.25,3091.25,2917.25,4128.25
1 h 49 min,60224.5,56562.5,52538.5,48930.5,-123.5,508.5,639.5,25.5,1282.75,1268.75,1085.75,1739.75,1480.5,1446.5,1228.5,1453.5,2999.5,2848.5,2214.5,3561.5,6830.5,6291.5,3767.5,5501.5,2537.25,1568.25,1154.25,1264.25,5006.75,2872.75,4920.75,4160.75,3555.25,3666.25,2973.25,4478.25
1 h 51 min,62652.5,59244.5,53528.5,50735.5,605.5,836.5,33.5,543.5,1370.75,1158.75,1070.75,2084.75,1566.5,1974.5,1813.5,2051.5,3111.5,2582.5,2366.5,4096.5,8134.5,6472.5,4379.5,6448.5,2790.25,1910.25,995.25,1320.25,5125.75,3304.75,6136.75,4119.75,3872.25,4072.25,3269.25,4948.25
1 h 54 min,64710.5,61058.5,55511.5,52743.5,453.5,1067.5,433.5,283.5,1602.75,1450.75,1168.75,1911.75,1758.5,2048.5,1867.5,2374.5,2901.5,3014.5,2472.5,4494.5,8044.5,7445.5,4820.5,7023.5,2772.25,2307.25,990.25,1156.25,5631.75,3893.75,5809.75,4624.75,4154.25,4361.25,3491.25,5293.25
1 h 56 min,67008.5,62779.5,57414.5,55171.5,492.5,592.5,59.5,224.5,1854.75,1512.75,1422.75,2600.75,2011.5,2068.5,2267.5,2835.5,3236.5,2823.5,2680.5,4627.5,8581.5,7389.5,5213.5,7692.5,2720.25,2129.25,1547.25,1509.25,6531.75,3922.75,6715.75,5354.75,4394.25,4371.25,3734.25,6149.25
1 h 58 min,68298.5,65356.5,58975.5,56804.5,747.5,950.5,537.5,458.5,1651.75,1697.75,1351.75,2374.75,2324.5,2634.5,2700.5,2458.5,3757.5,3615.5,3170.5,4895.5,8908.5,8483.5,5511.5,8368.5,3752.25,2477.25,1592.25,1814.25,7044.75,4502.75,7314.75,5741.75,4933.25,4728.25,4212.25,5820.25
2 h 1 min,70425.5,67903.5,61029.5,59208.5,597.5,1175.5,536.5,533.5,1705.75,2012.75,1665.75,2604.75,2351.5,2348.5,2356.5,2637.5,3903.5,3618.5,3125.5,5494.5,9965.5,8665.5,6368.5,8641.5,3437.25,2516.25,1645.25,1599.25,7817.75,4895.75,7636.75,5890.75,5189.25,5084.25,4323.25,6593.25
2 h 3 min,73191.5,70025.5,63055.5,60295.5,590.5,1052.5,632.5,934.5,2015.75,2228.75,1644.75,2492.75,2569.5,2954.5,2774.5,3103.5,3595.5,3708.5,3920.5,5754.5,10097.5,9683.5,6712.5,9449.5,4183.25,2746.25,2267.25,1828.25,8288.75,5100.75,7073.75,6237.75,6067.25,5351.25,5096.25,6638.25
2 h 5 min,74758.5,71752.5,64883.5,62182.5,555.5,956.5,579.5,674.5,2001.75,1811.75,1680.75,2651.75,2910.5,3225.5,3011.5,3567.5,4325.5,3789.5,3883.5,6291.5,10801.5,10446.5,7202.5,9994.5,4126.25,2618.25,2317.25,2171.25,8722.75,5443.75,8535.75,7019.75,6350.25,5868.25,5543.25,7669.25
2 h 8 min,76772.5,73417.5,67483.5,64048.5,749.5,1279.5,881.5,782.5,2290.75,2328.75,1602.75,3191.75,2478.5,3184.5,3465.5,3647.5,4700.5,4456.5,4000.5,6444.5,11262.5,11046.5,7565.5,10442.5,4418.25,3136.25,2141.25,2504.25,9366.75,5693.75,8067.75,7143.75,6642.25,6315.25,5841.25,7888.25
2 h 10 min,79031.5,75855.5,68798.5,66068.5,529.5,1496.5,658.5,549.5,2618.75,2226.75,2218.75,3635.75,3086.5,3682.5,3083.5,4029.5,4093.5,4568.5,4410.5,6534.5,11545.5,12097.5,8463.5,11456.5,4467.25,3553.25,2478.25,2638.25,9705.75,5720.75,9241.75,8194.75,7157.25,7012.25,5901.25,8179.25
2 h 13 min,80777.5,77376.5,70606.5,68448.5,1156.5,1389.5,746.5,1041.5,2654.75,2189.75,2218.75,3485.75,3303.5,3402.5,3318.5,4251.5,4865.5,4968.5,4408.5,6907.5,12469.5,12571.5,8722.5,12563.5,5000.25,3489.25,2588.25,2304.25,10192.75,6849.75,9897.75,8843.75,7411.25,7028.25,6495.25,9089.25
2 h 15 min,83124.5,79756.5,73324.5,70025.5,1065.5,1233.5,990.5,615.5,2923.75,2762.75,2257.75,4108.75,3170.5,4043.5,3807.5,4865.5,5229.5,5327.5,4613.5,7860.5,13124.5,12854.5,9308.5,12389.5,5211.25,3554.25,3312.25,2762.25,10905.75,6852.75,9814.75,9162.75,7990.25,7576.25,6332.25,9364.25
2 h 17 min,85230.5,81864.5,74824.5,71861.5,847.5,1344.5,1257.5,1185.5,2838.75,3015.75,2356.75,3984.75,3552.5,4254.5,3897.5,4628.5,5716.5,4990.5,4830.5,7649.5,13707.5,13573.5,9969.5,13417.5,5462.25,4240.25,3185.25,3325.25,11653.75,7395.75,10131.75,9917.75,8309.25,7742.25,6776.25,9469.25
2 h 20 min,86212.5,83277.5,76804.5,73842.5,1066.5,1426.5,935.5,666.5,2988.75,2849.75,3005.75,4226.75,3902.5,4368.5,4758.5,4975.5,5468.5,5743.5,5369.5,8662.5,14126.5,14228.5,10290.5,14425.5,5388.25,3572.25,3057.25,3497.25,12424.75,7869.75,9986.75,10556.75,8823.25,7832.25,6924.25,9907.25
2 h 22 min,89059.5,85056.5,78637.5,75983.5,1038.5,1241.5,854.5,1471.5,3156.75,2857.75,3125.75,4219.75,3866.5,4620.5,4085.5,4902.5,5663.5,6273.5,5758.5,8835.5,14962.5,15290.5,11497.5,15251.5,5586.25,4231.25,3308.25,3608.25,12361.75,8662.75,10471.75,11070.75,9431.25,8311.25,7232.25,10338.25
2 h 24 min,90831.5,86811.5,80754.5,78384.5,1368.5,1476.5,779.5,1405.5,3191.75,3505.75,2454.75,4184.75,3827.5,4780.5,4768.5,5663.5,5923.5,6372.5,5433.5,9176.5,15053.5,15891.5,12177.5,15868.5,5858.25,4387.25,3247.25,3817.25,12601.75,8446.75,11763.75,11389.75,9505.25,8570.25,8119.25,10757.25
2 h 27 min,92525.5,89366.5,82155.5,79908.5,1059.5,1277.5,1171.5,1354.5,3616.75,3343.75,3294.75,4565.75,4350.5,4834.5,5059.5,5471.5,6652.5,6202.5,6217.5,8870.5,15934.5,16950.5,12579.5,16929.5,6522.25,4698.25,3828.25,3945.25,13950.75,8934.75,12654.75,11960.75,10346.25,8888.25,8424.25,11413.25
2 h 29 min,94540.5,91190.5,83320.5,82451.5,1348.5,1613.5,997.5,1302.5,3224.75,3522.75,3441.75,4444.75,4581.5,5459.5,5054.5,5978.5,6699.5,6889.5,6446.5,9632.5,16452.5,17569.5,13573.5,17813.5,6511.25,4915.25,3934.25,4271.25,14220.75,9230.75,12807.75,12870.75,10389.25,9781.25,8726.25,11834.25
2 h 31 min,96803.5,92775.5,86465.5,84185.5,894.5,1550.5,1305.5,948.5,3928.75,3820.75,3519.75,4854.75,4506.5,5095.5,5389.5,5783.5,6758.5,6486.5,6982.5,10077.5,17327.5,18594.5,14082.5,18768.5,6608.25,5217.25,3914.25,4392.25,14776.75,9886.75,13217.75,13558.75,11252.25,9963.25,9144.25,12303.25
2 h 34 min,98291.5,95338.5,87318.5,86547.5,892.5,1528.5,1304.5,1356.5,3943.75,3760.75,3708.75,5079.75,4872.5,5611.5,5249.5,6426.5,6921.5,7692.5,7182.5,10748.5,18751.5,19059.5,14848.5,18954.5,7393.25,5095.25,3985.25,4808.25,15507.75,10726.75,14215.75,14182.75,11250.25,10244.25,9428.25,13115.25
2 h 36 min,100388.5,96746.5,89612.5,88008.5,834.5,1801.5,1651.5,1436.5,3764.75,3842.75,3899.75,5261.75,4968.5,5853.5,5862.5,6502.5,7512.5,7409.5,7428.5,10817.5,18880.5,20215.5,15173.5,20296.5,7700.25,5731.25,4357.25,4750.25,16391.75,11144.75,14160.75,14971.75,11756.25,10411.25,10055.25,13183.25
2 h 39 min,102577.5,99930.5,91724.5,89970.5,1794.5,1969.5,1499.5,1344.5,4022.75,4233.75,3679.75,4794.75,4775.5,6396.5,6028.5,6698.5,7296.5,7765.5,7845.5,11492.5,19826.5,20620.5,16340.5,21360.5,7574.25,5929.25,4296.25,5020.25,16486.75,11666.75,14395.75,15079.75,12107.25,10733.25,10271.25,13466.25
2 h 41 min,104641.5,101952.5,93615.5,92107.5,1256.5,1748.5,1370.5,1651.5,4365.75,4131.75,3860.75,5427.75,5260.5,6663.5,6001.5,7052.5,7495.5,8162.5,7684.5,11485.5,20452.5,21583.5,17024.5,22410.5,7601.25,6064.25,5420.25,5096.25,17629.75,11915.75,15499.75,16218.75,13001.25,11696.25,10672.25,14043.25
2 h 43 min,105632.5,102780.5,95530.5,94222.5,1510.5,1839.5,1629.5,1543.5,4383.75,3853.75,4037.75,5451.75,5695.5,6507.5,6321.5,7338.5,8429.5,8721.5,8271.5,12278.5,20343.5,22254.5,17638.5,23074.5,7888.25,6260.25,4855.25,5678.25,17875.75,12201.75,16274.75,16572.75,13737.25,11931.25,11301.25,14890.25
2 h 46 min,107832.5,105440.5,97290.5,96393.5,1118.5,2302.5,1380.5,1285.5,4616.75,4624.75,4481.75,5923.75,5695.5,6584.5,6782.5,7855.5,8274.5,8269.5,8188.5,12470.5,21558.5,24145.5,18420.5,23502.5,8073.25,6538.25,5639.25,5368.25,18443.75,12962.75,16204.75,17069.75,13626.25,12305.25,11692.25,15466.25
2 h 48 min,109974.5,106660.5,98087.5,98591.5,1572.5,1757.5,1503.5,1670.5,4282.75,5064.75,4314.75,5966.75,5856.5,7127.5,6768.5,7395.5,8686.5,8926.5,8726.5,12598.5,22325.5,24566.5,19422.5,25046.5,8893.25,7063.25,5420.25,5856.25,19377.75,13242.75,17218.75,18233.75,14279.25,12882.25,11925.25,15599.25
2 h 50 min,111084.5,108359.5,100623.5,100324.5,1684.5,2067.5,2028.5,1698.5,4749.75,4461.75,4349.75,5818.75,6168.5,7433.5,6981.5,8094.5,8396.5,9339.5,8926.5,12938.5,22806.5,25073.5,20597.5,25403.5,8797.25,7090.25,5567.25,6294.25,19490.75,13832.75,16907.75,18813.75,15202.25,13081.25,12323.25,15895.25
2 h 53 min,112960.5,109498.5,102565.5,102373.5,1664.5,2213.5,2128.5,1991.5,5104.75,5077.75,4538.75,6388.75,6582.5,7557.5,7529.5,8087.5,8903.5,9670.5,9874.5,13301.5,23809.5,26032.5,20844.5,26305.5,9247.25,7251.25,5842.25,5851.25,20419.75,14282.75,18241.75,19371.75,15180.25,13777.25,12969.25,16532.25
2 h 55 min,114604.5,112831.5,104246.5,104021.5,1763.5,1969.5,2142.5,1813.5,5213.75,5156.75,5068.75,6595.75,6434.5,7867.5,7539.5,8560.5,9374.5,9832.5,9905.5,13146.5,24236.5,27603.5,21876.5,26992.5,9049.25,7417.25,5925.25,6618.25,21098.75,14702.75,18577.75,19798.75,15413.25,14112.25,13507.25,17153.25
2 h 58 min,116239.5,114275.5,107139.5,106117.5,1500.5,2084.5,1996.5,1753.5,5500.75,5294.75,4855.75,6838.75,6680.5,8100.5,8165.5,8918.5,9426.5,9998.5,10194.5,13838.5,25264.5,28043.5,22303.5,28528.5,9490.25,7689.25,6027.25,6718.25,22057.75,15529.75,18896.75,20198.75,15952.25,14158.25,13415.25,18040.25
2 h 60 min,118005.5,115260.5,107365.5,108488.5,1484.5,2159.5,1742.5,1631.5,5132.75,5862.75,5191.75,6589.75,7011.5,7950.5,7790.5,9149.5,9378.5,10499.5,10653.5,14504.5,25521.5,28815.5,23226.5,29387.5,10010.25,8239.25,6365.25,7292.25,21989.75,15805.75,19484.75,21045.75,16408.25,14472.25,14014.25,18831.25
3 h 2 min,120049.5,117977.5,110202.5,109577.5,1528.5,1999.5,1768.5,2083.5,5434.75,5617.75,5738.75,6973.75,6812.5,8733.5,7739.5,8911.5,9975.5,10920.5,10460.5,14632.5,26680.5,30252.5,24292.5,30169.5,9930.25,7977.25,6831.25,7048.25,22994.75,16104.75,20655.75,21728.75,17403.25,14980.25,14317.25,18344.25
3 h 5 min,121497.5,119695.5,112172.5,112015.5,1696.5,2119.5,1965.5,2222.5,5892.75,5342.75,5327.75,7424.75,7276.5,8983.5,8205.5,9396.5,9799.5,10647.5,11072.5,15441.5,27340.5,31014.5,24980.5,31499.5,10193.25,8431.25,6982.25,7126.25,23170.75,17142.75,20537.75,22533.75,17149.25,15433.25,14521.25,18796.25
3 h 7 min,123530.5,121894.5,113606.5,113651.5,2025.5,2415.5,2008.5,2280.5,5682.75,5746.75,5665.75,7063.75,7299.5,8981.5,8622.5,9880.5,10120.5,11296.5,10856.5,15690.5,28003.5,31840.5,25794.5,32330.5,10577.25,8348.25,7162.25,7617.25,24818.75,17155.75,21740.75,23477.75,17685.25,15565.25,14574.25,19544.25
3 h 9 min,124620.5,122261.5,115022.5,116120.5,1615.5,2581.5,1953.5,1971.5,6009.75,5776.75,5009.75,7350.75,7666.5,9175.5,9045.5,9788.5,10291.5,11862.5,11413.5,15462.5,28710.5,32995.5,26580.5,33650.5,10963.25,8255.25,7441.25,7990.25,24501.75,18110.75,21762.75,23620.75,18648.25,16267.25,15428.25,19642.25
3 h 12 min,126792.5,125136.5,117076.5,117715.5,1831.5,2491.5,2149.5,2296.5,5860.75,6605.75,6073.75,7477.75,7538.5,9415.5,9088.5,9946.5,10288.5,11805.5,12005.5,16129.5,28864.5,33617.5,27528.5,34094.5,11231.25,8552.25,7819.25,7839.25,25293.75,18556.75,22569.75,24555.75,18902.25,16335.25,15764.25,20398.25
3 h 14 min,127828.5,126828.5,118586.5,119562.5,1907.5,2800.5,2282.5,2164.5,6442.75,6548.75,5675.75,7599.75,7687.5,9934.5,9703.5,10636.5,10838.5,12051.5,12270.5,16766.5,29833.5,34209.5,27801.5,34696.5,11177.25,9013.25,7635.25,8170.25,26007.75,19250.75,22662.75,24813.75,19305.25,17334.25,16369.25,20785.25
3 h 16 min,130495.5,128656.5,120113.5,120773.5,1923.5,2552.5,2036.5,2381.5,6367.75,6325.75,6470.75,7809.75,8150.5,9506.5,9711.5,10874.5,10595.5,12448.5,12609.5,16769.5,30870.5,35930.5,29208.5,35679.5,11740.25,9345.25,7764.25,8250.25,26362.75,19474.75,22735.75,25829.75,19435.25,17535.25,16888.25,21721.25
3 h 19 min,130695.5,130475.5,122988.5,123139.5,1846.5,2254.5,2374.5,2403.5,6833.75,6468.75,6373.75,8235.75,8033.5,10438.5,9681.5,10963.5,11167.5,12602.5,12578.5,17461.5,31247.5,36065.5,29426.5,36552.5,11974.25,9292.25,8316.25,9013.25,27118.75,19597.75,23288.75,26712.75,20633.25,17819.25,17376.25,21609.25
3 h 21 min,133290.5,131995.5,124910.5,124746.5,2103.5,2351.5,1807.5,2180.5,6718.75,7010.75,6054.75,8708.75,8234.5,10432.5,10350.5,11229.5,11544.5,12897.5,12879.5,17669.5,31820.5,37432.5,31217.5,37849.5,12459.25,9535.25,8432.25,9151.25,28052.75,20167.75,23826.75,27042.75,20930.25,18322.25,17258.25,21944.25
3 h 24 min,134911.5,133797.5,126888.5,126549.5,1939.5,2551.5,2169.5,2342.5,6919.75,6899.75,6553.75,8370.75,8411.5,10525.5,10178.5,11327.5,11746.5,13308.5,12898.5,17806.5,32620.5,37971.5,31727.5,38651.5,12580.25,9667.25,8153.25,9557.25,28721.75,20885.75,24976.75,28300.75,20815.25,18461.25,17910.25,22705.25
3 h 26 min,136315.5,135876.5,127485.5,128245.5,2372.5,2924.5,2347.5,2088.5,7113.75,6936.75,6622.75,8393.75,8591.5,10413.5,10155.5,11592.5,12101.5,13886.5,13128.5,18300.5,33740.5,39511.5,32483.5,39675.5,12739.25,9933.25,8573.25,9551.25,28699.75,21690.75,25549.75,28410.75,21940.25,18845.25,18040.25,23146.25
3 h 28 min,137929.5,137318.5,129516.5,130845.5,2411.5,2405.5,2395.5,2276.5,7297.75,7220.75,6508.75,8959.75,8606.5,11162.5,10339.5,11859.5,12277.5,14228.5,13767.5,18266.5,34016.5,40205.5,32870.5,40372.5,12912.25,10510.25,9225.25,9496.25,29588.75,22260.75,26436.75,29061.75,22372.25,19260.25,19215.25,23268.25
3 h 31 min,140210.5,138925.5,131415.5,132764.5,2682.5,2852.5,2617.5,2610.5,6756.75,7415.75,7046.75,8903.75,8695.5,11385.5,10458.5,12656.5,12323.5,14279.5,14142.5,18484.5,35252.5,40993.5,34412.5,41345.5,13287.25,10544.25,8986.25,9929.25,30419.75,22160.75,26957.75,30222.75,22547.25,19159.25,18605.25,24176.25
3 h 33 min,142014.5,140932.5,132390.5,135000.5,2590.5,2783.5,2817.5,2389.5,7433.75,7549.75,6960.75,9137.75,9183.5,11701.5,10791.5,12823.5,12657.5,14558.5,14557.5,19643.5,36201.5,42440.5,34787.5,42419.5,13566.25,10690.25,9532.25,10122.25,31267.75,22900.75,27679.75,30635.75,23110.25,19694.25,18970.25,24490.25
3 h 35 min,143453.5,142147.5,135326.5,137077.5,2267.5,2719.5,2352.5,2357.5,7343.75,7670.75,6912.75,8787.75,9188.5,11795.5,11159.5,12700.5,12723.5,14657.5,14445.5,19366.5,36543.5,43188.5,35287.5,43101.5,14039.25,10860.25,9137.25,10463.25,31504.75,23425.75,28323.75,31374.75,23094.25,20353.25,19402.25,24700.25
3 h 38 min,144125.5,144027.5,136839.5,139236.5,2533.5,3103.5,2384.5,2767.5,7587.75,7830.75,7221.75,9320.75,9481.5,11547.5,11338.5,12955.5,12872.5,15273.5,15014.5,19621.5,36995.5,44093.5,36924.5,44718.5,14017.25,11153.25,9718.25,10725.25,32603.75,23998.75,28363.75,32232.75,23902.25,21307.25,19562.25,25234.25
3 h 40 min,146249.5,145359.5,137982.5,140023.5,2248.5,2867.5,2630.5,2583.5,7768.75,7818.75,7544.75,9415.75,9742.5,12222.5,11538.5,13439.5,13636.5,15032.5,15289.5,19668.5,38079.5,45167.5,37711.5,45453.5,14101.25,11242.25,9466.25,10895.25,33014.75,24845.75,29197.75,32645.75,24265.25,21129.25,20816.25,25612.25
3 h 42 min,147811.5,147513.5,139566.5,142107.5,2304.5,3472.5,2564.5,2913.5,8188.75,7860.75,7016.75,9396.75,9680.5,12400.5,11899.5,13958.5,13038.5,15675.5,15555.5,20404.5,38043.5,45524.5,38572.5,45847.5,14208.25,11513.25,9721.25,11256.25,33915.75,24616.75,29259.75,33123.75,24330.25,21402.25,21110.25,25885.25
3 h 45 min,149480.5,148581.5,140640.5,143513.5,2168.5,2808.5,2848.5,3127.5,8051.75,8455.75,7722.75,9781.75,9799.5,12634.5,11827.5,13668.5,13848.5,16076.5,16115.5,20158.5,39517.5,47067.5,39822.5,47331.5,14754.25,12090.25,10000.25,11458.25,34142.75,25793.75,30437.75,33946.75,24762.25,21763.25,20706.25,26475.25
3 h 47 min,150183.5,150447.5,143407.5,146658.5,2609.5,3401.5,2800.5,3000.5,8156.75,7962.75,7688.75,9634.75,9867.5,12510.5,12104.5,13888.5,13503.5,16302.5,16307.5,20615.5,40396.5,47675.5,40336.5,47629.5,15133.25,11777.25,10838.25,12169.25,34510.75,25711.75,30213.75,33907.75,25215.25,21701.25,21803.25,26819.25
3 h 50 min,151533.5,152526.5,144115.5,148656.5,2860.5,3365.5,2769.5,2954.5,8650.75,7826.75,7644.75,9814.75,10262.5,13157.5,12488.5,14511.5,14102.5,16482.5,16731.5,21753.5,40589.5,48910.5,41338.5,48903.5,15128.25,12207.25,10944.25,11947.25,35301.75,26795.75,30724.75,35573.75,25623.25,22836.25,21723.25,28099.25
3 h 52 min,154312.5,153539.5,146505.5,149565.5,2779.5,3193.5,2685.5,3009.5,8734.75,8073.75,7719.75,10492.75,10244.5,13159.5,12549.5,14531.5,14152.5,16769.5,16638.5,21164.5,41026.5,49705.5,41871.5,49921.5,15233.25,12218.25,10845.25,12221.25,35361.75,27566.75,31541.75,35908.75,26023.25,22814.25,21529.25,28239.25
3 h 54 min,155373.5,154721.5,147384.5,151228.5,2437.5,3151.5,2982.5,2819.5,8583.75,8302.75,7902.75,10399.75,10515.5,13444.5,12779.5,14942.5,14063.5,17050.5,16774.5,21668.5,42060.5,50440.5,42604.5,50952.5,15712.25,12794.25,11020.25,11961.25,36713.75,27860.75,32438.75,36345.75,26779.25,23617.25,23260.25,28274.25
3 h 57 min,156224.5,156456.5,149166.5,153764.5,2469.5,3402.5,2513.5,3222.5,8938.75,8286.75,7990.75,10168.75,10500.5,13875.5,13126.5,15288.5,14506.5,16929.5,16773.5,21804.5,43165.5,51234.5,44011.5,51447.5,15826.25,12780.25,11205.25,12382.25,37334.75,28299.75,32443.75,36861.75,27106.25,23628.25,23325.25,29312.25
3 h 59 min,158422.5,158017.5,151216.5,154075.5,2744.5,3326.5,2505.5,3234.5,8708.75,8700.75,8410.75,10658.75,10802.5,13564.5,13301.5,15090.5,14511.5,17083.5,17629.5,22232.5,43822.5,52247.5,44223.5,52548.5,16173.25,12994.25,11556.25,12689.25,37393.75,28582.75,32783.75,37746.75,27510.25,23989.25,23175.25,29167.25
4 h 1 min,160334.5,161198.5,152654.5,155611.5,2844.5,3890.5,2907.5,3113.5,8995.75,8917.75,8053.75,10566.75,10568.5,13962.5,13375.5,15472.5,14789.5,17654.5,17276.5,22450.5,44503.5,53850.5,45140.5,53491.5,16527.25,13016.25,11700.25,13002.25,37836.75,29314.75,33009.75,38401.75,28171.25,24584.25,23850.25,29418.25
4 h 4 min,161650.5,161547.5,153767.5,157698.5,3074.5,3329.5,2932.5,3387.5,9035.75,9328.75,8806.75,10723.75,10711.5,13674.5,13676.5,15609.5,14597.5,18690.5,17807.5,22592.5,44560.5,54729.5,46157.5,54333.5,16538.25,12721.25,12043.25,13405.25,38007.75,30010.75,34393.75,38670.75,28242.25,24243.25,24176.25,29929.25
4 h 6 min,162727.5,163457.5,155639.5,160340.5,3001.5,3710.5,3277.5,2915.5,9206.75,8882.75,8137.75,10715.75,10860.5,14160.5,13564.5,16066.5,15046.5,18662.5,18192.5,22691.5,45595.5,55361.5,46980.5,54869.5,17047.25,13775.25,11738.25,13418.25,38724.75,30349.75,34527.75,39623.75,28758.25,25014.25,24310.25,30455.25
4 h 8 min,164476.5,164415.5,156981.5,161596.5,3022.5,3727.5,3112.5,3066.5,8981.75,8812.75,8941.75,11023.75,10775.5,14559.5,13972.5,16316.5,14938.5,18951.5,18720.5,23596.5,46208.5,55725.5,47783.5,56170.5,17032.25,13754.25,12218.25,13810.25,39909.75,30762.75,35272.75,39819.75,29586.25,25329.25,24522.25,30376.25
4 h 11 min,166235.5,166160.5,158786.5,162703.5,2863.5,3623.5,3075.5,3194.5,9749.75,9091.75,8800.75,11103.75,11234.5,14638.5,13733.5,16186.5,15364.5,19287.5,18564.5,23655.5,46726.5,57431.5,48476.5,56864.5,16701.25,14078.25,11726.25,14158.25,40603.75,31008.75,35819.75,40669.75,30002.25,25934.25,24888.25,31064.25
4 h 13 min,167274.5,168359.5,159823.5,165272.5,3077.5,3932.5,3268.5,3394.5,9438.75,9733.75,8880.75,11531.75,10859.5,14577.5,13931.5,16573.5,15772.5,19649.5,19138.5,23041.5,46812.5,57890.5,49494.5,57934.5,17244.25,13867.25,12583.25,13872.25,41032.75,31928.75,36366.75,40531.75,30056.25,26065.25,25123.25,31589.25
4 h 16 min,169289.5,169938.5,163197.5,167639.5,2973.5,3532.5,3402.5,3452.5,9680.75,9709.75,8507.75,11561.75,11277.5,14914.5,14547.5,17261.5,16018.5,19198.5,19492.5,23286.5,48517.5,58451.5,49903.5,58193.5,17280.25,14810.25,12329.25,14347.25,41785.75,32734.75,36744.75,41435.75,30063.25,25949.25,25711.25,32026.25
4 h 18 min,170890.5,170829.5,162928.5,168930.5,3086.5,3618.5,3020.5,3570.5,10135.75,9692.75,8954.75,11376.75,11445.5,14646.5,14668.5,16891.5,16095.5,19680.5,19378.5,24279.5,49127.5,59057.5,51091.5,59260.5,17986.25,14476.25,12911.25,14744.25,41964.75,32431.75,37669.75,41929.75,30766.25,26407.25,25737.25,32469.25
4 h 20 min,173803.5,173036.5,165832.5,172037.5,3126.5,4173.5,3499.5,3678.5,10226.75,9744.75,9363.75,12166.75,11494.5,14713.5,14437.5,17571.5,15794.5,19593.5,19141.5,24347.5,50227.5,60271.5,52302.5,60040.5,18169.25,15154.25,13043.25,15057.25,42716.75,32697.75,37558.75,42801.75,31213.25,26780.25,25991.25,32877.25
4 h 23 min,175824.5,176800.5,166692.5,174545.5,3109.5,4032.5,3442.5,3942.5,10310.75,9662.75,9383.75,11575.75,11533.5,15391.5,14928.5,17813.5,15676.5,19857.5,19930.5,24931.5,50443.5,61252.5,53101.5,61665.5,18121.25,14851.25,13077.25,15134.25,42842.75,33294.75,38052.75,43650.75,32131.25,26739.25,26691.25,33612.25
4 h 25 min,177048.5,178973.5,168021.5,176388.5,2531.5,3955.5,3199.5,3610.5,10138.75,10481.75,9617.75,12146.75,11851.5,15395.5,15055.5,17263.5,16302.5,20356.5,19982.5,25002.5,50997.5,61643.5,53824.5,63072.5,18338.25,15059.25,13257.25,15084.25,43433.75,33957.75,38718.75,44048.75,32328.25,27322.25,27115.25,33271.25
4 h 27 min,178822.5,179647.5,169780.5,177942.5,3075.5,3767.5,3152.5,4140.5,10969.75,10002.75,9761.75,11816.75,11920.5,16149.5,15062.5,17704.5,16560.5,20422.5,20023.5,24859.5,51672.5,63382.5,54340.5,62954.5,18802.25,15520.25,13331.25,15272.25,44155.75,34583.75,39295.75,44815.75,32738.25,28223.25,27304.25,33809.25
4 h 30 min,179702.5,181242.5,170380.5,179276.5,2930.5,3913.5,3280.5,3725.5,10539.75,9993.75,9582.75,12057.75,11554.5,16023.5,15583.5,18243.5,16982.5,20729.5,20669.5,24937.5,52067.5,64678.5,55412.5,63898.5,18929.25,15147.25,13792.25,15552.25,44436.75,34421.75,39548.75,44878.75,32835.25,28030.25,27987.25,34474.25
4 h 32 min,181187.5,183346.5,173532.5,179262.5,3515.5,3886.5,3388.5,4221.5,10885.75,9977.75,9456.75,12177.75,12266.5,16155.5,15343.5,18256.5,17075.5,20853.5,20816.5,25960.5,52434.5,64491.5,55772.5,64212.5,18975.25,15362.25,13788.25,16001.25,44890.75,35150.75,39850.75,45697.75,33260.25,28244.25,28384.25,35060.25
4 h 35 min,182315.5,183965.5,177186.5,182301.5,3253.5,3963.5,3138.5,4151.5,11143.75,10736.75,9991.75,12202.75,12424.5,16625.5,15759.5,18831.5,17057.5,21296.5,20991.5,25735.5,53527.5,65562.5,56193.5,65729.5,19114.25,15514.25,13278.25,15901.25,45608.75,35393.75,40142.75,45894.75,33566.25,28642.25,28431.25,35031.25
4 h 37 min,183992.5,185697.5,177928.5,185120.5,3427.5,3660.5,3780.5,4252.5,11388.75,10513.75,9858.75,12654.75,12576.5,16789.5,15572.5,18412.5,17096.5,21528.5,21585.5,25908.5,53798.5,65891.5,58374.5,65936.5,19523.25,15949.25,13703.25,15690.25,45469.75,36158.75,40695.75,46852.75,33691.25,28990.25,29035.25,35017.25
4 h 39 min,185354.5,186742.5,177365.5,187059.5,3550.5,4118.5,3515.5,4333.5,10854.75,10530.75,9479.75,12457.75,12355.5,16755.5,16191.5,19627.5,16986.5,21694.5,21662.5,26298.5,54539.5,66761.5,58856.5,66716.5,19577.25,15833.25,13507.25,16597.25,46878.75,36713.75,41118.75,46848.75,34329.25,28806.25,29094.25,35331.25
4 h 42 min,186467.5,188379.5,180059.5,187746.5,3413.5,4071.5,3819.5,3968.5,10805.75,11037.75,9786.75,12645.75,12586.5,17223.5,16495.5,18856.5,17666.5,22137.5,21871.5,26574.5,54787.5,67784.5,58792.5,67729.5,19532.25,16031.25,14321.25,16476.25,47168.75,36822.75,40928.75,47116.75,34121.25,29580.25,29137.25,35762.25
4 h 44 min,186907.5,189960.5,181792.5,188915.5,3393.5,4238.5,3551.5,4422.5,11136.75,10720.75,10152.75,12500.75,12121.5,16862.5,16275.5,18933.5,17080.5,22350.5,21899.5,26563.5,55555.5,68600.5,59677.5,68187.5,20282.25,16428.25,13756.25,17083.25,47585.75,37635.75,41765.75,47781.75,34904.25,29747.25,29286.25,36401.25
4 h 46 min,189190.5,190758.5,183813.5,189658.5,3819.5,4399.5,4136.5,4399.5,11519.75,10832.75,10241.75,12770.75,12833.5,17269.5,16218.5,19640.5,18049.5,22272.5,22180.5,26704.5,56564.5,69096.5,60055.5,68821.5,19757.25,16602.25,14433.25,16920.25,48383.75,38115.75,41896.75,48267.75,34861.25,30506.25,29540.25,36663.25
4 h 49 min,191789.5,193522.5,183786.5,192476.5,3453.5,3949.5,3776.5,4110.5,11275.75,11131.75,9978.75,12339.75,12746.5,17303.5,16052.5,19316.5,17619.5,22446.5,22434.5,26401.5,57088.5,69625.5,60838.5,69642.5,20335.25,16535.25,14998.25,17852.25,48512.75,37762.75,43130.75,49249.75,36188.25,30338.25,30383.25,37486.25
4 h 51 min,191844.5,195075.5,186316.5,193838.5,3475.5,3998.5,4054.5,4560.5,11921.75,11011.75,10210.75,12901.75,12855.5,17557.5,16761.5,19665.5,17984.5,22868.5,22811.5,27262.5,57444.5,70944.5,61595.5,70778.5,20006.25,17046.25,14688.25,17049.25,48963.75,38571.75,42883.75,49489.75,35651.25,30237.25,30432.25,36855.25
4 h 53 min,193577.5,197207.5,187512.5,194938.5,3576.5,4265.5,3761.5,4339.5,11884.75,11814.75,10350.75,13206.75,12840.5,17574.5,16812.5,19778.5,17886.5,22721.5,22892.5,27416.5,58150.5,71282.5,62511.5,71632.5,20056.25,16978.25,14967.25,18171.25,49465.75,38774.75,43100.75,49804.75,36212.25,31123.25,31159.25,37564.25
4 h 56 min,194195.5,198032.5,188599.5,197729.5,3961.5,4404.5,3939.5,4284.5,12169.75,10946.75,10214.75,13113.75,12910.5,17711.5,16517.5,20138.5,18400.5,23450.5,23315.5,27697.5,58131.5,72750.5,63320.5,72548.5,20805.25,17500.25,14966.25,18097.25,49587.75,38633.75,43535.75,50325.75,36896.25,31421.25,30496.25,37755.25
4 h 58 min,196560.5,199613.5,190510.5,198692.5,3600.5,4189.5,4019.5,4373.5,11747.75,11635.75,9820.75,13176.75,12815.5,18000.5,17322.5,20075.5,18081.5,23326.5,23200.5,28063.5,59210.5,72507.5,64149.5,72479.5,20597.25,17469.25,15150.25,17857.25,50416.75,39607.75,44163.75,51005.75,37513.25,31348.25,31004.25,38500.25
5 h 1 min,197743.5,199366.5,191170.5,200493.5,3577.5,4572.5,4126.5,4500.5,11925.75,11410.75,10567.75,13489.75,12757.5,18154.5,16870.5,20443.5,18368.5,23646.5,23076.5,28352.5,59414.5,73935.5,64661.5,73502.5,20703.25,17920.25,14927.25,17892.25,50435.75,39931.75,44175.75,51895.75,37392.25,32268.25,31213.25,38684.25
