time,negative control,negative control,negative control,3 nM sfGFP,3 nM sfGFP,3 nM sfGFP
0 h ,46187,46173,47043,47299,46400,48014
0 h 1 min,46024,46120,47440,46838,46561,47871
0 h 2 min,46245,45482,46989,47014,46115,47862
0 h 3 min,45667,45516,46874,46842,46176,47875
0 h 4 min,45863,45553,46621,47125,46289,47797
0 h 5 min,45548,45960,47025,46867,46557,47794
0 h 6 min,45822,46094,46887,47573,46702,48734
0 h 7 min,45573,45935,47127,47657,47150,48562
0 h 8 min,45299,45559,46969,47731,47232,48804
0 h 9 min,45792,45860,46841,48759,48016,49253
0 h 10 min,45354,45580,47127,48811,47807,48947
0 h 11 min,45926,45839,47119,49406,48376,50163
0 h 12 min,45537,45949,47218,50050,48756,50595
0 h 13 min,45723,45722,46910,50568,49059,51060
0 h 14 min,45907,45851,47118,51418,49756,51748
0 h 15 min,45699,45785,46567,52329,50672,52534
0 h 16 min,45778,45888,47143,52602,51649,53288
0 h 17 min,45720,45975,46838,53636,52216,54488
0 h 18 min,45654,45923,46976,54509,53222,54875
0 h 19 min,45532,45652,46641,55315,54035,55916
0 h 20 min,45899,46062,46989,56476,54744,56792
0 h 21 min,46028,45987,46730,57671,56228,57544
0 h 22 min,45475,45989,46881,58462,56813,58750
0 h 23 min,45451,45778,46722,59381,57754,59674
0 h 24 min,45419,45760,46703,60569,58976,60323
0 h 25 min,45270,45789,46801,61544,60204,61382
0 h 26 min,44745,45715,46272,62937,61151,62701
0 h 27 min,45108,45321,46530,64127,62123,63641
0 h 28 min,45185,45348,46433,65369,63104,65335
0 h 29 min,45587,45525,46311,67012,64335,65883
0 h 30 min,45160,45631,46723,67203,65127,67509
0 h 31 min,44929,45427,46333,69017,66945,68818
0 h 32 min,45309,45375,46396,70047,67730,69932
0 h 33 min,45272,45156,46341,71757,69299,70723
0 h 34 min,44941,44943,46212,73301,70808,72019
0 h 35 min,44806,45229,46720,74449,71413,73464
0 h 36 min,45059,45237,46271,75639,72473,74619
0 h 37 min,44431,45469,46166,77165,74209,75781
0 h 38 min,44947,44792,46235,78500,75754,77512
0 h 39 min,44652,45183,46324,79832,77361,78807
0 h 40 min,44929,44766,45877,82035,78700,80031
0 h 41 min,44351,44874,46006,83384,79725,82241
0 h 42 min,44268,44804,45446,84688,81254,83108
0 h 43 min,44216,44706,45799,86103,83187,84608
0 h 44 min,44316,44349,45916,88122,84591,86740
0 h 45 min,44193,44519,45565,90154,86336,88364
0 h 46 min,44177,44922,45623,91849,87389,89538
0 h 47 min,44133,44395,45473,93466,89174,91101
0 h 48 min,43859,44711,45614,95472,90959,93037
0 h 49 min,43838,44622,45402,96917,92127,94208
0 h 50 min,43897,44433,45252,98940,93878,95968
0 h 51 min,43879,44392,45441,100259,95667,97543
0 h 52 min,44229,44402,45328,102585,97514,99291
0 h 53 min,43960,43985,45439,103841,99695,101013
0 h 54 min,43659,44462,45228,106092,101508,102718
0 h 55 min,44113,44272,45375,107645,102851,104064
0 h 56 min,43823,44472,45207,109250,104747,105609
0 h 57 min,43837,44445,45508,111085,106993,106999
0 h 58 min,43942,44455,44883,112115,108079,108905
0 h 59 min,43865,44174,45208,114491,109627,110557
1 h ,43808,44383,45324,116416,111797,112190
1 h 1 min,44207,44225,45330,118490,113328,113840
1 h 2 min,43778,44037,45419,119496,114388,115148
1 h 3 min,43600,44380,45055,122049,116144,117189
1 h 4 min,43886,43843,45183,123370,118424,119466
1 h 5 min,43807,43994,45215,125726,120705,120896
1 h 6 min,43874,43931,45221,127097,122062,122801
1 h 7 min,43768,44057,45219,129546,124363,124030
1 h 8 min,44094,44177,45451,131262,125652,125768
1 h 9 min,43785,44401,45350,133448,128224,127791
1 h 10 min,43910,44173,45172,135455,129332,129529
1 h 11 min,43923,43872,45408,137589,131126,130971
1 h 12 min,43649,44282,45199,139163,133659,132975
1 h 13 min,43879,44026,45557,141690,135819,134550
1 h 14 min,43813,44234,45259,143051,136998,136523
1 h 15 min,43704,43918,45387,145123,140007,138466
1 h 16 min,43389,44128,45200,147795,141577,140071
1 h 17 min,43720,44172,45433,149633,143312,142815
1 h 18 min,43649,44245,44749,149632,144431,143600
1 h 19 min,43930,44317,45428,153688,147663,146275
1 h 20 min,43981,44878,45016,156030,150292,147757
1 h 21 min,44044,44338,44967,158241,152231,149331
1 h 22 min,44124,44492,45453,159546,154556,151521
1 h 23 min,43965,44322,45152,162189,157149,153622
1 h 24 min,43926,44569,45208,164795,158873,155474
1 h 25 min,44013,44473,45019,166095,160622,157969
1 h 26 min,44226,44449,45336,168475,161239,159459
1 h 27 min,43760,44041,45425,171216,163419,161371
1 h 28 min,43803,44749,45323,173128,165447,163330
1 h 29 min,43817,44158,45165,174150,168182,164992
1 h 30 min,43844,44615,45572,177367,170718,166187
1 h 31 min,43951,44478,45619,179749,171906,169563
1 h 32 min,43937,44061,45441,181003,173826,170342
1 h 33 min,43570,44230,45450,183373,176965,172722
1 h 34 min,43938,44122,45249,185122,177868,175078
1 h 35 min,43775,44778,45353,186198,180765,176623
1 h 36 min,43923,44408,45480,189354,182009,177427
1 h 37 min,43769,43899,45286,190574,184667,179428
1 h 38 min,43571,44323,45188,193111,186734,182232
1 h 39 min,43641,44257,45414,195185,189538,184114
1 h 40 min,43882,44301,45336,198357,190934,186251
1 h 41 min,43733,44155,45532,200574,193300,188153
1 h 42 min,44041,44315,45121,202775,194971,190013
1 h 43 min,44055,44619,45088,204354,197029,192482
1 h 44 min,44473,44044,45383,206002,198325,194343
1 h 45 min,43848,44521,45269,208259,201263,195418
1 h 46 min,44035,44442,45407,210884,202993,197698
1 h 47 min,43851,44160,45194,212798,204303,199754
1 h 48 min,44359,44018,45445,213737,207400,201425
1 h 49 min,44282,44555,45461,216683,208737,201913
1 h 50 min,44253,44542,46002,217765,211154,204470
1 h 51 min,43753,44444,45390,219793,212435,206568
1 h 52 min,43418,44245,45624,221286,213518,208355
1 h 53 min,43996,44371,45442,223985,217121,210105
1 h 54 min,43647,44317,45219,226191,218820,212556
1 h 55 min,44039,44493,45380,227684,221601,214729
1 h 56 min,44105,44295,45813,230110,222368,216589
1 h 57 min,44340,44660,45208,233028,224437,217203
1 h 58 min,43854,44583,45745,234535,227410,219418
1 h 59 min,43852,44060,45434,235467,228849,221135
2 h ,44146,44378,45205,237933,230014,222492
2 h 1 min,43643,44160,45454,240029,232699,224588
2 h 2 min,43906,44004,45344,240550,233891,226451
2 h 3 min,43991,44296,45632,243523,236508,228041
2 h 4 min,44047,44375,45274,245441,237769,230493
2 h 5 min,44213,44552,45266,248620,240385,231932
2 h 6 min,43684,44430,45522,249209,240810,233370
2 h 7 min,44286,44237,45471,251853,242386,235782
2 h 8 min,43947,44420,45461,253278,245277,236741
2 h 9 min,44279,44592,45757,256183,247688,240084
2 h 10 min,44299,44653,45590,256580,249058,240344
2 h 11 min,44087,44432,45672,260293,252209,242441
2 h 12 min,44238,44402,45633,260855,254059,244441
2 h 13 min,44091,44307,45545,263403,255731,245989
2 h 14 min,44340,44448,45883,265143,257758,247565
2 h 15 min,44202,44720,45424,267966,259553,249154
2 h 16 min,43713,44874,45717,269336,262554,251648
2 h 17 min,44278,44461,45286,271158,261663,253032
2 h 18 min,43786,44580,45463,272706,265239,255279
2 h 19 min,43936,44227,45692,273323,266582,257334
2 h 20 min,44086,43892,45459,275940,267541,258279
2 h 21 min,43847,45046,45397,278269,269994,259403
2 h 22 min,43946,44448,45569,280763,272008,260827
2 h 23 min,43870,44466,45312,282188,274570,262622
2 h 24 min,43985,44221,45553,281804,275584,264225
2 h 25 min,44029,44685,45404,286312,278009,266637
2 h 26 min,43952,44308,45332,286928,278872,267979
2 h 27 min,43888,44887,45000,290353,282722,270720
2 h 28 min,44119,44453,45260,292710,284147,273570
2 h 29 min,44284,44545,45494,293231,285695,273981
2 h 30 min,43853,44830,45858,294943,287257,276406
2 h 31 min,43785,44453,45580,296834,288312,277694
2 h 32 min,43756,44221,45442,298725,290449,278776
2 h 33 min,43940,44354,45387,298040,290230,280420
2 h 34 min,44151,44269,45567,302342,295409,282201
2 h 35 min,44107,43943,45646,301342,293833,281516
2 h 36 min,43689,44524,45440,308507,297862,285695
2 h 37 min,44488,44552,45527,307466,299807,288449
2 h 38 min,44107,44573,45839,311042,301684,290175
2 h 39 min,43967,44574,45555,311905,302958,291107
2 h 40 min,43987,44469,45489,313289,304740,292833
2 h 41 min,44317,44628,45378,315646,307096,294025
2 h 42 min,44102,44412,45617,318523,307589,296341
2 h 43 min,44080,44180,45514,319372,309206,297492
2 h 44 min,44110,44628,45637,321907,312563,299437
2 h 45 min,44395,44857,45552,324771,315550,301712
2 h 46 min,44038,44540,45349,325990,316385,303150
2 h 47 min,43708,44466,45467,326771,318263,305246
2 h 48 min,44087,44542,45586,328292,320509,305918
2 h 49 min,44202,44840,45425,330785,322113,308466
2 h 50 min,44254,44431,45446,331895,323620,310508
2 h 51 min,44414,44485,45635,335129,326223,312042
2 h 52 min,44207,44337,45544,336362,326963,312549
2 h 53 min,43805,44539,45579,338732,330018,316358
2 h 54 min,43917,44735,45331,340760,332032,315974
2 h 55 min,43930,44590,45284,342842,333032,317756
2 h 56 min,43819,44435,45596,344719,335499,320318
2 h 57 min,44054,44738,45508,346829,338896,322565
2 h 58 min,44080,44360,45129,346117,338951,323907
2 h 59 min,44227,44817,45886,349528,341280,324976
3 h ,44035,44286,45475,349665,341965,325894
3 h 1 min,44154,44691,45495,352652,344103,328442
3 h 2 min,44139,44569,45442,353461,347309,330621
3 h 3 min,43968,44432,45522,357818,348693,332594
3 h 4 min,44065,44431,45865,358900,351474,334265
3 h 5 min,44281,44516,45619,361065,352132,336005
3 h 6 min,43714,44475,45549,363791,355077,337937
3 h 7 min,44029,44858,45624,365381,355680,339623
3 h 8 min,44220,44467,45650,364134,356448,339006
3 h 9 min,44005,44566,46062,369546,359791,342664
3 h 10 min,43830,44923,45599,369710,360517,344185
3 h 11 min,44126,44380,45795,373451,363367,345774
3 h 12 min,43475,44242,45850,373478,364545,347186
3 h 13 min,44053,44668,45402,375314,365723,349063
3 h 14 min,43989,44617,45603,377218,369751,351337
3 h 15 min,44024,44259,45257,378986,371354,352995
3 h 16 min,44212,44495,45730,380740,371697,354516
3 h 17 min,44065,44527,45584,382110,373081,356900
3 h 18 min,43887,44736,45436,384603,375369,357612
3 h 19 min,44271,44500,45508,382987,374780,356461
3 h 20 min,43903,44401,45597,385535,376753,358366
3 h 21 min,43965,44590,45447,390974,381178,363010
3 h 22 min,43968,44602,45919,392427,383411,363545
3 h 23 min,43888,44561,45770,393413,385672,367134
3 h 24 min,43852,44402,45758,395386,384850,367107
3 h 25 min,44027,44773,45741,396797,386919,369970
3 h 26 min,44086,44460,45736,398318,390056,369573
3 h 27 min,43965,44211,46117,402017,392851,373711
3 h 28 min,44271,44212,45813,404744,395263,374245
3 h 29 min,44110,44481,45722,407375,396893,377766
3 h 30 min,44089,44511,45745,408210,399483,377917
3 h 31 min,44429,44649,45613,409690,401154,379301
3 h 32 min,44691,44729,45538,411362,402333,381918
3 h 33 min,44199,44520,46017,412704,403894,383247
3 h 34 min,43887,44586,45327,417541,407073,384617
3 h 35 min,44175,44541,45424,417554,408073,386384
3 h 36 min,44365,44824,45299,419336,409813,387768
3 h 37 min,44133,44665,45793,421062,413787,389837
3 h 38 min,43917,44388,45943,423295,411910,392728
3 h 39 min,44144,44678,45917,423268,413417,393797
3 h 40 min,44285,44787,45744,424008,415088,394701
3 h 41 min,44346,44612,45670,426926,418048,395605
3 h 42 min,44351,44842,46088,429557,418705,398948
3 h 43 min,44083,44478,45528,431173,421583,398606
3 h 44 min,44442,44756,45788,432283,424021,402127
3 h 45 min,44521,44971,45653,435010,425501,403579
3 h 46 min,43943,44336,45781,436311,427104,404991
3 h 47 min,44151,44881,45790,435284,428748,406224
3 h 48 min,43940,44532,45511,438586,430968,409279
3 h 49 min,44227,44761,46080,441175,432475,409142
3 h 50 min,44165,44404,45944,443518,435229,410800
3 h 51 min,44134,44619,45686,446656,436270,413746
3 h 52 min,44723,44598,45967,449821,439956,416541
3 h 53 min,44211,44843,45774,450245,440929,417089
3 h 54 min,44013,44492,45601,452205,442381,418815
3 h 55 min,44348,44677,45823,453972,443902,420733
3 h 56 min,44286,44883,45957,455000,447368,422007
3 h 57 min,44588,44645,45940,456822,446382,424898
3 h 58 min,44183,44370,45907,458589,448834,425898
3 h 59 min,44030,45243,45795,462316,452451,427734
4 h ,44299,44440,45846,464357,451972,430858
4 h 1 min,44401,45215,45929,465906,456041,431721
4 h 2 min,44217,44699,46229,467714,457904,432872
4 h 3 min,44325,44526,46308,470098,460028,435996
4 h 4 min,44328,44550,46257,470194,459959,436010
4 h 5 min,44355,44420,45753,469673,462453,437284
4 h 6 min,44192,44741,45901,474989,463289,439353
4 h 7 min,44384,44805,46051,476058,466495,442011
4 h 8 min,44160,44774,46049,477743,467879,443792
4 h 9 min,44383,44115,45882,480251,470564,445957
4 h 10 min,44250,44840,45445,482936,472989,445861
4 h 11 min,44211,44788,45865,484443,475250,448779
4 h 12 min,44277,44802,45908,486978,477647,450958
4 h 13 min,44306,45011,45925,487964,479168,451999
4 h 14 min,44352,44454,46142,489307,479744,453712
4 h 15 min,44651,45169,45675,491814,481100,454547
4 h 16 min,44345,44903,46096,494103,482813,456904
4 h 17 min,44357,44359,45801,494993,484224,456356
4 h 18 min,44572,44595,46463,496966,485156,459932
4 h 19 min,44342,44771,45733,498350,487786,462494
4 h 20 min,44377,44588,46056,500049,489978,462097
4 h 21 min,44389,45005,45765,503118,492883,466865
4 h 22 min,44211,44973,45942,505968,496199,467536
4 h 23 min,44368,44910,46031,508365,497994,469221
4 h 24 min,44729,44845,45762,510599,500528,472126
4 h 25 min,44416,44734,45587,511613,500063,473510
4 h 26 min,44530,45045,46162,513599,502926,474606
4 h 27 min,44221,45197,46229,516024,504913,477415
4 h 28 min,44428,45130,45676,516805,506173,478127
4 h 29 min,44149,44914,46015,518943,508489,480895
4 h 30 min,44485,45118,46258,521025,510763,481415
4 h 31 min,44716,44738,46232,522409,512668,482731
4 h 32 min,44775,44947,45902,527013,513353,484169
4 h 33 min,44674,45064,45960,526588,516134,486403
4 h 34 min,44431,45203,45818,527108,516545,487951
4 h 35 min,44879,44877,46009,529917,518463,488814
4 h 36 min,44422,45055,46289,530767,519970,490540
4 h 37 min,44260,45060,46031,532452,521573,492390
4 h 38 min,44345,44932,46109,534274,523026,494404
4 h 39 min,44678,45043,46103,536535,525245,496048
4 h 40 min,44493,45098,46417,537179,528205,496678
4 h 41 min,44429,45508,46488,541097,530109,500172
4 h 42 min,44231,44916,46304,540960,530561,500200
4 h 43 min,44729,45222,46221,542700,531644,502638
4 h 44 min,44693,45059,46508,544660,534096,503611
4 h 45 min,44519,45113,45858,544838,533397,503995
4 h 46 min,44693,45279,46239,547441,533808,505447
4 h 47 min,44092,45170,46186,549071,540960,507721
4 h 48 min,44331,44993,46465,549743,537562,508475
4 h 49 min,44585,45151,46289,546646,537878,508653
4 h 50 min,44329,44750,46249,547551,538850,509818
4 h 51 min,44625,44935,46376,553360,542974,514188
4 h 52 min,44304,44820,46013,555922,545811,513736
4 h 53 min,44640,44998,45987,558868,546482,517052
4 h 54 min,44460,45120,46418,559457,549195,517984
4 h 55 min,45005,44989,46355,561430,552360,519039
4 h 56 min,44733,45199,46191,561265,552017,521861
4 h 57 min,44521,45181,46386,564581,554264,522683
4 h 58 min,44594,45108,45901,565006,556812,522121
4 h 59 min,44346,45218,45979,571075,558621,529040
5 h ,44398,45064,46187,572870,560786,529931
5 h 1 min,44832,45126,46207,576432,564348,531589
5 h 2 min,44624,45218,46645,576432,564732,532356
5 h 3 min,44969,45319,46144,575460,566677,533384
5 h 4 min,44581,45328,46421,577213,566513,535028
5 h 5 min,44345,44750,46295,579789,569924,536124
5 h 6 min,44605,45117,46214,582858,571459,539330
5 h 7 min,44803,45176,46296,583009,571075,538837
5 h 8 min,44256,45167,46546,587051,574528,541399
5 h 9 min,44735,45008,46107,588161,575501,541412
5 h 10 min,44691,45216,46613,590599,577515,545441
5 h 11 min,44444,45127,46304,591326,580173,546824
5 h 12 min,44204,44826,45787,591901,580639,546016
5 h 13 min,44438,45152,46159,590997,583105,548030
5 h 14 min,45240,45217,46371,593751,583132,551058
5 h 15 min,44455,45206,46394,589997,580433,547948
5 h 16 min,45159,45527,46580,598409,586119,551647
5 h 17 min,44726,45229,46424,592833,585379,552305
5 h 18 min,44874,45744,46788,603013,590229,555634
5 h 19 min,44692,45233,46570,604273,591380,559128
5 h 20 min,44624,45011,46323,602451,590969,557909
5 h 21 min,44760,45163,45982,605506,595367,560950
5 h 22 min,45072,45157,46399,606356,596888,560745
5 h 23 min,44804,45359,46574,611110,600012,563184
5 h 24 min,44526,45010,46859,610576,599834,563800
5 h 25 min,44839,45529,46354,613562,601177,566061
5 h 26 min,44673,45426,46420,614659,603287,567088
5 h 27 min,44887,45063,46272,616015,605328,569404
5 h 28 min,44589,45932,46600,619906,608246,571267
5 h 29 min,44995,45524,46398,620112,609658,570061
5 h 30 min,44879,45443,46190,622276,612179,573021
5 h 31 min,44503,45485,46679,622002,610850,573720
5 h 32 min,44917,45587,46541,624044,613467,575487
5 h 33 min,44810,45493,46346,626894,613864,576569
5 h 34 min,45016,45619,46469,628593,616344,576693
5 h 35 min,44804,45335,46471,631484,618344,581968
5 h 36 min,45375,45273,46667,630977,620906,582365
5 h 37 min,44613,45351,46616,633374,619372,580995
5 h 38 min,45687,45564,47224,636745,621975,587078
5 h 39 min,45151,45723,46777,636046,624181,586544
5 h 40 min,45528,45449,46803,639471,626359,589092
5 h 41 min,44809,45274,46873,636704,624934,587983
5 h 42 min,44597,45442,46724,640403,630045,590312
5 h 43 min,45341,45409,46440,640471,628771,591216
5 h 44 min,44930,45602,46523,643266,632771,593915
5 h 45 min,45192,45455,46756,645774,633415,593888
5 h 46 min,45209,45479,46586,645596,633018,596203
5 h 47 min,44852,45549,46768,646404,633731,596614
5 h 48 min,45044,45446,46538,647897,637759,599793
5 h 49 min,44679,45327,46792,650213,636731,600738
5 h 50 min,45191,45491,46655,651939,638800,599944
5 h 51 min,44758,45140,46545,651843,641266,603314
5 h 52 min,45194,45461,46702,647925,637156,600752
5 h 53 min,44878,45654,46708,658201,646171,605342
5 h 54 min,45004,45481,46700,658913,645472,608246
5 h 55 min,45033,45166,46947,657159,647980,606493
5 h 56 min,44886,45346,46853,658790,646911,608397
5 h 57 min,45006,45328,46796,659050,648939,610288
5 h 58 min,44872,45506,46858,659900,647897,611439
5 h 59 min,44999,45731,46724,660941,648733,611069
6 h ,45091,45605,46695,664215,651706,612576
6 h 1 min,44797,45596,46829,666586,653789,615371
6 h 2 min,45105,45334,47195,667572,656968,617248
6 h 3 min,44832,45419,46892,667148,656091,615933
6 h 4 min,44909,45692,46617,667093,657050,618933
6 h 5 min,45266,45391,46968,671039,660091,621071
6 h 6 min,45479,45672,46833,670395,657680,622098
6 h 7 min,45406,45552,46991,672710,659735,621537
6 h 8 min,45098,45586,46284,674313,663640,623866
6 h 9 min,45287,45960,46808,676190,663928,624756
6 h 10 min,44977,45759,47206,677259,666147,627771
6 h 11 min,44890,45819,46838,678300,665202,627702
6 h 12 min,44843,45693,46891,680766,669216,628593
6 h 13 min,45077,45738,47347,680109,670175,629223
6 h 14 min,44825,45308,46922,683205,672559,632045
6 h 15 min,45026,45473,46950,683520,672943,634566
6 h 16 min,45079,45697,47082,687987,676012,633785
6 h 17 min,45106,45851,46764,686685,678218,636279
6 h 18 min,45215,45473,46764,690837,680396,638142
6 h 19 min,44750,45444,46822,686124,675396,636621
6 h 20 min,45272,45743,46834,690426,678314,639430
6 h 21 min,45138,45622,46879,694331,683123,640567
6 h 22 min,44959,45311,46484,698345,683712,642486
6 h 23 min,45165,45579,47218,698085,685548,642677
6 h 24 min,45428,45907,47440,699455,686562,647267
6 h 25 min,45451,46056,46925,698057,684753,644938
6 h 26 min,44764,45774,47385,701030,686795,646130
6 h 27 min,45124,45510,46549,701277,689658,646952
6 h 28 min,45045,45601,46678,703277,691631,647651
6 h 29 min,45370,45672,47086,706059,693741,649131
6 h 30 min,45121,45534,47088,704757,694591,653200
6 h 31 min,45529,45794,47230,707264,695303,653008
6 h 32 min,45210,46376,46913,710566,696509,654460
6 h 33 min,45788,45603,47475,710621,699085,656255
6 h 34 min,45156,45562,47034,713581,702222,658077
6 h 35 min,45217,46231,47359,714868,703414,659256
6 h 36 min,45099,45775,46861,713252,701058,658762
6 h 37 min,45816,45737,47185,718581,705250,662517
6 h 38 min,45419,45605,47317,720746,706908,664339
6 h 39 min,45290,45893,47099,720856,709265,664120
6 h 40 min,45322,45763,46992,722267,707812,664983
6 h 41 min,45372,45874,47073,725912,711799,667106
6 h 42 min,45600,46096,47250,726583,711950,667709
6 h 43 min,45599,45762,46624,725733,714087,669723
6 h 44 min,45444,45930,47396,727378,715293,670655
6 h 45 min,45484,45977,47147,726556,715047,671203
6 h 46 min,45277,45904,46997,726857,716417,672121
6 h 47 min,45447,46437,47168,731118,718938,674943
6 h 48 min,45125,46067,46982,732104,720856,675286
6 h 49 min,45491,45408,46918,734310,722130,676026
6 h 50 min,45675,45953,46888,733420,723637,676656
6 h 51 min,45201,45634,47379,736461,724322,677999
6 h 52 min,45371,45769,47328,736585,724857,679410
6 h 53 min,45479,45934,47050,738010,726035,682191
6 h 54 min,45413,45734,47375,739188,726679,682205
6 h 55 min,45462,45628,47328,731461,721198,677985
6 h 56 min,45503,46378,47267,741394,728309,682205
6 h 57 min,45752,45822,47011,740544,729255,684630
6 h 58 min,45549,46143,47397,740298,729871,684795
6 h 59 min,45550,46080,47310,741599,729296,686384
7 h ,45619,46014,47510,745696,734132,686562
7 h 1 min,45540,45624,47069,743230,733995,687151
7 h 2 min,45554,45900,47226,742887,731173,688398
7 h 3 min,45427,45885,47138,746066,739558,690357
7 h 4 min,45499,45704,47457,748422,737749,692823
7 h 5 min,45889,46457,47283,751793,741229,695153
7 h 6 min,45613,46057,47485,752916,740709,694591
7 h 7 min,45780,46027,47446,754040,743134,697372
7 h 8 min,45331,46335,47726,755136,744038,698633
7 h 9 min,45255,46001,47187,758630,746518,700373
7 h 10 min,45573,45997,47482,759178,749149,700825
7 h 11 min,45412,46076,47545,760000,747559,699304
7 h 12 min,45561,45854,47409,762535,748053,703360
7 h 13 min,45534,46283,47952,762959,750313,703716
7 h 14 min,46149,46219,47491,766302,752711,706250
7 h 15 min,45707,46328,47191,766330,755766,706538
7 h 16 min,45750,46041,47415,758027,748203,704784
7 h 17 min,45556,46111,47616,769317,759657,710018
7 h 18 min,46053,46579,47567,770262,757369,710237
7 h 19 min,45834,46211,47325,765604,756492,708854
7 h 20 min,46140,46172,47565,770550,760027,711704
7 h 21 min,45889,46698,47822,770057,760740,711635
7 h 22 min,45392,46515,47836,773263,763110,714978
7 h 23 min,45207,46199,47644,776359,763946,717362
7 h 24 min,44924,46634,47423,775263,766316,718650
7 h 25 min,45503,46174,47642,779839,767124,718349
7 h 26 min,45614,46867,47780,779538,769111,720116
7 h 27 min,45907,46335,47370,783086,771947,722856
7 h 28 min,45204,46647,47804,783401,770755,721829
7 h 29 min,45788,46454,47945,783429,773139,723171
7 h 30 min,46029,46611,47548,785881,773838,725377
7 h 31 min,46247,46733,47710,788265,777674,725638
7 h 32 min,45783,46256,47258,787210,776332,726734
7 h 33 min,45264,46397,47142,786881,775414,728679
7 h 34 min,45723,46162,47707,789033,779181,727994
7 h 35 min,45550,46263,47606,788923,780127,728528
7 h 36 min,45546,46259,47564,790786,782251,731049
7 h 37 min,45646,46333,47384,791923,784634,734036
7 h 38 min,46058,46284,47602,792252,782168,731132
7 h 39 min,45662,46590,48041,794856,786265,733927
7 h 40 min,45800,46738,47868,799349,789074,737379
7 h 41 min,46218,46486,47880,796691,790101,735817
7 h 42 min,45811,46487,47818,798569,792115,738421
7 h 43 min,45774,46127,47439,798473,789457,741325
7 h 44 min,46324,46486,47712,805844,796034,740996
7 h 45 min,46045,46522,47522,799034,790896,741956
7 h 46 min,46077,46702,47778,804487,795869,743422
7 h 47 min,45872,46475,47498,806132,798103,746244
7 h 48 min,45921,46700,48191,806762,798171,747409
7 h 49 min,45718,46473,47879,809255,799925,748779
7 h 50 min,45525,46373,47841,807707,799870,748477
7 h 51 min,45788,46524,47688,809201,800377,749039
7 h 52 min,45503,46293,47573,809803,804611,750532
7 h 53 min,46224,46581,47880,811790,805309,752122
7 h 54 min,46049,46370,47421,813407,807255,754519
7 h 55 min,45841,46897,48415,810927,805871,752464
7 h 56 min,46098,46382,47564,817147,809324,755561
7 h 57 min,45966,46575,47829,816627,810447,754972
7 h 58 min,46101,46636,47883,819942,812133,759575
7 h 59 min,45704,46418,47770,817271,810680,759383
8 h ,45972,46701,47987,821943,814955,757273
8 h 1 min,46006,46530,47720,820723,815133,761110
8 h 2 min,45930,47024,47728,824738,816407,761493
8 h 3 min,45887,46325,47736,824628,817175,764357
8 h 4 min,46177,46625,47823,823600,817038,764357
8 h 5 min,46128,46448,47905,825450,818134,764247
8 h 6 min,46139,46720,48335,830465,822998,767412
8 h 7 min,46147,46679,48347,823231,817298,763192
8 h 8 min,46247,46786,47813,832260,824628,769563
8 h 9 min,46245,46609,47877,831506,827327,770385
8 h 10 min,46034,46227,47856,831629,823861,770440
8 h 11 min,46221,46997,47957,834178,828684,773413
8 h 12 min,45926,46540,47933,835137,828766,775263
8 h 13 min,45356,46527,48527,834205,826491,774249
8 h 14 min,46011,46678,48163,839069,834698,777277
8 h 15 min,45880,46731,47922,840151,834233,778688
8 h 16 min,45979,46653,48304,840439,834465,779880
8 h 17 min,46425,46995,47871,841330,838726,780360
8 h 18 min,45991,46471,48290,841343,836904,779181
8 h 19 min,45911,46735,47797,843179,840960,782662
8 h 20 min,46378,46964,48511,847618,840699,783237
8 h 21 min,46485,47045,48566,844892,838288,782799
8 h 22 min,46047,46578,47739,847194,844056,786731
8 h 23 min,45912,46697,48269,847057,843248,787416
8 h 24 min,46426,47476,48275,846125,843673,786059
8 h 25 min,46275,46802,47970,852318,847112,787799
8 h 26 min,46048,46723,48317,852441,849701,792526
8 h 27 min,45777,46983,48116,852948,847865,793170
8 h 28 min,46190,46986,48562,856236,851756,793896
8 h 29 min,45959,46530,47859,856976,852181,793307
8 h 30 min,45680,47065,48135,859484,852852,796527
8 h 31 min,45854,46757,47873,859799,855456,796486
8 h 32 min,45694,46833,48117,860991,855497,798281
8 h 33 min,45959,46695,48066,860251,858223,798719
8 h 34 min,46225,46706,48320,863662,859662,798295
8 h 35 min,46458,46888,48764,865211,861799,801350
8 h 36 min,46202,47087,48331,866142,864978,802117
8 h 37 min,46086,46478,47830,865649,864854,803199
8 h 38 min,46021,47066,48099,861922,861155,801775
8 h 39 min,46482,46587,48408,868266,867197,807830
8 h 40 min,46339,47180,48067,870513,868074,807173
8 h 41 min,46233,46744,48307,872856,869622,809036
8 h 42 min,46390,47095,48519,864813,861703,806433
8 h 43 min,46096,47121,48004,876226,873651,811626
8 h 44 min,46268,46973,48214,875226,873856,812790
8 h 45 min,46667,47245,48224,877816,877048,812270
8 h 46 min,45855,46976,48651,878432,877501,813969
8 h 47 min,46350,47258,48734,883008,879501,817421
8 h 48 min,46578,46851,48335,881967,880734,817928
8 h 49 min,46340,47336,48487,874363,873746,814640
8 h 50 min,46204,46908,48311,882214,881200,819216
8 h 51 min,46104,47376,48568,887174,884324,821230
8 h 52 min,46556,47275,48773,884474,884502,821860
8 h 53 min,46507,47210,48944,887420,886420,823340
8 h 54 min,46390,46528,48890,888708,888133,824902
8 h 55 min,46577,46836,48300,890969,891202,826560
8 h 56 min,46793,46839,48617,895518,893229,831122
8 h 57 min,46252,47022,48409,894970,893476,829519
8 h 58 min,46380,46992,48108,894641,893065,829958
8 h 59 min,46700,47177,48368,897778,895353,830588
9 h ,46398,46851,48183,896545,897943,832479
9 h 1 min,46015,47331,48421,900107,897326,834315
9 h 2 min,46255,47101,48488,899833,898052,835287
9 h 3 min,46748,46840,48564,901984,901053,837603
9 h 4 min,46131,47081,48263,902231,902601,839590
9 h 5 min,46178,46911,48348,906095,902628,840384
9 h 6 min,46540,47171,48228,906643,905670,840357
9 h 7 min,46676,47271,48226,907054,903259,842672
9 h 8 min,46387,47316,48223,907807,905396,841946
9 h 9 min,46456,47080,48393,910082,907273,843714
9 h 10 min,46422,47683,48612,909465,911000,845577
9 h 11 min,46939,47567,48949,911534,911096,845988
9 h 12 min,46981,47336,49083,915603,913041,848482
9 h 13 min,46372,47176,48057,917234,917124,851592
9 h 14 min,46281,46963,48480,915261,911945,849098
9 h 15 min,46419,47359,48305,919262,916288,853770
9 h 16 min,45988,47046,48652,921372,918782,853044
9 h 17 min,46783,47563,48685,918385,919851,853277
9 h 18 min,46625,47337,48808,925043,921741,855250
9 h 19 min,46365,47596,48963,925482,922385,857744
9 h 20 min,46595,47245,48800,925989,925359,858552
9 h 21 min,46403,47102,48524,927866,925852,859141
9 h 22 min,46371,47143,48882,927838,925961,862745
9 h 23 min,46557,46974,48530,925989,927030,860155
9 h 24 min,46444,47205,48705,934305,932154,864580
9 h 25 min,46874,47360,48572,934031,931250,864854
9 h 26 min,46202,46918,48734,933648,932963,865074
9 h 27 min,46705,47338,48921,935703,933881,866923
9 h 28 min,46215,47308,48547,938484,935401,873253
9 h 29 min,46972,47328,48572,931565,932045,865540
9 h 30 min,47209,47135,48579,941046,939635,871212
9 h 31 min,46430,46944,48422,941622,936319,875500
9 h 32 min,46874,47426,48800,942786,939758,872924
9 h 33 min,46315,47245,48244,944102,939238,870979
9 h 34 min,46772,46943,48683,941074,938101,871883
9 h 35 min,46584,47016,48656,944691,943403,876007
9 h 36 min,46633,47487,48645,944800,943362,875267
9 h 37 min,47002,47545,48849,944554,946965,876555
9 h 38 min,46540,47137,48706,949020,947363,879843
9 h 39 min,46500,47510,49150,944746,945362,878460
9 h 40 min,46727,47032,48634,953309,950349,882995
9 h 41 min,46783,47249,48869,951254,949678,883584
9 h 42 min,46411,47410,48998,954898,954323,885817
9 h 43 min,47005,47372,48793,957433,953268,888873
9 h 44 min,46782,47406,49039,957515,957679,885461
9 h 45 min,46204,47019,48617,959474,957515,887571
9 h 46 min,46842,47366,48728,958995,959885,887571
9 h 47 min,46673,47652,48932,959776,959625,890667
9 h 48 min,46784,47539,49136,965393,959817,891750
9 h 49 min,47126,47544,49171,965434,960749,892037
9 h 50 min,46946,47559,49078,963886,962776,892723
9 h 51 min,46931,47236,48665,961667,962543,891750
9 h 52 min,47006,47734,48640,966832,965393,895627
9 h 53 min,46473,47163,48791,969736,966763,897984
9 h 54 min,46745,47593,48822,972299,965832,900436
9 h 55 min,47297,47495,49083,970805,967229,902259
9 h 56 min,46917,47438,48843,971655,973395,899902
9 h 57 min,46859,47411,49332,971545,970641,901464
9 h 58 min,47297,47466,48927,975477,975080,902779
9 h 59 min,46744,47506,48935,976930,976628,904437