,Se1To1 3 nM,Se1To1 3 nM,Se1To1 3 nM,Se1To1 3 nM + Se1Tr1 15 nM + St1 15 nM,Se1To1 3 nM + Se1Tr1 15 nM + St1 15 nM,Se1To1 3 nM + Se1Tr1 15 nM + St1 15 nM,Se1To1 3 nM + Se1Tr1 15 nM + St1 10 nM,Se1To1 3 nM + Se1Tr1 15 nM + St1 10 nM,Se1To1 3 nM + Se1Tr1 15 nM + St1 10 nM,Se1To1 3 nM + Se1Tr1 15 nM + St1 5 nM,Se1To1 3 nM + Se1Tr1 15 nM + St1 5 nM,Se1To1 3 nM + Se1Tr1 15 nM + St1 5 nM,Se1To1 3 nM + Se1Tr1 10 nM + St1 15 nM,Se1To1 3 nM + Se1Tr1 10 nM + St1 15 nM,Se1To1 3 nM + Se1Tr1 10 nM + St1 15 nM,Se1To1 3 nM + Se1Tr1 10 nM + St1 10 nM,Se1To1 3 nM + Se1Tr1 10 nM + St1 10 nM,Se1To1 3 nM + Se1Tr1 10 nM + St1 10 nM,Se1To1 3 nM + Se1Tr1 10 nM + St1 5 nM,Se1To1 3 nM + Se1Tr1 10 nM + St1 5 nM,Se1To1 3 nM + Se1Tr1 10 nM + St1 5 nM,Se1To1 3 nM + Se1Tr1 5 nM + St1 15 nM,Se1To1 3 nM + Se1Tr1 5 nM + St1 15 nM,Se1To1 3 nM + Se1Tr1 5 nM + St1 15 nM,Se1To1 3 nM + Se1Tr1 5 nM + St1 10 nM,Se1To1 3 nM + Se1Tr1 5 nM + St1 10 nM,Se1To1 3 nM + Se1Tr1 5 nM + St1 10 nM,Se1To1 3 nM + Se1Tr1 5 nM + St1 5 nM,Se1To1 3 nM + Se1Tr1 5 nM + St1 5 nM,Se1To1 3 nM + Se1Tr1 5 nM + St1 5 nM,Se1Tr1 15 nM + St1 50 nM,Se1Tr1 15 nM + St1 50 nM,Se1Tr1 15 nM + St1 50 nM,sfGFP 3 nM,sfGFP 3 nM,sfGFP 3 nM,Control,Control,Control,Se1To1 3 nM + Se1Tr1 15 nM + St1 15 nM + antistar,Se1To1 3 nM + Se1Tr1 15 nM + St1 15 nM + antistar,Se1To1 3 nM + Se1Tr1 15 nM + St1 15 nM + antistar,Se1To1 3 nM + Se1Tr1 15 nM + St1 10 nM + antistar,Se1To1 3 nM + Se1Tr1 15 nM + St1 10 nM + antistar,Se1To1 3 nM + Se1Tr1 15 nM + St1 10 nM + antistar,Se1To1 3 nM + Se1Tr1 15 nM + St1 5 nM + antistar,Se1To1 3 nM + Se1Tr1 15 nM + St1 5 nM + antistar,Se1To1 3 nM + Se1Tr1 15 nM + St1 5 nM + antistar,Se1To1 3 nM + Se1Tr1 10 nM + St1 15 nM + antistar,Se1To1 3 nM + Se1Tr1 10 nM + St1 15 nM + antistar,Se1To1 3 nM + Se1Tr1 10 nM + St1 15 nM + antistar,Se1To1 3 nM + Se1Tr1 10 nM + St1 10 nM + antistar,Se1To1 3 nM + Se1Tr1 10 nM + St1 10 nM + antistar,Se1To1 3 nM + Se1Tr1 10 nM + St1 10 nM + antistar,Se1To1 3 nM + Se1Tr1 10 nM + St1 5 nM + antistar,Se1To1 3 nM + Se1Tr1 10 nM + St1 5 nM + antistar,Se1To1 3 nM + Se1Tr1 10 nM + St1 5 nM + antistar
0 h ,-1.333,293.667,-292.333,-1780,1062,718,-178,161,17,88.333,-226.667,138.333,-3195,1934,1261,734.667,-1921.333,1186.667,572.667,-810.333,237.667,-975.333,1561.667,-586.333,212,-204,-8,-894.667,-620.667,1515.333,-489,224,265,451,-16,-435,-210,1595,-1385,-615,622,-7,459.667,1100.667,-1560.333,3,246,-249,-525.333,279.667,245.667,110.667,-109.333,-1.333,-1450.667,1453.333,-2.667
0 h 10 min,-11513.333,-11443.333,-11696.333,-3183,-6696,-8350,-9983,-9355,-9385,-9467.667,-9832.667,-9900.667,-8468,-8584,-8414,-10294.333,-10756.333,-9348.333,-10073.333,-11296.333,-9988.333,-9195.333,-6963.333,-9178.333,-9402,-8975,-9591,-11649.667,-9198.667,-10294.667,-12082,-12158,-10884,-10155,-10346,-10134,-9762,-7838,-9430,-10478,-8405,-9760,-9273.333,-7982.333,-9118.333,-9357,-9841,-9776,-8367.333,-8252.333,-7922.333,-8304.333,-9155.333,-8863.333,-11683.667,-9360.667,-9929.667
0 h 20 min,-11063.333,-10717.333,-11078.333,-6214,-4625,-4207,-2851,-3680,-2927,-7171.667,-7461.667,-7077.667,-2806,-2460,-2040,-6229.333,-7887.333,-5479.333,-7642.333,-8952.333,-5961.333,-1342.333,1796.667,-3355.333,-4199,-2670,-4887,-10312.667,-10028.667,-8439.667,-11822,-12032,-11093,-9409,-9518,-9265,-9413,-6959,-10379,-5039,-2087,-5045,-5127.333,-4610.333,-6669.333,-7619,-7308,-8019,-2195.333,-3409.333,-2795.333,-4689.333,-4970.333,-5553.333,-10814.667,-7248.667,-8699.667
0 h 30 min,-10517.333,-10162.333,-10670.333,2463,2710,4731,9267,6473,7956,-2888.667,-4053.667,-3661.667,6913,8495,8050,827.667,-1595.333,2096.667,-3047.333,-5357.333,1092.667,12081.667,18364.667,6760.667,4584,7938,3217,-7647.667,-7015.667,-5332.667,-11771,-11587,-10855,-8696,-8581,-8339,-8303,-6716,-9523,4143,7072,4111,2866.667,3201.667,-798.333,-4114,-3425,-4141,7653.667,5222.667,7174.667,2426.667,2478.667,322.667,-7961.667,-3579.667,-5696.667
0 h 40 min,-9496.333,-9267.333,-9293.333,13795,14466,17629,25026,20493,23328,2156.333,776.333,1975.333,22217,25219,22152,11839.667,8984.667,14134.667,2051.667,525.667,10199.667,33484.667,39003.667,19809.667,17201,24595,16200,-1673.667,-2958.667,761.333,-10548,-10629,-9499,-8006,-8242,-7774,-7524,-5384,-8757,17515,21774,18967,14879.667,14057.667,8786.667,1063,2350,954,21747.667,17855.667,21668.667,14115.667,14752.667,10561.667,-2828.667,1901.333,-1422.667
0 h 50 min,-8689.333,-8518.333,-8644.333,33781,29519,34882,44977,38875,44131,8284.333,6677.333,7881.333,43129,47314,39255,25631.667,22325.667,27078.667,8687.667,7510.667,19792.667,57606.667,61214.667,38277.667,34904,45027,33590,4597.333,2063.333,7569.333,-9930,-9844,-8887,-7097,-7490,-7131,-6827,-4429,-8067,34607,38089,38915,28952.667,27995.667,20084.667,7479,8974,6799,40759.667,33064.667,41659.667,28732.667,30762.667,26055.667,2861.333,8454.333,4141.333
1 h ,-8112.333,-7846.333,-7769.333,55958,49307,58211,67704,62180,68113,16603.333,14331.333,16964.333,70146,73578,61683,40620.667,38446.667,42147.667,18593.667,16056.667,33021.667,92383.667,95968.667,61251.667,56414,70025,55002,11195.333,8069.333,14440.333,-9613,-9451,-8167,-6443,-6788,-6171,-6140,-3656,-7252,53629,57489,64329,46014.667,46588.667,37642.667,15307,17248,14619,66464.667,55153.667,66316.667,48192.667,51691.667,45193.667,8400.333,16552.333,10867.333
1 h 10 min,-7489.333,-6885.333,-6939.333,86366,72081,82175,97446,90033,97093,24982.333,22854.333,25902.333,94354,102904,83474,59392.667,55951.667,58623.667,27515.667,27000.667,47296.667,126097.667,134698.667,87555.667,76369,96249,75096,17609.333,14699.333,22094.333,-8816,-8961,-7263,-5430,-5874,-5648,-5319,-3021,-6847,75773,80491,90034,67589.667,66772.667,55732.667,23994,26118,23470,90139.667,77960.667,91527.667,66156.667,72747.667,64692.667,17861.333,25153.333,19084.333
1 h 20 min,-6840.333,-6226.333,-6175.333,117132,97996,108822,130146,120351,131366,34299.333,32082.333,37177.333,125476,138232,111750,79159.667,72708.667,77935.667,37572.667,36408.667,61479.667,167423.667,169226.667,114712.667,102448,123451,99719,26194.333,22709.333,33153.333,-8555,-8277,-7137,-5050,-5141,-4922,-4598,-2425,-6555,103749,104860,121268,91184.667,90507.667,74813.667,33109,35826,32078,122310.667,104462.667,116691.667,84339.667,92511.667,86596.667,25718.333,35478.333,26801.333
1 h 30 min,-6132.333,-5348.333,-5602.333,151890,127193,141122,162966,152670,164999,44197.333,41647.333,48208.333,161828,173529,141009,98406.667,93246.667,98190.667,50150.667,47607.667,78441.667,210921.667,219832.667,146450.667,131840,158097,129230,34427.333,30658.333,43149.333,-8121,-7901,-6513,-4464,-4369,-4012,-3716,-1433,-6068,131364,130234,153722,113905.667,115771.667,97729.667,42942,46354,42698,155933.667,134529.667,150908.667,108507.667,119720.667,113139.667,34543.333,46504.333,35926.333
1 h 40 min,-5247.333,-4919.333,-4604.333,182024,159714,173271,199335,189131,204202,54488.333,51961.333,56652.333,209059,228214,174040,122740.667,119761.667,120125.667,59817.667,60207.667,91916.667,243387.667,251816.667,179064.667,161932,199299,162567,43272.333,38668.333,52126.333,-7203,-6950,-5345,-3859,-4066,-3493,-3853,-1222,-5274,161081,159462,193891,138529.667,139455.667,120326.667,53269,56349,52114,185013.667,157457.667,195357.667,139869.667,153543.667,145567.667,44169.333,57479.333,46664.333
1 h 50 min,-4852.333,-4176.333,-3970.333,225135,193398,213501,238896,229311,242334,66683.333,64141.333,70324.333,235020,260735,208976,145903.667,136334.667,138974.667,74975.667,74190.667,111371.667,292684.667,306586.667,221193.667,192740,229249,189316,50668.333,46849.333,64552.333,-7007,-6512,-5005,-2923,-3173,-2737,-2424,-63,-4678,197067,191842,230207,168151.667,166058.667,149412.667,64255,68154,65198,226269.667,201435.667,225761.667,158722.667,173496.667,164938.667,54962.333,70799.333,56105.333
2 h ,-3833.333,-3688.333,-3196.333,261368,228682,253530,277151,262822,278375,78325.333,76528.333,82526.333,281347,302702,247135,165469.667,162335.667,159200.667,88756.667,84603.667,125692.667,334761.667,354026.667,260122.667,228836,265290,224972,61174.333,56099.333,78266.333,-6581,-6119,-4722,-2723,-3033,-2290,-2050,490,-4130,231210,225009,272573,196563.667,195834.667,172322.667,75201,80717,76259,265047.667,238329.667,262764.667,188837.667,205572.667,198669.667,63110.333,81834.333,65857.333
2 h 10 min,-3122.333,-2781.333,-2227.333,295388,271833,299678,312270,303057,317798,87332.333,86001.333,91956.333,342360,357128,288649,198016.667,197673.667,184456.667,101835.667,99842.667,144025.667,367433.667,393175.667,293660.667,267902,310475,268631,74046.333,65278.333,90242.333,-5915,-5301,-3447,-1969,-1992,-1540,-1703,869,-3138,265409,261806,315269,224532.667,224449.667,206835.667,86753,92239,88075,300029.667,265872.667,310411.667,225030.667,245697.667,239069.667,75326.333,94163.333,77156.333
2 h 20 min,-2820.333,-2528.333,-2235.333,333395,306430,329834,358088,351144,359161,101737.333,98721.333,105562.333,385592,399316,326725,222562.667,217529.667,211038.667,111132.667,112287.667,159497.667,415699.667,434799.667,334638.667,297343,338362,295624,83498.333,74934.333,102384.333,-5930,-5075,-3066,-1450,-1338,-1017,-1232,1058,-3330,303320,291302,351310,255403.667,253821.667,229798.667,97811,103272,99221,342299.667,296632.667,335699.667,244185.667,265732.667,260988.667,85306.333,105116.333,87425.333
2 h 30 min,-3084.333,-1981.333,-1491.333,369587,341054,381234,406560,388203,400427,111509.333,110893.333,118887.333,440843,451115,362752,244632.667,246736.667,231775.667,127957.667,126374.667,180273.667,463868.667,480575.667,375478.667,330166,376328,332380,92741.333,82280.333,115684.333,-5358,-4864,-2882,-721,-777,-703,-426,1976,-2798,341822,330382,391532,283441.667,281433.667,260422.667,108954,116138,112117,381668.667,338586.667,373376.667,269706.667,292780.667,288957.667,94842.333,117988.333,98525.333
2 h 40 min,-1962.333,-1654.333,-799.333,403538,397295,437695,445310,430968,446575,125844.333,124719.333,130591.333,512499,516597,408212,282048.667,288002.667,255536.667,144043.667,144037.667,201586.667,501669.667,526833.667,419205.667,380687,437670,385472,106279.333,91906.333,130553.333,-4720,-4550,-1740,-444,-311,-37,-202,2327,-1906,373931,371882,443249,314394.667,309732.667,294964.667,119720,127752,122981,421765.667,374847.667,437152.667,311027.667,337855.667,333868.667,107868.333,129476.333,110634.333
2 h 50 min,-973.333,-840.333,-1.333,438658,451419,486098,489670,479618,492585,140014.333,137383.333,143346.333,562607,581349,467382,310044.667,317181.667,278761.667,159974.667,159499.667,222982.667,541780.667,577010.667,469561.667,425515,484891,428774,114383.333,100562.333,143476.333,-5223,-4254,-1235,61,-190,634,393,2657,-1022,419900,412433,496712,347121.667,336051.667,327416.667,131873,142310,137854,471475.667,414244.667,481196.667,344277.667,373951.667,373456.667,114380.333,142966.333,122778.333
3 h ,-1232.333,-1125.333,-187.333,468112,491214,522579,533137,526275,538293,152640.333,149641.333,154392.333,597809,621502,482687,329942.667,336927.667,305617.667,176271.667,172046.667,240748.667,579857.667,631134.667,515049.667,446100,524851,457499,120004.333,107787.333,145365.333,-5233,-4007,-1130,108,473,698,330,3012,-848,451485,457288,542929,380054.667,368173.667,360143.667,143805,153681,150118,513222.667,447754.667,518021.667,374020.667,407050.667,408260.667,122028.333,154748.333,136354.333
3 h 10 min,-258.333,-625.333,996.667,495078,531847,570020,569659,562783,575132,165549.333,163335.333,164538.333,651616,683202,552624,354212.667,361844.667,326463.667,192950.667,183332.667,254458.667,614701.667,671919.667,553606.667,496469,566653,505668,126445.333,117209.333,163334.333,-4766,-3835,-1246,395,882,1169,1005,3857,-126,505127,509431,594590,408009.667,401753.667,389803.667,155249,166998,162217,548988.667,487467.667,561763.667,403983.667,434593.667,440725.667,136009.333,168517.333,148708.333
3 h 20 min,-255.333,-511.333,1385.667,519458,560147,601633,607061,605535,611970,176203.333,174163.333,173435.333,687066,713591,582216,373780.667,380188.667,343363.667,204363.667,195906.667,270299.667,647978.667,711755.667,595698.667,522114,597373,535961,130530.333,125644.333,168091.333,-4787,-4105,-772,1138,1157,1743,1703,3936,400,532107,546848,635595,427976.667,426064.667,413015.667,167550,178341,175068,590378.667,520936.667,598684.667,430151.667,460994.667,470854.667,140315.333,180526.333,158322.333
3 h 30 min,-137.333,-580.333,1364.667,544594,584568,631376,653456,647255,650349,187223.333,185270.333,183713.333,706180,746676,625476,389772.667,380793.667,346209.667,215309.667,206385.667,284407.667,684941.667,755180.667,633361.667,556395,613214,559132,128823.333,129541.333,177723.333,-4916,-4523,-1508,1467,1516,2259,2297,4815,107,579850,583507,668983,457238.667,447997.667,433009.667,178477,191892,185964,632139.667,563069.667,611706.667,440024.667,471926.667,482707.667,142713.333,194224.333,165476.333
3 h 40 min,91.667,-88.333,1593.667,551360,608646,655206,679679,679652,681398,196508.333,195298.333,189894.333,754968,798695,649485,406300.667,399191.667,355161.667,225498.667,214140.667,296040.667,701552.667,780798.667,662114.667,585822,655676,600137,131359.333,131078.333,185611.333,-5044,-4229,-1192,2044,1789,2477,2063,4827,819,608795,622931,709891,468183.667,463288.667,452631.667,187271,198231,192623,654595.667,580134.667,661759.667,477825.667,511680.667,518239.667,148995.333,204593.333,178960.333
3 h 50 min,301.667,12.667,2063.667,565496,626935,678761,709422,708680,714992,203025.333,203727.333,198130.333,790486,845214,702811,409972.667,401515.667,352548.667,234381.667,221510.667,306257.667,723223.667,809152.667,691665.667,625727,682834,635421,129537.333,133385.333,196904.333,-4808,-4189,-773,2546,1918,2328,2579,5087,1400,649250,667332,744530,488342.667,486499.667,471896.667,198520,206702,204392,681643.667,611554.667,690759.667,498823.667,531412.667,539952.667,153700.333,212348.333,191584.333
4 h ,83.667,-447.333,2015.667,575919,634360,687452,739358,742823,741338,214356.333,212514.333,205171.333,787296,846315,717084,413767.667,392976.667,347571.667,240404.667,226392.667,313614.667,749185.667,844175.667,725478.667,640482,689311,647137,124955.333,134796.333,202776.333,-5239,-4944,-1542,2199,2152,3169,2937,5741,973,671210,691011,758446,500580.667,504197.667,481040.667,205506,215090,214279,723830.667,643594.667,691584.667,499827.667,532141.667,543087.667,156726.333,220681.333,194816.333
4 h 10 min,796.667,-668.333,2016.667,582629,645526,702083,760163,763532,757784,220627.333,218028.333,209337.333,804182,880733,747171,409078.667,387723.667,337821.667,248063.667,230847.667,319609.667,762330.667,859301.667,749336.667,666017,706774,669606,121328.333,133430.333,206378.333,-5942,-5419,-1958,2236,2408,3075,2998,5545,1168,708255,720342,785714,514207.667,521041.667,492000.667,211845,220934,219518,745983.667,665774.667,709337.667,512629.667,544269.667,557924.667,158327.333,228148.333,202626.333
4 h 20 min,621.667,-681.333,2495.667,581557,660198,721582,771989,779194,777448,222840.333,219692.333,211304.333,837184,905883,768265,413107.667,396565.667,337519.667,255475.667,235633.667,326196.667,765644.667,872928.667,764324.667,679355,733396,695499,123929.333,134634.333,210352.333,-6224,-5468,-1220,2581,2621,3286,2765,5555,1631,727974,748380,816144,522513.667,532413.667,501777.667,217290,225128,224729,749365.667,671824.667,744773.667,540708.667,573339.667,585151.667,162390.333,234184.333,212802.333
4 h 30 min,864.667,-788.333,2969.667,588322,669122,730121,788036,794265,791144,226031.333,223954.333,212679.333,855376,930704,815430,410879.667,395836.667,334906.667,259985.667,239290.667,331325.667,774266.667,886569.667,781554.667,708713,745786,720580,122446.333,133950.333,216843.333,-6280,-5467,-1417,2750,2488,3064,2531,5634,1768,754747,779086,834020,529333.667,541530.667,508817.667,222034,229171,230422,765908.667,683843.667,755388.667,549206.667,584422.667,594089.667,162853.333,238915.333,217243.333
4 h 40 min,-9.333,-1843.333,1829.667,592860,657008,727632,804015,810752,807452,231077.333,227736.333,216171.333,835025,915220,801899,395423.667,374618.667,321018.667,262584.667,238245.667,333429.667,786078.667,905092.667,796391.667,701769,740450,711587,115161.333,131927.333,217902.333,-7089,-6977,-2615,2331,2762,3092,2959,5711,1249,769680,780749,835272,533445.667,553631.667,512763.667,224633,233310,233832,790288.667,706793.667,741500.667,542385.667,574562.667,584614.667,160279.333,242517.333,217298.333
4 h 50 min,148.667,-1852.333,2247.667,596463,677386,746099,811247,817188,810904,231682.333,229166.333,217175.333,872262,944963,831189,403426.667,386458.667,324387.667,267246.667,243526.667,338310.667,790258.667,907457.667,804477.667,724678,762947,739735,118415.333,133147.333,221587.333,-7180,-6769,-1489,2277,2291,3108,3045,5314,1721,785205,805020,858236,554291.667,561579.667,522403.667,228428,234066,236060,785544.667,702186.667,771614.667,561018.667,597059.667,606657.667,166353.333,244429.333,223252.333
5 h ,256.667,-1489.333,2349.667,604631,682007,759231,821588,825961,820021,234845.333,230761.333,218385.333,876126,953695,841227,403110.667,384753.667,323713.667,269817.667,246991.667,342972.667,793022.667,913452.667,812645.667,736078,765284,746418,118611.333,133568.333,223718.333,-7279,-6757,-1160,2387,2490,2848,2583,5494,1453,803658,815635,870419,570545.667,569266.667,530420.667,231687,236253,238315,793739.667,708649.667,777307.667,565473.667,598764.667,615389.667,168898.333,246835.333,225411.333
5 h 10 min,168.667,-1623.333,2401.667,606487,691990,770865,827157,831021,827171,235725.333,231627.333,218756.333,883827,962220,856586,404774.667,385028.667,322145.667,269845.667,248723.667,345791.667,797643.667,915817.667,817389.667,748055,769643,755095,118248.333,134762.333,225423.333,-7324,-7068,-928,2400,2130,3133,2873,5186,1763,809145,822813,875314,575192.667,573102.667,533018.667,233296,239154,242152,798745.667,713558.667,781102.667,567605.667,601500.667,618276.667,171131.333,249902.333,228588.333
5 h 20 min,657.667,-1526.333,2762.667,608151,693090,772900,834335,836494,830086,235354.333,232397.333,222043.333,893150,965177,861798,400525.667,379418.667,317759.667,271990.667,249768.667,347111.667,803597.667,922019.667,823577.667,756168,773342,765381,117148.333,132832.333,225946.333,-7854,-7071,-827,2465,2627,3009,2662,5634,1349,822263,834075,883070,577929.667,575316.667,533087.667,234754,238948,242440,803778.667,719444.667,782024.667,570753.667,605804.667,622223.667,171331.333,250493.333,231035.333
5 h 30 min,421.667,-1604.333,2989.667,609196,697490,779088,835903,840097,836522,238681.333,234762.333,221947.333,898224,975958,874793,397390.667,377534.667,314816.667,272347.667,249892.667,349077.667,806993.667,925305.667,829723.667,763950,777261,772737,116316.333,131497.333,228077.333,-8015,-7369,-820,2688,2542,2976,2757,5314,1654,836798,844155,893946,580266.667,579551.667,539358.667,234905,241162,242715,805785.667,723651.667,788335.667,572844.667,607771.667,623612.667,171357.333,252170.333,230925.333
5 h 40 min,362.667,-1658.333,3015.667,604699,695249,771525,834459,841004,838639,238228.333,233291.333,222387.333,902116,972534,877735,390968.667,371552.667,308944.667,273736.667,247458.667,345392.667,811600.667,928798.667,831855.667,769836,781497,778086,115017.333,130488.333,228063.333,-8008,-7295,-1493,2348,2271,3102,2655,5814,1670,837692,847661,896820,569830.667,577475.667,531341.667,235785,241615,244916,808879.667,724655.667,791223.667,575415.667,611539.667,624671.667,171733.333,251992.333,231517.333
5 h 50 min,23.667,-2339.333,2416.667,600409,680370,763494,833840,845322,841747,239493.333,234790.333,223418.333,897468,956940,834475,376929.667,360359.667,295166.667,275208.667,245231.667,343852.667,813057.667,931796.667,837052.667,756951,779956,771926,110959.333,125925.333,222632.333,-8653,-7871,-2123,2666,2465,3333,2519,5890,1868,820998,840373,893025,554525.667,565787.667,521124.667,236913,242880,244297,810901.667,729110.667,797452.667,577450.667,611951.667,623942.667,163347.333,251180.333,232300.333
6 h ,-273.333,-2917.333,2178.667,607505,665011,751902,843507,852624,844951,242119.333,236454.333,224367.333,872579,938115,817163,365873.667,343665.667,285967.667,273942.667,244282.667,346451.667,818723.667,944584.667,843680.667,750227,767429,756566,104799.333,122586.333,217750.333,-9141,-8381,-2268,2817,3247,3379,3173,6082,1462,816873,828905,879536,556134.667,566309.667,520808.667,237394,245466,247790,828639.667,742421.667,775300.667,562599.667,591971.667,612859.667,159066.333,252500.333,228024.333
6 h 10 min,98.667,-2800.333,2423.667,606308,665671,761982,842599,850836,847701,241528.333,236371.333,224078.333,900809,950725,819610,362325.667,348107.667,283918.667,277765.667,245382.667,347510.667,817664.667,938754.667,841700.667,755617,783394,775212,106716.333,120274.333,216554.333,-9256,-8361,-1827,2997,3479,3634,3163,5508,1916,819073,839452,893011,556862.667,567121.667,522595.667,238013,243472,248051,821612.667,732837.667,794496.667,578041.667,615059.667,626898.667,159321.333,253738.333,233607.333
6 h 20 min,-377.333,-3120.333,2853.667,605263,661147,758159,842379,850382,846711,242188.333,237746.333,225426.333,910380,963527,842189,357210.667,342868.667,277647.667,276445.667,244942.667,345419.667,819726.667,940651.667,843873.667,772820,783985,785127,105344.333,118758.333,216361.333,-9148,-8783,-1850,2960,3443,3513,3052,5795,1943,827502,848184,900753,554731.667,567657.667,521633.667,238054,244792,246841,816868.667,733222.667,798594.667,579939.667,615279.667,627985.667,157009.333,252844.333,233992.333
6 h 30 min,-849.333,-3459.333,2489.667,611616,644962,750018,848017,858454,849681,244223.333,238613.333,225687.333,882163,944014,826953,345453.667,327536.667,269796.667,275373.667,243512.667,346231.667,825406.667,955090.667,852921.667,766219,772146,769313,100109.333,116103.333,211755.333,-9614,-9005,-2376,2954,2933,3713,3265,5943,1387,827626,840071,888529,553108.667,566021.667,520753.667,239663,246112,248615,835487.667,748637.667,781996.667,566078.667,595986.667,612446.667,152502.333,253271.333,228560.333
6 h 40 min,-238.333,-3275.333,2857.667,612029,654670,759919,847343,856419,851744,243329.333,238654.333,225879.333,920253,979643,866680,348024.667,334947.667,269933.667,277586.667,246221.667,349077.667,829407.667,944185.667,849181.667,791727,790833,797228,103467.333,116151.333,216774.333,-9560,-9031,-1702,3489,3311,3906,3419,6238,1954,847111,861934,911768,563270.667,577626.667,531080.667,239209,245493,248793,820100.667,737306.667,799144.667,582510.667,618991.667,631972.667,155821.333,253642.333,233896.333
6 h 50 min,-494.333,-3556.333,3017.667,614586,640493,751985,853669,863226,856488,244567.333,240002.333,226292.333,895501,960887,865662,338839.667,321513.667,263910.667,277806.667,245217.667,348225.667,834412.667,954168.667,856372.667,780328,778306,780768,99608.333,114155.333,213584.333,-9849,-8912,-1961,3167,3088,3614,3934,6781,2000,847207,854578,898361,558623.667,574807.667,524135.667,238741,246084,250086,835735.667,748664.667,788033.667,567343.667,600469.667,615513.667,152604.333,255086.333,230554.333
7 h ,-588.333,-3759.333,2874.667,612881,629135,742827,852693,863954,858454,245516.333,241074.333,227681.333,897935,964833,863558,330519.667,315985.667,255770.667,279003.667,242962.667,348376.667,835512.667,958060.667,856689.667,787533,776766,786433,98025.333,112413.333,213666.333,-9993,-9359,-2188,3407,3109,4431,3967,7023,1935,847469,853821,902403,551720.667,567849.667,515390.667,239965,247253,250870,836793.667,750658.667,787813.667,568498.667,601322.667,615086.667,149176.333,254068.333,229867.333
7 h 10 min,-522.333,-4117.333,2881.667,611809,620155,737560,852500,863776,858482,246739.333,240469.333,228162.333,888598,946338,824148,324634.667,310526.667,249953.667,277573.667,243292.667,347345.667,837754.667,956547.667,858188.667,768722,776821,775034,95994.333,109552.333,208936.333,-10327,-9592,-2059,3638,3357,4400,3855,6928,2237,829978,847262,895349,547801.667,561634.667,513602.667,239470,246744,250182,836560.667,751868.667,791168.667,568622.667,601267.667,614907.667,146578.333,254233.333,228203.333
7 h 20 min,-424.333,-3960.333,3033.667,612097,627168,747048,852473,861644,858880,243728.333,240249.333,228258.333,914780,956253,817122,321334.667,315339.667,248248.667,280240.667,246221.667,349723.667,833450.667,950978.667,854640.667,771816,791260,787492,96845.333,108873.333,208523.333,-9920,-9353,-1287,4273,4447,4748,3982,6213,2570,830335,848390,907285,550317.667,563614.667,521757.667,240117,246896,250416,825710.667,741211.667,809182.667,585041.667,618730.667,632069.667,146918.333,253559.333,233593.333
7 h 30 min,-207.333,-3847.333,3349.667,617501,628488,752507,853064,859527,860723,245997.333,240662.333,230060.333,931707,983892,860808,320454.667,313702.667,247299.667,280639.667,247293.667,350246.667,837451.667,950318.667,853884.667,801188,796760,806674,96560.333,108383.333,209239.333,-10289,-9658,-479,4123,4138,5011,4235,6847,2946,840731,864547,917529,551197.667,568042.667,524465.667,239443,247405,249247,824844.667,739767.667,811822.667,585714.667,621384.667,635190.667,148708.333,253738.333,233373.333
7 h 40 min,-152.333,-4537.333,3172.667,617845,629506,755862,854398,861039,859650,245749.333,240868.333,229991.333,927788,969426,832399,319051.667,310113.667,245429.667,281725.667,247995.667,351676.667,837960.667,951776.667,856991.667,789445,798300,801903,95541.333,107257.333,205883.333,-10256,-9718,-364,4198,4329,5083,4457,6522,3375,831751,857617,911905,555570.667,567519.667,529718.667,241038,246896,251475,827195.667,740647.667,811506.667,588712.667,619156.667,633361.667,147511.333,253284.333,233194.333
7 h 50 min,-80.333,-4219.333,3889.667,621310,632256,758915,854700,860338,859348,246437.333,240208.333,229111.333,933316,989736,863751,317236.667,308216.667,243875.667,281285.667,249466.667,351772.667,835691.667,951583.667,858366.667,806069,798451,810676,95196.333,106400.333,206062.333,-10270,-9717,465,4552,4738,5375,4550,6852,3176,847276,873210,921709,562652.667,571438.667,534834.667,240213,247363,251516,826013.667,743274.667,812234.667,589400.667,624506.667,633375.667,147386.333,253532.333,233181.333
8 h ,446.667,-3976.333,3845.667,622795,635735,760552,857987,864862,863363,246134.333,240717.333,231614.333,937359,986257,863256,316507.667,305617.667,242459.667,281368.667,249782.667,353560.667,839486.667,954664.667,861873.667,806083,801669,813096,94989.333,106945.333,205746.333,-9846,-9192,942,4826,5257,5342,4558,7050,3734,849875,871203,923470,562005.667,570737.667,532812.667,240364,247858,251860,827842.667,746712.667,815810.667,588258.667,621728.667,634777.667,147648.333,254151.333,233181.333
8 h 10 min,80.667,-4132.333,4022.667,621173,633329,761913,855800,864587,862579,247592.333,241390.333,231531.333,926496,981307,851430,313523.667,302426.667,239186.667,282220.667,249328.667,352639.667,837520.667,956740.667,861777.667,797035,801092,802260,94232.333,105466.333,204866.333,-10090,-9418,1081,5598,5257,5722,5033,7014,3865,842683,865070,920169,566529.667,572621.667,536195.667,241120,246758,251516,829409.667,747715.667,816140.667,589881.667,621659.667,635437.667,147785.333,254151.333,234129.333
8 h 20 min,531.667,-3435.333,4691.667,625271,640974,765433,856667,866993,864477,248280.333,242600.333,232452.333,941058,997986,884074,315682.667,303939.667,239874.667,282344.667,251804.667,354206.667,840119.667,958514.667,863317.667,813550,805464,815337,94672.333,106314.333,207300.333,-9857,-8795,2040,5237,5732,6457,5211,7114,4037,854440,875438,928434,573295.667,574271.667,537515.667,241409,247735,251764,827690.667,746602.667,818739.667,591806.667,625757.667,634296.667,148221.333,252899.333,233016.333
8 h 30 min,751.667,-3554.333,4234.667,630001,648688,774371,861081,868932,865990,248170.333,242105.333,232934.333,940027,992596,876319,315655.667,303898.667,240369.667,282028.667,253756.667,356228.667,842127.667,958926.667,861089.667,810855,804350,815764,95253.333,106275.333,207932.333,-9856,-8836,3029,5777,5757,6181,5478,7543,4666,858029,874352,926233,585505.667,581545.667,544500.667,241684,248505,252602,828007.667,747509.667,818959.667,592246.667,622924.667,634901.667,151429.333,253367.333,233662.333
8 h 40 min,739.667,-3373.333,3955.667,630083,642115,765048,860819,871944,869744,249957.333,243701.333,232411.333,905938,942089,815279,314307.667,291550.667,235762.667,283128.667,249961.667,353450.667,843818.667,965925.667,867634.667,782542,788358,787657,91571.333,105394.333,203174.333,-9607,-8757,2044,5811,5912,6589,5690,8154,4711,830390,845626,899392,580308.667,567437.667,531753.667,242124,248780,253166,846708.667,759390.667,799749.667,576556.667,606093.667,614302.667,149823.333,253628.333,229949.333
8 h 50 min,1214.667,-3180.333,4992.667,633274,657860,783625,862772,869854,868561,250095.333,243893.333,232356.333,936905,990795,867505,316260.667,303334.667,240630.667,284929.667,255406.667,357273.667,842168.667,962405.667,864444.667,809507,806069,812739,95284.333,106029.333,207162.333,-9535,-8596,4255,6295,6315,7127,5910,8015,5492,859033,872454,925752,602612.667,588778.667,551926.667,242028,247528,252644,831018.667,750603.667,821970.667,593621.667,622195.667,637624.667,156084.333,253848.333,234762.333
9 h ,1832.667,-2554.333,5002.667,643944,661408,788700,874900,880909,871036,251566.333,245282.333,232549.333,915220,965548,848391,317662.667,294272.667,240603.667,285356.667,255984.667,359019.667,842883.667,974038.667,872420.667,797558,789912,799139,92501.333,107569.333,204756.333,-9675,-8627,4191,6507,6677,7226,6309,7766,5431,842642,854358,903888,602804.667,578314.667,547058.667,242798,250663,254349,849444.667,761893.667,805263.667,578977.667,604828.667,619762.667,156987.333,256241.333,229014.333
9 h 10 min,1667.667,-2510.333,5865.667,642844,669810,796510,870802,878297,872494,252721.333,245736.333,233759.333,920872,975999,876745,318350.667,295826.667,240726.667,285177.667,254829.667,357286.667,844134.667,974272.667,871595.667,808324,795811,806028,94191.333,108515.333,208977.333,-9316,-8239,4910,6934,6621,7939,7080,8255,5128,862306,867036,911149,603340.667,587623.667,548502.667,241629,249055,253331,846790.667,762635.667,806707.667,580874.667,609091.667,618813.667,162054.333,255622.333,229922.333
9 h 20 min,2574.667,-1888.333,7028.667,641992,688896,811306,870789,873429,869427,251346.333,244471.333,235271.333,945981,1007860,906598,321403.667,305754.667,244907.667,286635.667,258101.667,360985.667,841494.667,965128.667,868528.667,821030,811102,820879,98443.333,109219.333,213886.333,-8904,-7603,6837,7150,6993,7692,6777,9034,7262,879467,883221,934388,613296.667,592725.667,559599.667,242523,249398,254734,835432.667,751634.667,825683.667,596110.667,626293.667,638119.667,169086.333,255649.333,236398.333
9 h 30 min,2985.667,-1533.333,6562.667,638430,690463,807483,866760,872370,870981,253147.333,245103.333,235395.333,939697,983823,857728,320949.667,305933.667,245718.667,286126.667,257139.667,358881.667,840683.667,966420.667,867937.667,802123,810442,813192,98629.333,109039.333,211824.333,-8644,-7265,7082,8020,7626,8508,7075,9045,7857,858414,868892,923896,606709.667,587816.667,550180.667,243362,250155,254156,835666.667,752528.667,827608.667,595244.667,623832.667,637858.667,169034.333,255113.333,234129.333
9 h 40 min,3089.667,-1109.333,6821.667,647643,692581,808487,880511,884897,876564,254220.333,247661.333,236330.333,921518,972382,877350,322461.667,299181.667,244494.667,286263.667,258858.667,359872.667,843832.667,977284.667,876971.667,808036,798383,807004,96424.333,109993.333,212057.333,-8482,-7194,7323,8149,7888,8706,8217,10316,7763,867902,868081,915838,615455.667,592353.667,553947.667,243211,252465,257126,849774.667,767200.667,810639.667,583844.667,609600.667,621962.667,172103.333,256144.333,230458.333
9 h 50 min,3127.667,-763.333,6137.667,643477,691316,795506,875904,881734,875780,256145.333,248953.333,235684.333,907341,953846,827421,322173.667,297834.667,244247.667,286690.667,256286.667,360229.667,839775.667,976239.667,877342.667,789431,796870,795234,96048.333,110209.333,209885.333,-8199,-7086,7807,9104,8551,9978,8200,10335,8073,843811,852570,909609,604000.667,580308.667,544239.667,243211,251915,257071,849472.667,768094.667,809897.667,583349.667,607523.667,621590.667,169937.333,256117.333,230760.333
10 h ,4554.667,-465.333,7655.667,646392,706387,817136,871682,876179,872494,254674.333,247358.333,237815.333,951687,1000819,896450,323988.667,309329.667,248303.667,288477.667,260687.667,360655.667,841384.667,969789.667,874056.667,826159,814279,829446,100613.333,111935.333,216513.333,-7778,-6596,9979,9631,9640,10021,8344,11013,9864,873128,881873,935337,614355.667,593068.667,556670.667,244984,250581,255449,836202.667,756887.667,827237.667,599864.667,630473.667,640979.667,178095.333,255663.333,237155.333
10 h 10 min,4849.667,624.667,9154.667,649046,712066,822169,870074,880538,875780,254591.333,247647.333,237045.333,951591,997258,897138,324249.667,310154.667,249898.667,288752.667,261402.667,362305.667,840971.667,971893.667,873905.667,823519,813825,825898,102053.333,111860.333,217187.333,-7375,-5722,11013,10179,8946,10067,9135,10992,10374,878601,882355,932531,617696.667,596492.667,562074.667,245053,251654,256645,837618.667,758166.667,825146.667,600070.667,630446.667,640635.667,179676.333,258221.333,236948.333
10 h 20 min,5365.667,1073.667,9723.667,647836,717305,825236,871284,880180,872288,255760.333,247963.333,238530.333,954933,1010018,915660,327013.667,310141.667,250985.667,289178.667,262172.667,362223.667,842580.667,970023.667,875665.667,828731,816424,831893,102548.333,113615.333,220308.333,-7376,-5512,12078,10661,9896,10574,9403,11815,11421,883207,883785,935680,621368.667,599036.667,562789.667,246043,252547,256219,839200.667,759720.667,827512.667,602050.667,629415.667,643097.667,187060.333,257423.333,236948.333
10 h 30 min,5735.667,680.667,8275.667,650380,702743,804142,877829,886918,879232,259418.333,250603.333,238200.333,914670,951220,826706,324799.667,299979.667,246488.667,293235.667,260247.667,364643.667,841260.667,987336.667,884479.667,790338,799455,799070,99500.333,113291.333,213336.333,-6899,-5387,11106,11466,11239,12375,10027,11791,9869,847716,855128,907381,608263.667,585162.667,547691.667,245039,254349,258405,856430.667,771312.667,808810.667,588712.667,613244.667,625427.667,176685.333,257410.333,231613.333
10 h 40 min,6794.667,1653.667,11062.667,650118,720289,826019,874969,880112,878778,257575.333,249600.333,238819.333,957834,1009276,915908,326820.667,313111.667,251713.667,291984.667,263313.667,366046.667,841824.667,977902.667,877494.667,829611,821800,832622,103282.333,112958.333,221339.333,-6509,-4479,14252,12161,11687,12401,10779,12393,12464,887044,888501,939242,620735.667,599559.667,565182.667,247019,253070,258226,839887.667,762346.667,831843.667,606231.667,633045.667,642230.667,187913.333,257671.333,238062.333
10 h 50 min,7102.667,2142.667,10373.667,649885,706964,807524,878517,884746,880758,260064.333,251869.333,238709.333,920624,968078,853094,325308.667,302592.667,248633.667,291159.667,260907.667,362278.667,845894.667,986772.667,884025.667,803470,802879,807926,100638.333,114577.333,216018.333,-6455,-4292,13242,12977,12387,13862,11829,13568,12751,860133,863310,918753,610133.667,591212.667,552806.667,246016,254087,260042,855398.667,775918.667,814407.667,592274.667,614509.667,626238.667,178880.333,258977.333,234267.333
11 h ,8054.667,2726.667,12251.667,651095,721348,821097,878214,880566,878764,258386.333,249971.333,239672.333,956968,1011531,917860,327673.667,313936.667,253033.667,294294.667,264702.667,364959.667,846829.667,977559.667,880244.667,833324,821030,832361,105594.333,114382.333,225822.333,-5947,-4047,15868,14256,13144,14176,11738,13420,13233,898952,892723,941469,617146.667,603822.667,565787.667,247625,254184,259148,840355.667,762566.667,832283.667,605818.667,634557.667,643110.667,184049.333,258895.333,239795.333
11 h 10 min,8619.667,3097.667,11817.667,652470,716948,816352,874804,880029,880015,258854.333,252996.333,242064.333,952746,985996,869457,327934.667,314060.667,252140.667,294858.667,265279.667,368328.667,846046.667,979291.667,881523.667,814155,819394,822818,105218.333,116519.333,222481.333,-5754,-3545,16334,15334,13862,14689,12161,13234,14458,871656,873513,931129,611013.667,591858.667,554896.667,248037,254899,260550,843229.667,762896.667,828680.667,606671.667,638146.667,642340.667,186359.333,259802.333,240193.333
11 h 20 min,10351.667,3660.667,13951.667,653474,720963,820643,876853,883893,882518,260353.333,253106.333,242105.333,961588,1014707,930552,327673.667,316452.667,254395.667,296700.667,264317.667,366857.667,849635.667,977669.667,880079.667,832980,824124,838178,106661.333,116175.333,227637.333,-5090,-2860,18149,16005,14732,15494,12646,14656,16408,899694,889601,944962,615194.667,599586.667,564384.667,248752,256288,260468,842032.667,765358.667,827113.667,608843.667,636496.667,644637.667,188532.333,261095.333,239877.333
11 h 30 min,11575.667,5029.667,15535.667,659359,712836,813905,879795,886932,884883,262498.333,254866.333,242545.333,933935,999210,931927,326202.667,306648.667,252415.667,293826.667,264633.667,364877.667,854200.667,988669.667,886611.667,827397,810291,822405,104313.333,117892.333,232010.333,-5009,-2197,17582,15428,14174,16092,14376,15589,16358,900987,882588,929506,617737.667,599861.667,561263.667,248697,256741,262365,858313.667,775410.667,816483.667,596619.667,618208.667,626802.667,188394.333,260270.333,236550.333
11 h 40 min,11270.667,4518.667,14086.667,652649,702083,795300,874611,885365,886025,264203.333,254550.333,241954.333,928847,966194,862018,324799.667,306772.667,250668.667,294940.667,260453.667,364437.667,852371.667,991516.667,888082.667,807073,806674,812601,104183.333,117593.333,224351.333,-4219,-1832,17407,17747,16562,17740,14231,15644,16948,869401,865757,917873,596630.667,583539.667,545504.667,249000,256728,261114,859675.667,776922.667,815383.667,595973.667,617809.667,626444.667,178612.333,262882.333,236412.333
11 h 50 min,10985.667,4627.667,15992.667,662068,706607,802753,880469,888871,886616,263804.333,256131.333,243563.333,935283,1006416,926661,323974.667,308697.667,250421.667,297044.667,264454.667,367270.667,853664.667,984585.667,887614.667,834740,811583,825252,105610.333,117556.333,230429.333,-4353,-1954,17900,17933,17067,17579,15249,15769,16811,900409,888652,935309,604427.667,596864.667,555721.667,250361,258075,263108,860486.667,779315.667,816497.667,597155.667,621054.667,628823.667,179931.333,262924.333,237141.333
12 h ,13667.667,5926.667,17089.667,650476,709110,805421,869400,881487,885213,264024.333,253436.333,244869.333,958673,998729,899860,325349.667,317731.667,252566.667,297580.667,263244.667,366197.667,854489.667,985355.667,885923.667,826421,826806,835606,108778.333,117325.333,229782.333,-3104,-363,20207,19527,18376,18915,15630,16674,19466,887429,883276,939723,599105.667,591336.667,552393.667,251007,255958,261829,845649.667,768328.667,830110.667,611057.667,640690.667,645599.667,180515.333,262841.333,243989.333
12 h 10 min,13442.667,6063.667,17605.667,655976,708381,806534,875354,883852,888376,264244.333,255829.333,246547.333,960832,1011792,923429,324373.667,317759.667,252222.667,300069.667,266049.667,369896.667,853402.667,985658.667,886088.667,833695,826159,837559,110249.333,118122.333,234843.333,-3162,-724,21482,20441,18895,19620,15639,16450,18936,896394,889890,943230,609019.667,600865.667,563284.667,252190,258584,262489,847505.667,771408.667,834305.667,613684.667,638050.667,648281.667,181521.333,263817.333,245020.333
12 h 20 min,15334.667,6944.667,19008.667,655371,700392,792839,878640,889531,889174,268713.333,257561.333,243948.333,931625,985418,899462,322929.667,308931.667,250778.667,298900.667,262144.667,366032.667,854984.667,997126.667,895535.667,818445,813811,819188,105741.333,118391.333,231680.333,-2621,832,20276,20878,19811,21697,16991,17740,20445,886026,875465,926220,596341.667,590305.667,548241.667,251035,259161,263809,866041.667,782588.667,818972.667,600895.667,620394.667,633636.667,178147.333,264684.333,239492.333
12 h 30 min,17351.667,9455.667,22650.667,654436,708491,803014,872398,881171,884691,266747.333,256778.333,247496.333,971021,1027743,957958,324840.667,318364.667,252360.667,298405.667,265651.667,364203.667,853430.667,986112.667,889457.667,851433,832608,851296,111194.333,120476.333,239119.333,-1754,1939,23157,22001,19538,21521,18095,18434,22677,909251,902555,952360,602502.667,603505.667,563463.667,254362,259230,264786,850737.667,774090.667,834552.667,616901.667,645448.667,649037.667,187239.333,265564.333,247316.333
12 h 40 min,17086.667,7811.667,20936.667,657791,705397,801777,876330,885942,888761,266981.333,257314.333,248252.333,968546,1022532,941347,323067.667,318171.667,251507.667,303039.667,265994.667,369360.667,853801.667,989687.667,890255.667,843485,831880,846002,109878.333,118719.333,237978.333,-1452,2563,24491,23851,21325,22407,18404,18748,23460,908041,898168,948977,603643.667,601676.667,560561.667,253909,260069,265006,850476.667,775052.667,834923.667,619033.667,644981.667,653795.667,184370.333,267874.333,247385.333
12 h 50 min,16784.667,8309.667,21311.667,656114,705122,804430,873305,884457,890989,268053.333,259638.333,248720.333,968491,1014694,925492,321609.667,319918.667,251920.667,306188.667,267053.667,371175.667,855217.667,990649.667,890777.667,836032,834300,843609,110713.333,120663.333,235668.333,-1552,938,24677,24749,22784,23034,18459,18522,24382,891279,893121,947314,598005.667,597634.667,558980.667,254954,261155,266147,851741.667,776358.667,837302.667,619597.667,642175.667,652956.667,181944.333,266788.333,247550.333
13 h ,17902.667,9233.667,22880.667,658891,703774,800071,873759,887908,892419,269222.333,259762.333,248115.333,974693,1030658,946311,319643.667,319423.667,249582.667,306408.667,268346.667,373884.667,854131.667,994458.667,893142.667,854431,832939,853427,111103.333,121180.333,239064.333,-1314,1875,25416,25210,23674,24402,19339,19902,25126,893850,899584,952621,589094.667,590703.667,551706.667,255683,262970,266834,851507.667,776743.667,836642.667,618593.667,645269.667,656311.667,184008.333,268176.333,248898.333
13 h 10 min,18354.667,9083.667,22953.667,659249,699952,794530,878283,887276,893216,269112.333,260202.333,249503.333,965081,1019878,928586,319051.667,319505.667,248248.667,307783.667,267892.667,372055.667,854049.667,992932.667,896649.667,840570,830065,841904,111703.333,120257.333,238390.333,211,3740,25400,27150,24664,25746,19554,19716,23896,899062,894111,950325,596492.667,597001.667,561111.667,256095,262778,266628,851851.667,778669.667,835900.667,617369.667,644389.667,655349.667,181153.333,270267.333,249090.333
13 h 20 min,21194.667,11725.667,25966.667,663636,691866,787324,885131,897355,897740,272825.333,261467.333,249256.333,947700,1014529,957779,316604.667,308683.667,246419.667,304538.667,268098.667,369470.667,855190.667,1002310.667,900554.667,842385,823863,837999,108986.333,121791.333,243959.333,986,5632,25530,29174,25970,27556,22291,20845,26488,914023,895762,935887,595585.667,598706.667,553769.667,255834,263947,269365,868984.667,786204.667,821571.667,608060.667,629937.667,637844.667,181205.333,271752.333,245859.333
13 h 30 min,20182.667,10731.667,25046.667,667500,688456,789497,884952,892556,894124,273279.333,263213.333,249036.333,945568,1012576,951949,314678.667,308683.667,245237.667,303796.667,268772.667,372069.667,854764.667,1002626.667,902122.667,843389,818596,833489,108884.333,120803.333,244743.333,1304,5615,26551,29350,25970,27408,23328,21951,26310,910929,896064,939421,595447.667,598913.667,555611.667,258763,264841,269970,871074.667,791594.667,822713.667,608555.667,629483.667,642698.667,183595.333,271463.333,246711.333
13 h 40 min,20922.667,10936.667,25125.667,658053,694162,790295,874914,887551,892254,272151.333,261934.333,251002.333,963293,1005384,902239,312478.667,316617.667,245058.667,308127.667,267425.667,372756.667,848548.667,995091.667,895934.667,832705,833915,839828,111652.333,120448.333,236809.333,1951,5893,27688,30203,28020,29162,22510,21663,27140,888707,890660,950022,584474.667,590085.667,547814.667,259313,263713,270135,857296.667,781130.667,835996.667,621810.667,647236.667,658113.667,179690.333,273498.333,252294.333
13 h 50 min,21313.667,11182.667,24150.667,650778,691440,790020,867268,886698,895293,273526.333,262649.333,251580.333,966635,979822,851705,308656.667,315119.667,241881.667,309035.667,264702.667,371161.667,840875.667,999299.667,899234.667,830917,833681,844627,110152.333,118890.333,231377.333,2095,6571,26985,31633,29132,30172,22821,21797,25984,862636,874338,941139,574161.667,577365.667,536057.667,258831,264992,269062,858767.667,783976.667,833658.667,621302.667,646892.667,655926.667,177708.333,271765.333,252060.333
14 h ,22290.667,12264.667,27254.667,662783,690821,792784,879575,891071,897080,275272.333,263543.333,252927.333,974005,1027056,942172,309302.667,315490.667,242858.667,308567.667,268428.667,374475.667,839363.667,996906.667,899151.667,849921,840721,851323,110432.333,118804.333,239889.333,2455,6903,28962,31872,30161,30659,24765,22342,29428,902032,901894,957998,584350.667,596396.667,557440.667,259038,264758,269488,858657.667,783770.667,838017.667,624932.667,649450.667,659735.667,179518.333,275396.333,254756.333
14 h 10 min,25111.667,14769.667,30599.667,665506,691261,790941,882821,890879,894756,274159.333,264602.333,252790.333,977773,1025584,938335,309879.667,315187.667,241854.667,308251.667,271550.667,375383.667,826781.667,997209.667,900540.667,857429,839896,857704,111263.333,120755.333,241264.333,4190,8904,30263,35560,31598,32198,26133,23110,31318,904645,902541,959634,588764.667,599903.667,556629.667,261678,267206,271221,858148.667,786328.667,837715.667,624451.667,650563.667,660780.667,183746.333,275808.333,255924.333
14 h 20 min,23479.667,12956.667,29093.667,664612,686641,793801,877980,890329,899404,275699.333,265509.333,253931.333,979973,1029847,941278,306290.667,312753.667,239888.667,312321.667,270409.667,377583.667,943580.667,1000536.667,899000.667,857264,842440,857140,109317.333,119199.333,239972.333,3083,6468,30124,33583,31030,31685,25936,23678,31581,893383,901784,958685,584350.667,591638.667,548942.667,261719,267825,272596,861559.667,786355.667,838897.667,627283.667,651292.667,662293.667,177534.333,276207.333,255691.333
14 h 30 min,23184.667,13728.667,29949.667,665396,688910,793622,875656,889297,900009,277156.333,266389.333,253354.333,973290,1012961,915908,305218.667,312960.667,238114.667,314122.667,271412.667,378889.667,936499.667,1000619.667,901957.667,843252,839044,851928,110578.333,119554.333,238308.333,2895,7297,30462,34193,32008,31912,27681,23595,32630,893424,897040,952030,585588.667,595956.667,553961.667,264923,269598,274012,864749.667,789188.667,842968.667,627971.667,652544.667,658855.667,177144.333,275616.333,255856.333
14 h 40 min,24572.667,13750.667,30798.667,663856,687466,791092,874433,890301,902044,277088.333,267476.333,253299.333,979395,1020772,918630,303568.667,311007.667,235996.667,315800.667,270711.667,377280.667,925017.667,1002186.667,904115.667,855710,839800,857415,109350.333,118867.333,235901.333,4254,7995,31070,36434,33135,33032,27312,24478,32538,885311,896559,955784,581641.667,587224.667,547869.667,263864,270162,274315,861957.667,789325.667,841386.667,627379.667,651443.667,662829.667,177413.333,277541.333,257286.333
14 h 50 min,27123.667,15858.667,31595.667,638829,674306,774454,868685,881129,885585,276084.333,263736.333,254481.333,963706,990231,870104,300625.667,306180.667,236299.667,314411.667,264867.667,371642.667,940830.667,995339.667,894476.667,828800,831563,833874,107093.333,118340.333,231487.333,5507,10798,30709,38161,36627,37625,30260,25957,33020,865070,875782,935955,565512.667,577227.667,533500.667,254679,263562,268650,842981.667,775437.667,826081.667,622305.667,644018.667,650990.667,174310.333,275107.333,255182.333
15 h ,26093.667,14816.667,32978.667,663773,679848,785826,875711,892653,902113,278518.333,267902.333,255141.333,980000,1022463,925836,299415.667,309577.667,233026.667,317519.667,272911.667,379590.667,913136.667,1004992.667,905380.667,856686,842647,857649,109321.333,118618.333,236300.333,5034,8864,32231,37811,34969,34984,29081,25920,34602,890454,898223,957104,578506.667,594347.667,551665.667,266174,271455,276006,864749.667,790879.667,840589.667,628727.667,652970.667,663420.667,176667.333,279603.333,259912.333
15 h 10 min,25885.667,15147.667,32589.667,661394,676231,787916,876069,891332,901096,280182.333,269635.333,255031.333,983246,1036943,921243,294245.667,305685.667,229629.667,317285.667,269817.667,376799.667,909066.667,1003342.667,906714.667,867343,843362,861142,108091.333,116470.333,234719.333,4494,8202,31751,37414,34860,35127,30452,26559,34554,884885,899076,959703,567519.667,577461.667,535604.667,265844,271991,277464,866619.667,792351.667,839282.667,629360.667,655307.667,665442.667,174114.333,278503.333,259981.333
15 h 20 min,27503.667,16194.667,34604.667,665341,675723,787943,882216,894976,900435,280237.333,269717.333,255815.333,980688,1037726,946435,294341.667,305878.667,229767.667,319155.667,274534.667,380539.667,908364.667,1004249.667,904569.667,864909,842055,861678,107401.333,116620.333,239765.333,5983,10233,33070,40406,37135,37492,31977,27500,36386,900258,902445,960281,575962.667,591625.667,549575.667,268883,273064,278220,867183.667,794895.667,840286.667,629758.667,654414.667,667669.667,174387.333,282766.333,262662.333
15 h 30 min,28016.667,16401.667,35297.667,668187,675282,789373,882532,894701,904079,280044.333,271285.333,255953.333,980853,1042828,962991,292787.667,305410.667,228804.667,318784.667,274438.667,381158.667,903840.667,1005170.667,907058.667,863960,844462,859395,107141.333,116404.333,242529.333,6380,10373,33728,40968,38244,38459,32181,29249,36224,914435,909842,965451,575907.667,597909.667,553961.667,266972,272954,277904,867307.667,796600.667,840699.667,631120.667,653905.667,666432.667,174372.333,283591.333,263570.333
15 h 40 min,29254.667,17571.667,34250.667,659400,674554,789043,878640,893986,901893,281667.333,270845.333,256035.333,971750,1014254,899145,288552.667,302757.667,226027.667,316790.667,271770.667,375795.667,897171.667,1008099.667,907636.667,845191,841423,848931,106567.333,115003.333,236300.333,6373,11046,33850,41457,41091,41238,33744,31083,35776,885490,892351,956582,570187.667,585024.667,541805.667,266779,272184,277244,868544.667,797686.667,841180.667,631285.667,652379.667,667326.667,172953.333,284870.333,262814.333
15 h 50 min,28587.667,17122.667,35606.667,667541,673880,785042,878503,894963,902512,281639.333,271890.333,256406.333,982613,1044313,955043,288071.667,301574.667,224679.667,319650.667,273021.667,378820.667,892097.667,1003809.667,908777.667,869750,844132,862324,106353.333,114823.333,241017.333,6628,11002,33484,41294,38369,38843,33168,32951,35908,912785,910282,967046,571851.667,599930.667,553892.667,271070,274906,279196,869919.667,798209.667,841647.667,631876.667,655885.667,669952.667,173699.333,283866.333,264202.333
16 h ,30691.667,17890.667,37966.667,671006,673811,786953,884031,897342,904630,283770.333,272371.333,257108.333,985611,1050776,975009,286187.667,300103.667,224762.667,320957.667,274424.667,380305.667,888673.667,1008457.667,909176.667,865501,845686,864565,105553.333,114393.333,246105.333,7552,12105,34983,43691,41100,40536,34441,34446,37715,925532,913720,969782,578726.667,600728.667,557069.667,270258,275773,279513,870634.667,801509.667,843119.667,631450.667,657769.667,667958.667,174375.333,286603.333,265660.333
16 h 10 min,30740.667,18779.667,38328.667,667513,673742,785537,880593,897094,903626,283592.333,273884.333,256970.333,987302,1047820,973180,284275.667,299938.667,222685.667,322084.667,275428.667,381653.667,884163.667,1009447.667,910537.667,868264,847074,865789,107153.333,115453.333,247878.333,8002,12269,34967,44176,41044,41038,35217,36551,37629,924363,913651,966455,574299.667,601181.667,554937.667,269777,275319,282428,872078.667,799061.667,845126.667,635671.667,659859.667,667161.667,173683.333,286190.333,266031.333
16 h 20 min,31681.667,18779.667,38633.667,669095,672312,787943,887056,898180,904533,284719.333,275039.333,257823.333,987742,1043818,974349,282158.667,298164.667,222287.667,322455.667,275923.667,381955.667,881000.667,1008168.667,909918.667,867714,847899,864469,106447.333,113989.333,249020.333,7368,11745,35536,44643,41744,42391,35879,37904,37994,932256,917488,970690,578438.667,602543.667,557990.667,271359,275800,282235,872339.667,803049.667,842362.667,635080.667,659350.667,667656.667,174095.333,287771.333,267118.333
16 h 30 min,31414.667,18717.667,38532.667,669961,670855,787118,885213,901068,907930,286273.333,276235.333,258455.333,984208,1049470,980482,279105.667,296734.667,220086.667,324422.667,275166.667,383069.667,876682.667,1006903.667,912022.667,862022,848257,860853,107259.333,113359.333,253035.333,7617,11709,35652,44993,41878,41931,36248,39309,38017,937427,914119,968064,573652.667,606984.667,559090.667,273641,279141,283115,871941.667,803888.667,841524.667,633114.667,658649.667,669993.667,175225.333,289202.333,266911.333