,To1 3 nM + Se1Tr1 15 nM + St1 15 nM,To1 3 nM + Se1Tr1 15 nM + St1 15 nM,To1 3 nM + Se1Tr1 15 nM + St1 15 nM,To1 3 nM + Se1Tr1 15 nM + St1 10 nM,To1 3 nM + Se1Tr1 15 nM + St1 10 nM,To1 3 nM + Se1Tr1 15 nM + St1 10 nM,To1 3 nM + Se1Tr1 15 nM + St1 5 nM,To1 3 nM + Se1Tr1 15 nM + St1 5 nM,To1 3 nM + Se1Tr1 15 nM + St1 5 nM,To1 3 nM + Se1Tr1 10 nM + St1 15 nM,To1 3 nM + Se1Tr1 10 nM + St1 15 nM,To1 3 nM + Se1Tr1 10 nM + St1 15 nM,To1 3 nM + Se1Tr1 10 nM + St1 10 nM,To1 3 nM + Se1Tr1 10 nM + St1 10 nM,To1 3 nM + Se1Tr1 10 nM + St1 10 nM,To1 3 nM + Se1Tr1 10 nM + St1 5 nM,To1 3 nM + Se1Tr1 10 nM + St1 5 nM,To1 3 nM + Se1Tr1 10 nM + St1 5 nM,To1 3 nM + Se1Tr1 5 nM + St1 15 nM,To1 3 nM + Se1Tr1 5 nM + St1 15 nM,To1 3 nM + Se1Tr1 5 nM + St1 15 nM,To1 3 nM + Se1Tr1 5 nM + St1 10 nM,To1 3 nM + Se1Tr1 5 nM + St1 10 nM,To1 3 nM + Se1Tr1 5 nM + St1 10 nM,To1 3 nM + Se1Tr1 5 nM + St1 5 nM,To1 3 nM + Se1Tr1 5 nM + St1 5 nM,To1 3 nM + Se1Tr1 5 nM + St1 5 nM,To1 3 nM + Se1Tr1 15 nM,To1 3 nM + Se1Tr1 15 nM,To1 3 nM + Se1Tr1 15 nM,To1 3 nM + Se1Tr1 10 nM,To1 3 nM + Se1Tr1 10 nM,To1 3 nM + Se1Tr1 10 nM,To1 3 nM + Se1Tr1 5 nM,To1 3 nM + Se1Tr1 5 nM,To1 3 nM + Se1Tr1 5 nM,To1 3 nM,To1 3 nM,To1 3 nM,sfGFP 3 nM,sfGFP 3 nM,sfGFP 3 nM,Control,Control,Control
0 h ,260.333,-104.667,-155.667,-1077.667,2078.333,-1000.667,-725,1175,-450,-1058,47,1011,-961.333,393.667,567.667,-611.333,340.667,270.667,-562.333,325.667,236.667,-4198,2471,1727,0.333,223.333,-223.667,1866.667,-1609.333,-257.333,-1441,1599,-158,595.667,843.667,-1439.333,559.667,653.667,-1213.333,451,-16,-435,-210,1595,-1385
0 h 10 min,-8413.667,-9039.667,-7971.667,-10770.667,-4907.667,-11136.667,-10463,-10625,-10881,-7146,-8122,-7857,-9017.333,-7295.333,-8358.333,-10826.333,-9912.333,-10214.333,-8899.333,-9273.333,-9885.333,-7447,-7246,-7724,-9302.667,-9171.667,-9585.667,-7506.333,-11293.333,-11162.333,-11390,-9667,-10764,-10737.333,-10298.333,-11466.333,-9546.333,-9732.333,-10595.333,-10155,-10346,-10134,-9762,-7838,-9430
0 h 20 min,-777.667,-2812.667,-1479.667,-4133.667,-5396.667,-4107.667,-6364,-6836,-6222,-2220,-2399,-1785,-2690.333,1098.667,-2582.333,-7279.333,-6517.333,-6589.333,1985.667,3008.667,-1343.333,-849,-208,-567,-5998.667,-4948.667,-5248.667,-9286.333,-10105.333,-10271.333,-10452,-7881,-9611,-9159.333,-8626.333,-10687.333,-8908.333,-9580.333,-9806.333,-9409,-9518,-9265,-9413,-6959,-10379
0 h 30 min,13431.333,7593.333,10599.333,7289.333,3821.333,7646.333,-607,-1053,-962,7868,8769,8592,9733.667,15385.667,7382.667,-1315.333,-482.333,-988.333,19402.667,23504.667,15877.667,11071,12312,11263,-206.667,1943.333,391.333,-7934.333,-8417.333,-8567.333,-8944,-5915,-8017,-7393.333,-6692.333,-9328.333,-8112.333,-8686.333,-9239.333,-8696,-8581,-8339,-8303,-6716,-9523
0 h 40 min,35251.333,23293.333,28059.333,26089.333,17527.333,23366.333,7691,7736,8074,21484,27616,26655,29742.667,33802.667,23607.667,6775.667,8233.667,7007.667,43352.667,50404.667,36807.667,28320,30901,29722,7376.333,10446.333,7417.333,-5702.333,-6011.333,-6837.333,-6729,-3700,-5496,-5458.333,-4318.333,-7416.333,-7264.333,-7841.333,-8328.333,-8006,-8242,-7774,-7524,-5384,-8757
0 h 50 min,62904.333,42441.333,50071.333,49534.333,37135.333,44626.333,18099,18122,18008,40948,53073,55793,52869.667,57962.667,43853.667,17385.667,18968.667,16702.667,71982.667,83251.667,63270.667,50785,53222,51606,15915.333,21162.333,17254.333,-2761.333,-3508.333,-4854.333,-4501,-1644,-3485,-3062.333,-1645.333,-5241.333,-6165.333,-7064.333,-7417.333,-7097,-7490,-7131,-6827,-4429,-8067
1 h ,97927.333,70346.333,78125.333,80848.333,59815.333,71972.333,29903,30330,30791,63876,85477,87801,81290.667,85900.667,68706.667,29966.667,31912.667,28896.667,106568.667,123271.667,94833.667,77309,80168,77350,30040.333,34975.333,30133.333,-991.333,-680.333,-2193.333,-2451,658,-1315,-858.333,4.667,-3112.333,-5531.333,-6482.333,-6778.333,-6443,-6788,-6171,-6140,-3656,-7252
1 h 10 min,137542.333,100182.333,114458.333,113976.333,87399.333,100853.333,42257,44426,45209,92724,121358,122270,114654.667,124105.667,96822.667,44496.667,48224.667,41116.667,145651.667,173351.667,138730.667,110069,109773,106803,45742.333,50887.333,44195.333,1693.667,1497.667,-704.333,-138,2850,960,1116.667,2688.667,-545.333,-4509.333,-5638.333,-6560.333,-5430,-5874,-5648,-5319,-3021,-6847
1 h 20 min,178602.333,131880.333,144031.333,148916.333,115644.333,135165.333,56693,58354,59875,124384,166116,163268,153889.667,161058.667,124710.667,59722.667,65144.667,55665.667,192172.667,225463.667,175952.667,150510,142710,140072,60064.333,66746.333,57854.333,3396.667,4072.667,1829.667,1101,5351,2909,3835.667,5015.667,1398.667,-4435.333,-5506.333,-5689.333,-5050,-5141,-4922,-4598,-2425,-6555
1 h 30 min,225914.333,167889.333,184036.333,192540.333,148207.333,170677.333,71244,75976,77218,159465,212784,209181,191699.667,201713.667,159044.667,77466.667,83992.667,72951.667,241248.667,278582.667,223964.667,191128,178697,172809,76935.333,84812.333,76023.333,6119.667,6669.667,4206.667,3608,8119,5311,6085.667,7329.667,3615.667,-3602.333,-4674.333,-5087.333,-4464,-4369,-4012,-3716,-1433,-6068
1 h 40 min,284809.333,209495.333,241837.333,238358.333,184362.333,212768.333,92355,97884,99422,203117,252551,250585,231044.667,239927.667,205398.667,98568.667,105242.667,91870.667,294753.667,345755.667,273604.667,240026,225505,217722,92220.333,101186.333,91867.333,10437.667,11020.667,7723.667,6815,11201,8652,9221.667,11310.667,6632.667,-2385.333,-3685.333,-4156.333,-3859,-4066,-3493,-3853,-1222,-5274
1 h 50 min,327780.333,245633.333,273423.333,278346.333,219244.333,248121.333,106378,113283,114440,240931,313935,297420,277618.667,283682.667,235884.667,116277.667,125406.667,108438.667,350375.667,402408.667,332774.667,278446,261972,254217,108319.333,121141.333,109400.333,11824.667,12754.667,9090.667,8283,13237,11092,12140.667,13164.667,9183.667,-1860.333,-3728.333,-3968.333,-2923,-3173,-2737,-2424,-63,-4678
2 h ,379126.333,297941.333,319763.333,320382.333,255753.333,283433.333,123348,132468,131801,279695,360426,343678,315653.667,320974.667,274923.667,136242.667,148041.667,127688.667,404719.667,459942.667,375498.667,341713,304999,296116,128874.333,141140.333,127904.333,15033.667,16558.667,12024.667,10600,16104,13609,14407.667,15867.667,10957.667,-1486.333,-3277.333,-3228.333,-2723,-3033,-2290,-2050,490,-4130
2 h 10 min,439121.333,349397.333,379167.333,370614.333,296620.333,324590.333,142681,154244,154687,331412,401885,382992,352395.667,354925.667,329569.667,162049.667,173993.667,151790.667,469293.667,524736.667,440155.667,399604,350995,336571,147102.333,160973.333,145952.333,20295.667,21145.667,16131.667,14859,19579,17792,17332.667,19478.667,14127.667,-307.333,-2296.333,-2463.333,-1969,-1992,-1540,-1703,869,-3138
2 h 20 min,486369.333,385768.333,426058.333,403410.333,330530.333,354182.333,162011,172481,172894,387447,462623,439398,409640.667,401994.667,364936.667,180406.667,197278.667,171012.667,522110.667,582366.667,485244.667,478493,392468,382127,163236.333,178286.333,163730.333,23583.667,23105.667,18390.667,16451,21895,19310,20431.667,22320.667,17133.667,-261.333,-2348.333,-2193.333,-1450,-1338,-1017,-1232,1058,-3330
2 h 30 min,547120.333,436384.333,479067.333,451111.333,376265.333,396342.333,185262,196976,198172,445668,518135,489973,465784.667,439039.667,409200.667,213628.667,228809.667,201761.667,595952.667,660471.667,547246.667,545968,447719,426749,189974.333,205609.333,182372.333,27014.667,25629.667,21714.667,20196,24695,22694,23211.667,24751.667,20063.667,102.667,-1678.333,-1776.333,-721,-777,-703,-426,1976,-2798
2 h 40 min,621320.333,494221.333,556773.333,511478.333,428477.333,442132.333,209806,224890,225825,497550,566359,534911,514600.667,465482.667,464671.667,248019.667,264836.667,231999.667,674373.667,739318.667,625241.667,599982,506614,473818,210463.333,228889.333,208332.333,32123.667,31439.667,26917.667,24212,29380,27141,27128.667,29339.667,22785.667,1073.667,-675.333,-1122.333,-444,-311,-37,-202,2327,-1906
2 h 50 min,682195.333,546281.333,616576.333,561654.333,472755.333,489050.333,229621,247139,246809,552333,622064,587370,566289.667,501922.667,515728.667,272784.667,290055.667,258415.667,755420.667,815512.667,689182.667,659839,554288,524462,231488.333,249612.333,231240.333,35711.667,35719.667,29617.667,27424,32143,30275,30933.667,32371.667,26116.667,1650.667,-353.333,-751.333,61,-190,634,393,2657,-1022
3 h ,737968.333,596018.333,672885.333,606235.333,514434.333,528707.333,249449,267532,269498,602538,671924,635237,613936.667,539640.667,563237.667,296573.667,316718.667,280677.667,833869.667,884183.667,747445.667,711515,596462,565770,251826.333,269482.333,252967.333,37991.667,39141.667,32109.667,29148,34961,32505,34077.667,36008.667,28201.667,1628.667,617.667,-344.333,108,473,698,330,3012,-848
3 h 10 min,786055.333,642180.333,721673.333,651159.333,552579.333,566907.333,268302,287154,288392,647228,723806,680079,656908.667,569892.667,611791.667,318712.667,342639.667,302569.667,906680.667,947781.667,809351.667,755036,643242,607737,270444.333,288925.333,271310.333,41642.667,42878.667,35338.667,32014,38136,35636,36649.667,39135.667,30972.667,2316.667,1124.667,394.667,395,882,1169,1005,3857,-126
3 h 20 min,835132.333,686801.333,771039.333,694075.333,586928.333,603292.333,288323,304631,305470,685386,775510,726268,695864.667,598961.667,654556.667,336107.667,367335.667,321325.667,973440.667,998535.667,859996.667,792081,685718,656209,285763.333,305894.333,288733.333,43932.667,45699.667,37897.667,34096,41270,37355,39195.667,41931.667,33160.667,2845.667,1298.667,516.667,1138,1157,1743,1703,3936,400
3 h 30 min,851220.333,712144.333,790056.333,716063.333,602907.333,626352.333,304673,317103,315110,720699,822579,764963,729980.667,640558.667,675870.667,348469.667,384043.667,331776.667,1031180.667,1043171.667,903008.667,827407,721072,691095,300806.333,319878.333,304024.333,44331.667,46515.667,37605.667,34630,43628,37765,40929.667,43252.667,34580.667,2656.667,907.667,506.667,1467,1516,2259,2297,4815,107
3 h 40 min,907282.333,758979.333,851908.333,762898.333,637642.333,663053.333,321517,338679,336176,752601,849668,797800,760383.667,666409.667,740444.667,379051.667,410169.667,358067.667,1100828.667,1098655.667,957310.667,846136,761128,730079,311477.333,332557.333,320002.333,48145.667,50847.667,40994.667,37515,45672,40481,43447.667,47596.667,36038.667,3351.667,1907.667,1199.667,2044,1789,2477,2063,4827,819
3 h 50 min,935279.333,788172.333,882256.333,795020.333,656068.333,688960.333,334540,351302,347603,776706,885819,826071,785932.667,697486.667,779826.667,398192.667,427014.667,372684.667,1154869.667,1141915.667,1001189.667,861991,789799,754720,323027.333,344259.333,331979.333,49926.667,53996.667,42656.667,38735,47751,42159,45757.667,50042.667,37462.667,3227.667,2417.667,1423.667,2546,1918,2328,2579,5087,1400
4 h ,939267.333,793645.333,874129.333,801510.333,655958.333,700992.333,346049,355372,348455,796411,918271,852803,799738.667,736126.667,789493.667,404999.667,436227.667,378556.667,1191969.667,1165498.667,1021486.667,879413,820573,787103,333396.333,352688.333,343282.333,49144.667,53142.667,42532.667,38123,49314,41477,47682.667,50737.667,38207.667,3300.667,1465.667,691.667,2199,2152,3169,2937,5741,973
4 h 10 min,954420.333,811081.333,892968.333,819015.333,665570.333,715031.333,354135,363045,355592,811564,939846,873457,814038.667,773047.667,816500.667,414239.667,446086.667,388800.667,1238749.667,1193330.667,1053470.667,888997,844623,812075,341357.333,360718.333,352936.333,49979.667,54515.667,43243.667,39137,50120,42732,49627.667,52480.667,38668.667,3590.667,1492.667,1292.667,2236,2408,3075,2998,5545,1168
4 h 20 min,990365.333,843781.333,932488.333,849418.333,687255.333,737720.333,360460,374596,367349,822826,945814,883536,826345.667,795392.667,868038.667,433862.667,461996.667,405645.667,1291112.667,1230072.667,1089882.667,890854,865758,833389,346720.333,363496.333,361461.333,52333.667,57206.667,45158.667,41112,51887,44806,50896.667,54470.667,39103.667,3976.667,2089.667,1070.667,2581,2621,3286,2765,5555,1631
4 h 30 min,1000843.333,852251.333,943076.333,858893.333,696358.333,746562.333,365451,379189,372836,829124,958891,898043,833386.667,827391.667,891552.667,441521.667,470508.667,410719.667,1321777.667,1246944.667,1104774.667,895515,879344,847002,351368.333,367635.333,367773.333,53249.667,58672.667,46365.667,42429,53231,45936,52440.667,55628.667,40213.667,3838.667,2502.667,1190.667,2750,2488,3064,2531,5634,1768
4 h 40 min,986886.333,841320.333,925640.333,852416.333,683047.333,745627.333,367349,376328,365946,837265,972546,904424,838955.667,870486.667,882050.667,438510.667,467469.667,407364.667,1323894.667,1244909.667,1109903.667,906502,890001,864108,355067.333,372145.333,371678.333,51991.667,57270.667,44142.667,40983,51916,44190,52374.667,55511.667,40464.667,3336.667,1418.667,516.667,2331,2762,3092,2959,5711,1249
4 h 50 min,1020479.333,867859.333,958312.333,874500.333,705199.333,764301.333,373716,385005,378804,837595,980108,915878,846243.667,884800.667,923509.667,450885.667,480120.667,420084.667,1361283.667,1268740.667,1136924.667,903312,900699,870131,359110.333,372764.333,375982.333,54381.667,59991.667,46745.667,42732,53699,46757,53751.667,56553.667,41521.667,3625.667,2524.667,1295.667,2277,2291,3108,3045,5314,1721
5 h ,1024440.333,871819.333,957597.333,881912.333,705736.333,770722.333,374073,386325,377965,843590,984220,920650,848649.667,913746.667,927345.667,453677.667,485194.667,423562.667,1373617.667,1276426.667,1151720.667,907877,910339,878973,360884.333,375776.333,379530.333,54806.667,59606.667,47582.667,43546,54155,47331,54196.667,57004.667,41522.667,3814.667,2217.667,1316.667,2387,2490,2848,2583,5494,1453
5 h 10 min,1030627.333,876343.333,965558.333,886711.333,709504.333,774229.333,376012,387412,379725,848595,995179,927690,852665.667,935569.667,937122.667,457637.667,487504.667,425158.667,1382102.667,1277884.667,1159145.667,908950,915454,888585,363042.333,377921.333,379296.333,55357.667,61298.667,48129.667,43938,53831,47832,54704.667,57443.667,41978.667,3988.667,2773.667,1399.667,2400,2130,3133,2873,5186,1763
5 h 20 min,1029665.333,880056.333,968116.333,886353.333,713340.333,773637.333,377318,388938,383658,850548,994904,930867,857519.667,962396.667,943255.667,459975.667,491560.667,429104.667,1399139.667,1286368.667,1163876.667,910284,923416,892297,365531.333,379708.333,382940.333,56106.667,61696.667,48081.667,44146,53888,48294,55514.667,58767.667,42393.667,4019.667,2803.667,1591.667,2465,2627,3009,2662,5634,1349
5 h 30 min,1034711.333,881541.333,972846.333,893641.333,711346.333,782204.333,379477,390492,383424,853119,1001725,931705,861204.667,982459.667,950131.667,461267.667,492564.667,431249.667,1399771.667,1288720.667,1176856.667,908853,924694,895845,364005.333,381400.333,387148.333,56143.667,61823.667,48637.667,44398,54616,48215,55557.667,58706.667,42230.667,4044.667,2833.667,1547.667,2688,2542,2976,2757,5314,1654
5 h 40 min,1036664.333,888746.333,975762.333,894810.333,713450.333,784954.333,380137,391454,384428,851882,1004805,933617,861300.667,1003786.667,954545.667,463206.667,493953.667,431469.667,1404460.667,1291002.667,1170435.667,911205,930456,898788,366508.333,383132.333,386900.333,56765.667,62622.667,48819.667,45107,53831,47672,55573.667,58788.667,42431.667,4857.667,3046.667,1559.667,2348,2271,3102,2655,5814,1670
5 h 50 min,1038328.333,889131.333,980574.333,895594.333,714028.333,785931.333,380467,392046,386710,854261,1008325,937178,865205.667,1023024.667,960581.667,463399.667,494366.667,431992.667,1404392.667,1291992.667,1167465.667,911012,930992,901675,368955.333,383077.333,388275.333,56704.667,62322.667,48876.667,44269,52730,46937,56655.667,59227.667,42762.667,4532.667,3159.667,1358.667,2666,2465,3333,2519,5890,1868
6 h ,1019379.333,871049.333,954393.333,882654.333,698118.333,776071.333,379285,384043,378611,857478,1012464,938567,862221.667,1049948.667,930591.667,454956.667,487463.667,423260.667,1390270.667,1278681.667,1164728.667,918273,933646,906750,369120.333,384604.333,388385.333,54626.667,61062.667,47582.667,41861,53059,45509,56113.667,58364.667,42601.667,3780.667,2586.667,884.667,2817,3247,3379,3173,6082,1462
6 h 10 min,1039896.333,890575.333,982816.333,897876.333,715320.333,790840.333,381320,394466,389130,856585,1012217,941221,868327.667,1049109.667,966013.667,466135.667,497927.667,433559.667,1414705.667,1292790.667,1175454.667,912690,933522,906612,370605.333,385511.333,390640.333,56385.667,63300.667,49355.667,44506,53423,47419,56478.667,60170.667,43145.667,4386.667,3261.667,1323.667,2997,3479,3634,3163,5508,1916
6 h 20 min,1038562.333,893669.333,983407.333,900159.333,717328.333,791225.333,382283,394452,390203,859128,1015462,942115,870651.667,1053441.667,966962.667,466575.667,498683.667,434219.667,1413288.667,1294646.667,1177791.667,912222,936025,904824,370757.333,386391.333,391424.333,57138.667,63699.667,50025.667,44852,53952,47491,56820.667,60004.667,43563.667,4628.667,3715.667,1819.667,2960,3443,3513,3052,5795,1943
6 h 30 min,1020108.333,875257.333,961997.333,883424.333,700978.333,781269.333,382365,386215,380839,862387,1016507,941042,865865.667,1076597.667,934510.667,458256.667,490460.667,425735.667,1394807.667,1279754.667,1172594.667,919139,933412,910325,372035.333,387670.333,391837.333,55535.667,61043.667,48982.667,43375,52966,46391,56628.667,58702.667,43167.667,4120.667,3251.667,1326.667,2954,2933,3713,3265,5943,1387
6 h 40 min,1039909.333,895415.333,988399.333,904243.333,717919.333,796258.333,384194,394287,390506,864505,1022681,945828,877127.667,1068085.667,968997.667,469229.667,499646.667,436777.667,1416547.667,1294770.667,1187101.667,911535,936520,910861,372008.333,388825.333,393322.333,58368.667,64894.667,51134.667,46339,55160,48955,57531.667,60262.667,43731.667,5212.667,4218.667,1840.667,3489,3311,3906,3419,6238,1954
6 h 50 min,1018252.333,882668.333,969271.333,890726.333,702009.333,784886.333,383781,387315,381499,866141,1021567,943091,873208.667,1088877.667,943351.667,461432.667,492152.667,428472.667,1398534.667,1281693.667,1176540.667,918410,937964,918507,372255.333,388179.333,396017.333,56577.667,62750.667,49622.667,44646,54601,47587,56903.667,59595.667,43572.667,5241.667,3570.667,1890.667,3167,3088,3614,3934,6781,2000
7 h ,1021469.333,882201.333,969642.333,891070.333,704429.333,786577.333,385019,388773,383314,865894,1023520,946199,874061.667,1093332.667,944300.667,461144.667,493252.667,429613.667,1397214.667,1277251.667,1168166.667,919139,937263,916265,374607.333,389843.333,393652.333,57304.667,63260.667,49791.667,44677,54366,46794,57715.667,58769.667,44624.667,5182.667,3917.667,2041.667,3407,3109,4431,3967,7023,1935
7 h 10 min,1021029.333,881623.333,971595.333,895085.333,702711.333,785601.333,383809,387948,382943,868108,1024235,943682,876646.667,1097595.667,943998.667,461364.667,490625.667,429159.667,1395976.667,1280387.667,1174244.667,920253,936974,918823,373864.333,389293.333,396924.333,57340.667,63147.667,49956.667,44557,53351,46524,57502.667,59243.667,45012.667,5131.667,4132.667,1997.667,3638,3357,4400,3855,6928,2237
7 h 20 min,1037888.333,900379.333,990310.333,908341.333,716503.333,798444.333,387040,395841,393159,868933,1023685,944026,885309.667,1084903.667,972957.667,469298.667,500498.667,437093.667,1417249.667,1293959.667,1188407.667,912429,936520,914230,374786.333,391397.333,397351.333,59233.667,65500.667,51786.667,46402,54719,49244,58301.667,60997.667,45638.667,5548.667,4996.667,3094.667,4273,4447,4748,3982,6213,2570
7 h 30 min,1040061.333,900806.333,993349.333,910953.333,714976.333,801662.333,390506,396941,390973,869758,1028525,946446,884250.667,1087007.667,977976.667,472694.667,500842.667,438950.667,1417276.667,1295636.667,1187596.667,910889,940027,916348,376037.333,392620.333,398093.333,60210.667,66953.667,53010.667,47127,55878,49209,58634.667,60347.667,46053.667,7058.667,5845.667,3734.667,4123,4138,5011,4235,6847,2946
7 h 40 min,1044007.333,903198.333,995302.333,910706.333,716833.333,802225.333,390258,397037,393929,871711,1028553,948358,887839.667,1089771.667,976257.667,472172.667,500540.667,441026.667,1420068.667,1294481.667,1191391.667,913432,939958,916540,376092.333,394147.333,399936.333,61011.667,66480.667,53263.667,47860,56020,50433,58572.667,60664.667,46983.667,6606.667,5416.667,3918.667,4198,4329,5083,4457,6522,3375
7 h 50 min,1038795.333,904120.333,999221.333,909840.333,716943.333,805072.333,391262,398522,394204,872728,1031289,947148,890026.667,1095381.667,980561.667,474138.667,502314.667,441274.667,1417771.667,1295691.667,1197469.667,912002,941883,917338,375418.333,394532.333,399166.333,60858.667,67492.667,53833.667,49174,56816,52172,58400.667,61049.667,47340.667,6860.667,6025.667,4192.667,4552,4738,5375,4550,6852,3176
8 h ,1043264.333,906114.333,995948.333,913786.333,716654.333,805979.333,391743,399732,393971,874364,1032650,946804,891483.667,1093442.667,977220.667,473217.667,502080.667,442195.667,1418693.667,1294041.667,1193729.667,914684,939765,919744,378787.333,396196.333,399743.333,62032.667,67906.667,54526.667,48739,58426,51360,59738.667,61531.667,47837.667,7898.667,6351.667,4830.667,4826,5257,5342,4558,7050,3734
8 h 10 min,1041999.333,907970.333,994696.333,915326.333,716530.333,806571.333,391867,398825,393338,877252,1031908,944686,890122.667,1096110.667,975735.667,473739.667,504417.667,442360.667,1420631.667,1293917.667,1196878.667,910944,942337,920968,378375.333,396099.333,401710.333,62161.667,67860.667,53589.667,49581,57983,52477,59581.667,61623.667,48277.667,7043.667,6210.667,5162.667,5598,5257,5722,5033,7014,3865
8 h 20 min,1043209.333,908795.333,1000018.333,915271.333,717080.333,806598.333,392719,400846,395965,878283,1032582,942142,892006.667,1097251.667,980781.667,475059.667,503441.667,443501.667,1422928.667,1294330.667,1200810.667,911535,940384,920940,377550.333,397378.333,403057.333,63154.667,68377.667,55875.667,51021,60000,54044,60188.667,62760.667,49205.667,8183.667,7349.667,5313.667,5237,5732,6457,5211,7114,4037
8 h 30 min,1045973.333,907997.333,996800.333,915367.333,716613.333,809623.333,393214,400695,396446,879617,1030987,942610,896049.667,1101225.667,979915.667,474564.667,503070.667,442374.667,1420260.667,1290617.667,1202295.667,911590,943134,920033,378498.333,396347.333,403442.333,64271.667,69840.667,56237.667,51310,60366,55020,60872.667,62514.667,49750.667,8945.667,7384.667,5840.667,5777,5757,6181,5478,7543,4666
8 h 40 min,1023175.333,889874.333,978333.333,897258.333,700662.333,793810.333,389543,394094,388938,876372,1024854,939090,887124.667,1120022.667,951437.667,463921.667,495727.667,431455.667,1399125.667,1277499.667,1187032.667,918837,937001,922192,379915.333,394917.333,400898.333,61534.667,67962.667,54263.667,48045,59570,52540,59909.667,62127.667,49733.667,8092.667,7073.667,5859.667,5811,5912,6589,5690,8154,4711
8 h 50 min,1045836.333,906182.333,992496.333,911187.333,714509.333,806667.333,392018,402166,396941,881144,1023781,940726,892968.667,1103838.667,979530.667,475692.667,503551.667,443611.667,1425197.667,1292982.667,1208181.667,912594,942956,921147,379021.333,398327.333,402356.333,65458.667,70358.667,57531.667,52520,61517,56662,61122.667,63919.667,50999.667,9144.667,8320.667,7141.667,6295,6315,7127,5910,8015,5492
9 h ,1024178.333,889475.333,973616.333,899870.333,700717.333,797344.333,391784,395332,390588,880924,1026999,940575,888609.667,1119555.667,951093.667,466245.667,495658.667,435031.667,1402563.667,1277045.667,1199133.667,920624,941787,924337,380795.333,399345.333,401627.333,64000.667,69183.667,55987.667,51304,62122,54564,61042.667,62136.667,51788.667,8735.667,7784.667,6615.667,6507,6677,7226,6309,7766,5431
9 h 10 min,1024756.333,893848.333,979268.333,898220.333,699355.333,796381.333,392142,397175,393407,883426,1021306,942294,891841.667,1124175.667,955493.667,467249.667,498835.667,435746.667,1404075.667,1280428.667,1199793.667,918713,938404,923003,381345.333,400321.333,405656.333,65228.667,69095.667,56780.667,52947,64161,56559,60935.667,63282.667,52179.667,8932.667,7693.667,7413.667,6934,6621,7939,7080,8255,5128
9 h 20 min,1045286.333,911174.333,992345.333,913910.333,713491.333,808317.333,396721,403665,399622,886520,1023589,944796,900573.667,1108458.667,982734.667,478621.667,506343.667,447805.667,1428428.667,1294151.667,1212361.667,911837,942502,921752,381867.333,401779.333,406578.333,68986.667,73470.667,60042.667,56592,65419,59020,62487.667,65287.667,53989.667,11748.667,10638.667,9298.667,7150,6993,7692,6777,9034,7262
9 h 30 min,1046647.333,910789.333,992263.333,913937.333,711456.333,809046.333,395676,405631,399512,885076,1020563,945731,901893.667,1110411.667,982239.667,478745.667,506356.667,447063.667,1426833.667,1292157.667,1212114.667,912085,944138,925107,382912.333,403319.333,406096.333,68655.667,73603.667,60799.667,55972,65010,59622,63117.667,65410.667,54417.667,11831.667,10946.667,9658.667,8020,7626,8508,7075,9045,7857
9 h 40 min,1027616.333,896323.333,973850.333,901397.333,697307.333,797660.333,392486,398674,394108,886259,1023836,945113,897410.667,1129731.667,952963.667,469463.667,498656.667,438482.667,1403512.667,1273951.667,1202020.667,920225,938500,925217,382335.333,402879.333,407664.333,68686.667,72710.667,61000.667,55347,66524,58650,62826.667,64706.667,55016.667,13066.667,9958.667,9884.667,8149,7888,8706,8217,10316,7763
9 h 50 min,1025223.333,892775.333,974854.333,899430.333,695725.333,795254.333,394782,398178,392706,889559,1026683,944686,896282.667,1127214.667,953843.667,468844.667,498821.667,439252.667,1405849.667,1277829.667,1202942.667,919524,941415,925258,384136.333,402260.333,407100.333,66821.667,72477.667,59727.667,54855,65308,59085,62946.667,64692.667,55100.667,11464.667,10509.667,10332.667,9104,8551,9978,8200,10335,8073
10 h ,1048064.333,910253.333,995824.333,912150.333,708981.333,804769.333,396790,407378,402524,887730,1028429,949953,902415.667,1114756.667,987093.667,479185.667,509973.667,449799.667,1429294.667,1290328.667,1217229.667,917255,945981,925327,384246.333,405684.333,408613.333,72402.667,77355.667,65003.667,59879,70420,64021,64685.667,66919.667,58695.667,15102.667,12266.667,12266.667,9631,9640,10021,8344,11013,9864
10 h 10 min,1048930.333,914543.333,991589.333,912865.333,708238.333,804343.333,397725,408093,401547,890948,1026243,949472,905097.667,1117479.667,990228.667,482650.667,508818.667,451504.667,1431756.667,1294852.667,1221162.667,916636,944303,926179,386378.333,405491.333,408764.333,73613.667,78119.667,65597.667,60513,69457,63745,64959.667,67605.667,58919.667,15781.667,13075.667,13479.667,10179,8946,10067,9135,10992,10374
10 h 20 min,1053426.333,914790.333,989732.333,914597.333,707358.333,805649.333,397683,408629,401836,893987,1026875,949073,906747.667,1114893.667,989307.667,482691.667,510908.667,454186.667,1429459.667,1294234.667,1220117.667,915646,945953,926166,385993.333,406921.333,409342.333,74545.667,79518.667,67110.667,62050,70976,65643,65643.667,68885.667,60172.667,17213.667,13823.667,14715.667,10661,9896,10574,9403,11815,11421
10 h 30 min,1036994.333,894797.333,972489.333,898385.333,696083.333,795020.333,396336,400475,395428,892997,1029804,944329,895169.667,1131284.667,958615.667,471127.667,501846.667,441136.667,1405836.667,1279438.667,1203643.667,921559,940838,929700,387615.333,404570.333,407966.333,71366.667,75882.667,63590.667,58287,69547,62511,65801.667,66953.667,60228.667,14925.667,11467.667,13370.667,11466,11239,12375,10027,11791,9869
10 h 40 min,1055943.333,914639.333,992084.333,913470.333,708678.333,806268.333,400805,410169,402345,895321,1031605,948069,909634.667,1121851.667,991864.667,484699.667,511953.667,454103.667,1429212.667,1292033.667,1220295.667,919318,947658,928448,387450.333,407966.333,410387.333,76981.667,81447.667,68957.667,64262,72227,67883,66934.667,69073.667,61604.667,18684.667,15293.667,16579.667,12161,11687,12401,10779,12393,12464
10 h 50 min,1037998.333,894714.333,971829.333,899210.333,693401.333,795405.333,397133,403349,397065,896737,1031812,942802,900201.667,1135698.667,961915.667,471443.667,503469.667,446526.667,1407169.667,1277815.667,1205953.667,921133,943368,930704,388303.333,407059.333,411363.333,72916.667,79468.667,66521.667,60447,72067,64126,67081.667,69133.667,61324.667,17577.667,14217.667,15312.667,12977,12387,13862,11829,13568,12751
11 h ,1056575.333,914818.333,994133.333,914020.333,708046.333,811370.333,399966,409083,402386,899157,1035236,944178,907888.667,1124258.667,992043.667,484795.667,512682.667,457087.667,1432760.667,1292130.667,1220763.667,918850,948373,929562,389527.333,410167.333,410978.333,78287.667,83259.667,69998.667,66148,73993,69948,68309.667,71222.667,64704.667,19336.667,14788.667,18136.667,14256,13144,14176,11738,13420,13233
11 h 10 min,1056699.333,917472.333,992785.333,911118.333,708995.333,810297.333,398839,412741,405343,899804,1032568,941730,908342.667,1129332.667,991548.667,486349.667,513287.667,457293.667,1429817.667,1294564.667,1219333.667,915605,945046,928737,390640.333,409080.333,413783.333,77491.667,82346.667,69385.667,66420,74468,70704,69122.667,72622.667,65325.667,19188.667,14825.667,18082.667,15334,13862,14689,12161,13234,14458
11 h 20 min,1058239.333,916990.333,992469.333,912012.333,707743.333,813199.333,401506,413016,405315,901976,1036528,932902,911271.667,1127228.667,994092.667,488439.667,515446.667,459452.667,1428153.667,1291703.667,1224916.667,917791,947480,928751,390530.333,410125.333,412752.333,80520.667,85142.667,72063.667,68211,76544,70997,70318.667,73106.667,66384.667,21695.667,17020.667,19897.667,16005,14732,15494,12646,14656,16408
11 h 30 min,1040789.333,900751.333,974565.333,899018.333,698242.333,805017.333,400090,407254,400007,901729,1030904,922767,903969.667,1141405.667,963799.667,477727.667,507470.667,447104.667,1408421.667,1275931.667,1211674.667,924461,944221,935310,391369.333,410675.333,413260.333,78711.667,83278.667,71068.667,66626,77903,70074,68764.667,72707.667,67472.667,22862.667,15991.667,19260.667,15428,14174,16092,14376,15589,16358
11 h 40 min,1040996.333,901314.333,978292.333,899843.333,698434.333,807506.333,399169,407804,401905,903324,1031440,988607,901219.667,1146892.667,967347.667,478387.667,507511.667,447475.667,1406812.667,1275546.667,1204991.667,925533,942708,934513,391892.333,409053.333,411583.333,76854.667,83413.667,71304.667,64805,76849,68955,70504.667,73813.667,67032.667,21427.667,15824.667,19292.667,17747,16562,17740,14231,15644,16948
11 h 50 min,1041683.333,900269.333,972901.333,899540.333,701157.333,807327.333,400956,407020,401066,902471,1030767,1112570,902223.667,1145338.667,962094.667,477273.667,508639.667,447929.667,1410401.667,1274185.667,1210615.667,925547,944427,934939,390750.333,411638.333,414608.333,79963.667,83783.667,70806.667,68988,78813,73396,71197.667,73030.667,71357.667,22208.667,15974.667,21396.667,17933,17067,17579,15249,15769,16811
12 h ,1056465.333,915285.333,994036.333,912659.333,712446.333,819730.333,402139,414858,408767,903970,1030822,1150963,911835.667,1133897.667,994422.667,490337.667,519172.667,461061.667,1431536.667,1292914.667,1217133.667,919414,948140,932656,394834.333,412834.333,415323.333,83296.667,88046.667,75704.667,70977,80323,74150,73335.667,76990.667,70531.667,25577.667,18568.667,22186.667,19527,18376,18915,15630,16674,19466
12 h 10 min,1058143.333,917980.333,993596.333,916591.333,715320.333,819125.333,404614,414858,407942,906156,1029130,1193755,909456.667,1134860.667,994780.667,489250.667,519983.667,460649.667,1433461.667,1290507.667,1220034.667,922439,947796,934760,394889.333,412917.333,416231.333,84615.667,88557.667,75276.667,73516,80226,77868,73224.667,76827.667,74493.667,24921.667,17827.667,23943.667,20441,18895,19620,15639,16450,18936
12 h 20 min,1041793.333,902208.333,978869.333,906168.333,702601.333,811879.333,401781,409028,401795,905455,1016122,1186206,905495.667,1150206.667,966962.667,480505.667,511197.667,452109.667,1408902.667,1276344.667,1209515.667,929163,947315,935228,394106.333,412834.333,415969.333,83530.667,86884.667,75203.667,69606,82621,73690,73703.667,77680.667,71674.667,26062.667,18470.667,22784.667,20878,19811,21697,16991,17740,20445
12 h 30 min,1056727.333,920153.333,998849.333,923962.333,714646.333,823677.333,405755,417980,410953,906775,1008862,1189933,913127.667,1133870.667,1000775.667,495658.667,522995.667,465406.667,1434616.667,1290301.667,1223444.667,925574,951742,934788,395082.333,417317.333,417922.333,87773.667,91929.667,79449.667,76373,84247,78668,75122.667,81101.667,76405.667,29912.667,20806.667,25844.667,22001,19538,21521,18095,18434,22677
12 h 40 min,1052574.333,917980.333,999564.333,925818.333,713024.333,824117.333,408657,418392,411283,910845,1006606,1183924,916070.667,1134640.667,998822.667,497033.667,523132.667,467936.667,1434217.667,1290411.667,1224668.667,925189,953461,937098,397928.333,418225.333,418940.333,87535.667,91892.667,79998.667,76185,84848,79201,77082.667,81066.667,75547.667,30078.667,20847.667,26887.667,23851,21325,22407,18404,18748,23460
12 h 50 min,1053660.333,921954.333,1004955.333,929847.333,715925.333,824584.333,407020,420661,411778,911519,1219016,1175591,915767.667,1138284.667,1001861.667,494132.667,521854.667,466836.667,1436390.667,1286767.667,1223788.667,928036,948923,937235,397667.333,417468.333,419077.333,89488.667,92817.667,80099.667,78010,86174,80892,76645.667,78360.667,78303.667,29901.667,20343.667,27792.667,24749,22784,23034,18459,18522,24382
13 h ,1041023.333,920002.333,1002259.333,932047.333,716145.333,824873.333,408368,420441,412479,914434,1279657,1165992,916950.667,1139219.667,1000431.667,495149.667,522555.667,467744.667,1436720.667,1289696.667,1221010.667,926345,952224,936603,398437.333,419050.333,420631.333,90191.667,93860.667,81587.667,78528,85821,81590,77627.667,79024.667,79808.667,30959.667,21687.667,28651.667,25210,23674,24402,19339,19902,25126
13 h 10 min,1045396.333,917925.333,1000128.333,933587.333,712061.333,826083.333,407694,420290,413016,912894,1284552,1156174,915011.667,1139109.667,1000899.667,495438.667,524081.667,468927.667,1438618.667,1288857.667,1227322.667,927843,952760,939642,399771.333,418898.333,420837.333,89555.667,93458.667,80853.667,78581,86842,82643,79582.667,82797.667,79860.667,29626.667,20429.667,28548.667,27150,24664,25746,19554,19716,23896
13 h 20 min,1025361.333,907695.333,985401.333,920290.333,702504.333,816141.333,408189,418213,408340,913142,1295553,1139605,910129.667,1160189.667,974497.667,488755.667,516724.667,458792.667,1412408.667,1275230.667,1211316.667,934856,947205,942172,397103.333,420700.333,422350.333,88893.667,92902.667,80674.667,77494,89434,81000,80939.667,84166.667,80224.667,32490.667,21940.667,29144.667,29174,25970,27556,22291,20845,26488
13 h 30 min,1160202.333,908245.333,984040.333,923673.333,700414.333,814051.333,407433,419286,408533,912757,1282558,1128961,908081.667,1156847.667,972270.667,487683.667,517577.667,459521.667,1412051.667,1273264.667,1212416.667,935461,950381,942254,400761.333,423450.333,421937.333,89875.667,92998.667,80991.667,78024,89153,81554,80799.667,83503.667,80702.667,32143.667,22019.667,28777.667,29350,25970,27408,23328,21951,26310
13 h 40 min,1142051.333,920194.333,996085.333,935086.333,710026.333,822233.333,411173,422655,416220,915906,1267295,1128631,916166.667,1144884.667,1002013.667,499357.667,526955.667,470673.667,1439539.667,1290658.667,1223197.667,929768,954396,938583,402150.333,421126.333,422872.333,91709.667,94674.667,83684.667,79711,89581,84101,83633.667,86758.667,81937.667,32355.667,23386.667,30035.667,30203,28020,29162,22510,21663,27140
13 h 50 min,1130981.333,919699.333,996168.333,935595.333,708321.333,818534.333,411242,423783,416618,914751,1261767,1118758,915754.667,1146672.667,1002343.667,498202.667,526969.667,468995.667,1435606.667,1289118.667,1221272.667,931254,951385,940769,401256.333,421043.333,423299.333,91026.667,95517.667,83799.667,79945,88702,83336,84806.667,87316.667,82958.667,32249.667,22672.667,29654.667,31633,29132,30172,22821,21797,25984
14 h ,1121149.333,922491.333,995467.333,937933.333,703797.333,815399.333,413414,426120,415972,918078,1245954,1113753,914942.667,1145296.667,1001545.667,500870.667,527986.667,473959.667,1437187.667,1291511.667,1228037.667,931762,954424,941814,403855.333,424385.333,424412.333,94569.667,98279.667,85697.667,83279,93223,86501,85127.667,89441.667,83098.667,35312.667,24915.667,32891.667,31872,30161,30659,24765,22342,29428
14 h 10 min,1117368.333,921913.333,996635.333,938428.333,702656.333,806488.333,412699,425969,418585,917735,1233509,1102917,914227.667,1148748.667,1003319.667,499935.667,528289.667,472818.667,1434657.667,1288830.667,1227377.667,934251,952622,942818,404212.333,425664.333,423257.333,97123.667,99901.667,88004.667,84216,94533,88720,87435.667,91001.667,85796.667,38530.667,25795.667,33519.667,35560,31598,32198,26133,23110,31318
14 h 20 min,1114975.333,924017.333,994449.333,940174.333,693525.333,799338.333,412136,426656,418667,919055,1219043,1107551,914502.667,1148899.667,1001463.667,499577.667,528495.667,474056.667,1437916.667,1286712.667,1223967.667,934306,954437,941773,404721.333,426241.333,426173.333,97430.667,99280.667,87744.667,85376,93821,88344,85893.667,87452.667,86306.667,37549.667,26016.667,34715.667,33583,31030,31685,25936,23678,31581
14 h 30 min,1115855.333,924746.333,994600.333,937506.333,692411.333,692026.333,415807,428348,421019,920512,1208840,1105159,913498.667,1149545.667,1003704.667,499852.667,525181.667,472997.667,1438783.667,1283962.667,1226263.667,938005,953145,940480,406124.333,425939.333,425457.333,98015.667,100084.667,87368.667,85784,94235,89713,85547.667,87146.667,87666.667,37381.667,26329.667,34663.667,34193,32008,31912,27681,23595,32630
14 h 40 min,1111042.333,927345.333,990021.333,940147.333,678867.333,645755.333,414872,428760,422187,919880,1191720,1114056,914970.667,1148775.667,1005189.667,501049.667,526185.667,475321.667,1436019.667,1286354.667,1224943.667,938624,954658,940618,406165.333,425760.333,425169.333,98561.667,100587.667,88893.667,86510,95656,90373,86897.667,87461.667,88163.667,38169.667,26923.667,35186.667,36434,33135,33032,27312,24478,32538
14 h 50 min,1179590.333,925626.333,998340.333,935636.333,579943.333,497397.333,415257,425831,420372,917845,1246765,1186729,902223.667,1131092.667,998204.667,498656.667,527615.667,472034.667,1424427.667,1281514.667,1217848.667,931859,948882,937221,403662.333,425540.333,422776.333,98305.667,100359.667,88560.667,83787,97539,86175,91927.667,94332.667,82772.667,39139.667,27587.667,34494.667,38161,36627,37625,30260,25957,33020
15 h ,1094019.333,928349.333,975624.333,935567.333,505166.333,480813.333,413799,430424,427000,919962,1174972,1132482,908397.667,1156270.667,1007059.667,501860.667,529925.667,476256.667,1441615.667,1286643.667,1227047.667,939312,954424,940728,409465.333,428923.333,427520.333,100770.667,102255.667,91003.667,88247,97954,92505,89679.667,90759.667,89047.667,40293.667,28117.667,36640.667,37811,34969,34984,29081,25920,34602
15 h 10 min,1082674.333,932818.333,961351.333,934110.333,463226.333,501494.333,416742,432061,428114,922492,1160231,1145160,908562.667,1154757.667,1006523.667,503345.667,529802.667,476283.667,1440171.667,1286148.667,1222578.667,942529,957889,941044,409025.333,428854.333,428730.333,101419.667,102607.667,91613.667,89480,98698,92650,88911.667,90466.667,89959.667,40392.667,29212.667,37357.667,37414,34860,35127,30452,26559,34554
15 h 20 min,1075717.333,929366.333,925351.333,932419.333,470816.333,523757.333,416797,432377,428568,924706,1163531,1155074,907366.667,1154606.667,1006000.667,503482.667,531314.667,479240.667,1441615.667,1285928.667,1224489.667,943024,958040,944922,409630.333,431948.333,428675.333,102494.667,103317.667,92715.667,88761,100410,93931,91983.667,92664.667,90812.667,41917.667,29804.667,38292.667,40406,37135,37492,31977,27500,36386
15 h 30 min,1067769.333,932543.333,1043485.333,925516.333,475382.333,525105.333,418502,433601,428527,925311,1166529,1174903,907366.667,1159817.667,1004295.667,505435.667,531947.667,479033.667,1438123.667,1287839.667,1226167.667,942612,958384,944908,412449.333,432237.333,432154.333,102962.667,103589.667,93211.667,90954,100742,95217,93611.667,94603.667,90792.667,41151.667,32072.667,39210.667,40968,38244,38459,32181,29249,36224
15 h 40 min,1056795.333,929394.333,1121851.333,916481.333,493766.333,527484.333,418956,432611,428362,925119,1171960,1185835,906664.667,1158937.667,998960.667,507786.667,532772.667,479391.667,1437407.667,1292171.667,1224283.667,945486,959099,949047,411102.333,432237.333,431095.333,102632.667,103403.667,93394.667,89092,101319,93764,96681.667,99139.667,90441.667,42140.667,33122.667,38634.667,41457,41091,41238,33744,31083,35776
15 h 50 min,1053413.333,932130.333,1147248.333,855029.333,507242.333,526590.333,421335,432047,429049,923936,1179097,1198596,904780.667,1156242.667,1003924.667,503895.667,532235.667,478085.667,1437600.667,1285419.667,1229880.667,946393,957751,944166,411775.333,431948.333,432127.333,103291.667,104243.667,93730.667,92439,101951,97463,93404.667,94722.667,91217.667,42137.667,33895.667,39578.667,41294,38369,38843,33168,32951,35908
16 h ,1047789.333,932254.333,1130706.333,706960.333,504506.333,519013.333,421129,434178,426024,924596,1187086,1209321,906664.667,1160684.667,1006372.667,508666.667,533322.667,480271.667,1432498.667,1290823.667,1234019.667,945884,960612,948263,413288.333,433199.333,431783.333,105380.667,106586.667,95873.667,93006,104599,96971,97921.667,99731.667,91997.667,44539.667,34410.667,40893.667,43691,41100,40536,34441,34446,37715
16 h 10 min,1045410.333,930260.333,1116873.333,592511.333,521392.333,512096.333,423123,436090,428100,926054,1202350,1221051,906774.667,1160587.667,1007953.667,508254.667,532950.667,481605.667,1436720.667,1287097.667,1227817.667,948126,957848,949226,413907.333,435138.333,433846.333,106223.667,106263.667,95337.667,94317,104567,98443,96927.667,97963.667,92432.667,44500.667,34880.667,41564.667,44176,41044,41038,35217,36551,37629
16 h 20 min,1047128.333,932653.333,1108691.333,524280.333,526315.333,505496.333,422724,437753,428870,926659,1222893,1236067,907132.667,1159680.667,1004914.667,509629.667,535247.667,482444.667,1436362.667,1289778.667,1232066.667,947301,958013,949075,412710.333,434794.333,435757.333,106286.667,107240.667,96998.667,95085,105155,99390,97889.667,99410.667,93276.667,45527.667,35001.667,41790.667,44643,41744,42391,35879,37904,37994
16 h 30 min,1042577.333,928142.333,1104428.333,477032.333,523056.333,505936.333,423425,436956,428774,926796,1214891,1236864,905482.667,1164066.667,1004061.667,507731.667,534614.667,480862.667,1436720.667,1285818.667,1228587.667,949185,957531,948662,412380.333,434767.333,435372.333,107436.667,107100.667,96483.667,95557,105407,99867,97650.667,98940.667,94200.667,45026.667,34658.667,42174.667,44993,41878,41931,36248,39309,38017