time,To1 3 nM + Se1Tr1 15 nM + St1 15 nM,To1 3 nM + Se1Tr1 15 nM + St1 15 nM,To1 3 nM + Se1Tr1 15 nM + St1 15 nM,To1 3 nM + Se1Tr1 15 nM + St1 10 nM,To1 3 nM + Se1Tr1 15 nM + St1 10 nM,To1 3 nM + Se1Tr1 15 nM + St1 10 nM,To1 3 nM + Se1Tr1 15 nM + St1 5 nM,To1 3 nM + Se1Tr1 15 nM + St1 5 nM,To1 3 nM + Se1Tr1 15 nM + St1 5 nM,To1 3 nM + Se1Tr1 10 nM + St1 15 nM,To1 3 nM + Se1Tr1 10 nM + St1 15 nM,To1 3 nM + Se1Tr1 10 nM + St1 15 nM,To1 3 nM + Se1Tr1 10 nM + St1 10 nM,To1 3 nM + Se1Tr1 10 nM + St1 10 nM,To1 3 nM + Se1Tr1 10 nM + St1 10 nM,To1 3 nM + Se1Tr1 10 nM + St1 5 nM,To1 3 nM + Se1Tr1 10 nM + St1 5 nM,To1 3 nM + Se1Tr1 10 nM + St1 5 nM,To1 3 nM + Se1Tr1 5 nM + St1 15 nM,To1 3 nM + Se1Tr1 5 nM + St1 15 nM,To1 3 nM + Se1Tr1 5 nM + St1 15 nM,To1 3 nM + Se1Tr1 5 nM + St1 10 nM,To1 3 nM + Se1Tr1 5 nM + St1 10 nM,To1 3 nM + Se1Tr1 5 nM + St1 10 nM,To1 3 nM + Se1Tr1 5 nM + St1 5 nM,To1 3 nM + Se1Tr1 5 nM + St1 5 nM,To1 3 nM + Se1Tr1 5 nM + St1 5 nM,To1 3 nM + Se1Tr1 15 nM,To1 3 nM + Se1Tr1 15 nM,To1 3 nM + Se1Tr1 15 nM,To1 3 nM + Se1Tr1 10 nM,To1 3 nM + Se1Tr1 10 nM,To1 3 nM + Se1Tr1 10 nM,To1 3 nM + Se1Tr1 5 nM,To1 3 nM + Se1Tr1 5 nM,To1 3 nM + Se1Tr1 5 nM,To1 3 nM,To1 3 nM,To1 3 nM,sfGFP 3 nM,sfGFP 3 nM,sfGFP 3 nM,Control,Control,Control
0 h ,23786,23421,23370,25116,28272,25193,25186,27086,25461,20665,21770,22734,21257,22612,22786,23979,24931,24861,24707,25595,25506,19187,25856,25112,23081,23304,22857,26898,23422,24774,22155,25195,23438,24912,25160,22877,22413,22507,20640,24335,23868,23449,22432,24237,21257
0 h 10 min,15112,14486,15554,15423,21286,15057,15448,15286,15030,14577,13601,13866,13201,14923,13860,13764,14678,14376,16370,15996,15384,15938,16139,15661,13778,13909,13495,17525,13738,13869,12206,13929,12832,13579,14018,12850,12307,12121,11258,13729,13538,13750,12880,14804,13212
0 h 20 min,22748,20713,22046,22060,20797,22086,19547,19075,19689,19503,19324,19938,19528,23317,19636,17311,18073,18001,27255,28278,23926,22536,23177,22818,17082,18132,17832,15745,14926,14760,13144,15715,13985,15157,15690,13629,12945,12273,12047,14475,14366,14619,13229,15683,12263
0 h 30 min,36957,31119,34125,33483,30015,33840,25304,24858,24949,29591,30492,30315,31952,37604,29601,23275,24108,23602,44672,48774,41147,34456,35697,34648,22874,25024,23472,17097,16614,16464,14652,17681,15579,16923,17624,14988,13741,13167,12614,15188,15303,15545,14339,15926,13119
0 h 40 min,58777,46819,51585,52283,43721,49560,33602,33647,33985,43207,49339,48378,51961,56021,45826,31366,32824,31598,68622,75674,62077,51705,54286,53107,30457,33527,30498,19329,19020,18194,16867,19896,18100,18858,19998,16900,14589,14012,13525,15878,15642,16110,15118,17258,13885
0 h 50 min,86430,65967,73597,75728,63329,70820,44010,44033,43919,62671,74796,77516,75088,80181,66072,41976,43559,41293,97252,108521,88540,74170,76607,74991,38996,44243,40335,22270,21523,20177,19095,21952,20111,21254,22671,19075,15688,14789,14436,16787,16394,16753,15815,18213,14575
1 h ,121453,93872,101651,107042,86009,98166,55814,56241,56702,85599,107200,109524,103509,108119,90925,54557,56503,53487,131838,148541,120103,100694,103553,100735,53121,58056,53214,24040,24351,22838,21145,24254,22281,23458,24321,21204,16322,15371,15075,17441,17096,17713,16502,18986,15390
1 h 10 min,161068,123708,137984,140170,113593,127047,68168,70337,71120,114447,143081,143993,136873,146324,119041,69087,72815,65707,170921,198621,164000,133454,133158,130188,68823,73968,67276,26725,26529,24327,23458,26446,24556,25433,27005,23771,17344,16215,15293,18454,18010,18236,17323,19621,15795
1 h 20 min,202128,155406,167557,175110,141838,161359,82604,84265,85786,146107,187839,184991,176108,183277,146929,84313,89735,80256,217442,250733,201222,173895,166095,163457,83145,89827,80935,28428,29104,26861,24697,28947,26505,28152,29332,25715,17418,16347,16164,18834,18743,18962,18044,20217,16087
1 h 30 min,249440,191415,207562,218734,174401,196871,97155,101887,103129,181188,234507,230904,213918,223932,181263,102057,108583,97542,266518,303852,249234,214513,202082,196194,100016,107893,99104,31151,31701,29238,27204,31715,28907,30402,31646,27932,18251,17179,16766,19420,19515,19872,18926,21209,16574
1 h 40 min,308335,233021,265363,264552,210556,238962,118266,123795,125333,224840,274274,272308,253263,262146,227617,123159,129833,116461,320023,371025,298874,263411,248890,241107,115301,124267,114948,35469,36052,32755,30411,34797,32248,33538,35627,30949,19468,18168,17697,20025,19818,20391,18789,21420,17368
1 h 50 min,351306,269159,296949,304540,245438,274315,132289,139194,140351,262654,335658,319143,299837,305901,258103,140868,149997,133029,375645,427678,358044,301831,285357,277602,131400,144222,132481,36856,37786,34122,31879,36833,34688,36457,37481,33500,19993,18125,17885,20961,20711,21147,20218,22579,17964
2 h ,402652,321467,343289,346576,281947,309627,149259,158379,157712,301418,382149,365401,337872,343193,297142,160833,172632,152279,429989,485212,400768,365098,328384,319501,151955,164221,150985,40065,41590,37056,34196,39700,37205,38724,40184,35274,20367,18576,18625,21161,20851,21594,20592,23132,18512
2 h 10 min,462647,372923,402693,396808,322814,350784,168592,180155,180598,353135,423608,404715,374614,377144,351788,186640,198584,176381,494563,550006,465425,422989,374380,359956,170183,184054,169033,45327,46177,41163,38455,43175,41388,41649,43795,38444,21546,19557,19390,21915,21892,22344,20939,23511,19504
2 h 20 min,509895,409294,449584,429604,356724,380376,187922,198392,198805,409170,484346,461121,431859,424213,387155,204997,221869,195603,547380,607636,510514,501878,415853,405512,186317,201367,186811,48615,48137,43422,40047,45491,42906,44748,46637,41450,21592,19505,19660,22434,22546,22867,21410,23700,19312
2 h 30 min,570646,459910,502593,477305,402459,422536,211173,222887,224083,467391,539858,511696,488003,461258,431419,238219,253400,226352,621222,685741,572516,569353,471104,450134,213055,228690,205453,52046,50661,46746,43792,48291,46290,47528,49068,44380,21956,20175,20077,23163,23107,23181,22216,24618,19844
2 h 40 min,644846,517747,580299,537672,454671,468326,235717,250801,251736,519273,588082,556634,536819,487701,486890,272610,289427,256590,699643,764588,650511,623367,529999,497203,233544,251970,231413,57155,56471,51949,47808,52976,50737,51445,53656,47102,22927,21178,20731,23440,23573,23847,22440,24969,20736
2 h 50 min,705721,569807,640102,587848,498949,515244,255532,273050,272720,574056,643787,609093,588508,524141,537947,297375,314646,283006,780690,840782,714452,683224,577673,547847,254569,272693,254321,60743,60751,54649,51020,55739,53871,55250,56688,50433,23504,21500,21102,23945,23694,24518,23035,25299,21620
3 h ,761494,619544,696411,632429,540628,554901,275360,293443,295409,624261,693647,656960,636155,561859,585456,321164,341309,305268,859139,909453,772715,734900,619847,589155,274907,292563,276048,63023,64173,57141,52744,58557,56101,58394,60325,52518,23482,22471,21509,23992,24357,24582,22972,25654,21794
3 h 10 min,809581,665706,745199,677353,578773,593101,294213,313065,314303,668951,745529,701802,679127,592111,634010,343303,367230,327160,931950,973051,834621,778421,666627,631122,293525,312006,294391,66674,67910,60370,55610,61732,59232,60966,63452,55289,24170,22978,22248,24279,24766,25053,23647,26499,22516
3 h 20 min,858658,710327,794565,720269,613122,629486,314234,330542,331381,707109,797233,747991,718083,621180,676775,360698,391926,345916,998710,1023805,885266,815466,709103,679594,308844,328975,311814,68964,70731,62929,57692,64866,60951,63512,66248,57477,24699,23152,22370,25022,25041,25627,24345,26578,23042
3 h 30 min,874746,735670,813582,742257,629101,652546,330584,343014,341021,742422,844302,786686,752199,662777,698089,373060,408634,356367,1056450,1068441,928278,850792,744457,714480,323887,342959,327105,69363,71547,62637,58226,67224,61361,65246,67569,58897,24510,22761,22360,25351,25400,26143,24939,27457,22749
3 h 40 min,930808,782505,875434,789092,663836,689247,347428,364590,362087,774324,871391,819523,782602,688628,762663,403642,434760,382658,1126098,1123925,982580,869521,784513,753464,334558,355638,343083,73177,75879,66026,61111,69268,64077,67764,71913,60355,25205,23761,23053,25928,25673,26361,24705,27469,23461
3 h 50 min,958805,811698,905782,821214,682262,715154,360451,377213,373514,798429,907542,847794,808151,719705,802045,422783,451605,397275,1180139,1167185,1026459,885376,813184,778105,346108,367340,355060,74958,79028,67688,62331,71347,65755,70074,74359,61779,25081,24271,23277,26430,25802,26212,25221,27729,24042
4 h ,962793,817171,897655,827704,682152,727186,371960,381283,374366,818134,939994,874526,821957,758345,811712,429590,460818,403147,1217239,1190768,1046756,902798,843958,810488,356477,375769,366363,74176,78174,67564,61719,72910,65073,71999,75054,62524,25154,23319,22545,26083,26036,27053,25579,28383,23615
4 h 10 min,977946,834607,916494,845209,691764,741225,380046,388956,381503,833287,961569,895180,836257,795266,838719,438830,470677,413391,1264019,1218600,1078740,912382,868008,835460,364438,383799,376017,75011,79547,68275,62733,73716,66328,73944,76797,62985,25444,23346,23146,26120,26292,26959,25640,28187,23810
4 h 20 min,1013891,867307,956014,875612,713449,763914,386371,400507,393260,844549,967537,905259,848564,817611,890257,458453,486587,430236,1316382,1255342,1115152,914239,889143,856774,369801,386577,384542,77365,82238,70190,64708,75483,68402,75213,78787,63420,25830,23943,22924,26465,26505,27170,25407,28197,24273
4 h 30 min,1024369,875777,966602,885087,722552,772756,391362,405100,398747,850847,980614,919766,855605,849610,913771,466112,495099,435310,1347047,1272214,1130044,918900,902729,870387,374449,390716,390854,78281,83704,71397,66025,76827,69532,76757,79945,64530,25692,24356,23044,26634,26372,26948,25173,28276,24410
4 h 40 min,1010412,864846,949166,878610,709241,771821,393260,402239,391857,858988,994269,926147,861174,892705,904269,463101,492060,431955,1349164,1270179,1135173,929887,913386,887493,378148,395226,394759,77023,82302,69174,64579,75512,67786,76691,79828,64781,25190,23272,22370,26215,26646,26976,25601,28353,23891
4 h 50 min,1044005,891385,981838,900694,731393,790495,399627,410916,404715,859318,1001831,937601,868462,907019,945728,475476,504711,444675,1386553,1294010,1162194,926697,924084,893516,382191,395845,399063,79413,85023,71777,66328,77295,70353,78068,80870,65838,25479,24378,23149,26161,26175,26992,25687,27956,24363
5 h ,1047966,895345,981123,908106,731930,796916,399984,412236,403876,865313,1005943,942373,870868,935965,949564,478268,509785,448153,1398887,1301696,1176990,931262,933724,902358,383965,398857,402611,79838,84638,72614,67142,77751,70927,78513,81321,65839,25668,24071,23170,26271,26374,26732,25225,28136,24095
5 h 10 min,1054153,899869,989084,912905,735698,800423,401923,413323,405636,870318,1016902,949413,874884,957788,959341,482228,512095,449749,1407372,1303154,1184415,932335,938839,911970,386123,401002,402377,80389,86330,73161,67534,77427,71428,79021,81760,66295,25842,24627,23253,26284,26014,27017,25515,27828,24405
5 h 20 min,1053191,903582,991642,912547,739534,799831,403229,414849,409569,872271,1016627,952590,879738,984615,965474,484566,516151,453695,1424409,1311638,1189146,933669,946801,915682,388612,402789,406021,81138,86728,73113,67742,77484,71890,79831,83084,66710,25873,24657,23445,26349,26511,26893,25304,28276,23991
5 h 30 min,1058237,905067,996372,919835,737540,808398,405388,416403,409335,874842,1023448,953428,883423,1004678,972350,485858,517155,455840,1425041,1313990,1202126,932238,948079,919230,387086,404481,410229,81175,86855,73669,67994,78212,71811,79874,83023,66547,25898,24687,23401,26572,26426,26860,25399,27956,24296
5 h 40 min,1060190,912272,999288,921004,739644,811148,406048,417365,410339,873605,1026528,955340,883519,1026005,976764,487797,518544,456060,1429730,1316272,1195705,934590,953841,922173,389589,406213,409981,81797,87654,73851,68703,77427,71268,79890,83105,66748,26711,24900,23413,26232,26155,26986,25297,28456,24312
5 h 50 min,1061854,912657,1004100,921788,740222,812125,406378,417957,412621,875984,1030048,958901,887424,1045243,982800,487990,518957,456583,1429662,1317262,1192735,934397,954377,925060,392036,406158,411356,81736,87354,73908,67865,76326,70533,80972,83544,67079,26386,25013,23212,26550,26349,27217,25161,28532,24510
6 h ,1042905,894575,977919,908848,724312,802265,405196,409954,404522,879201,1034187,960290,884440,1072167,952810,479547,512054,447851,1415540,1303951,1189998,941658,957031,930135,392201,407685,411466,79658,86094,72614,65457,76655,69105,80430,82681,66918,25634,24440,22738,26701,27131,27263,25815,28724,24104
6 h 10 min,1063422,914101,1006342,924070,741514,817034,407231,420377,415041,878308,1033940,962944,890546,1071328,988232,490726,522518,458150,1439975,1318060,1200724,936075,956907,929997,393686,408592,413721,81417,88332,74387,68102,77019,71015,80795,84487,67462,26240,25115,23177,26881,27363,27518,25805,28150,24558
6 h 20 min,1062088,917195,1006933,926353,743522,817419,408194,420363,416114,880851,1037185,963838,892870,1075660,989181,491166,523274,458810,1438558,1319916,1203061,935607,959410,928209,393838,409472,414505,82170,88731,75057,68448,77548,71087,81137,84321,67880,26482,25569,23673,26844,27327,27397,25694,28437,24585
6 h 30 min,1043634,898783,985523,909618,727172,807463,408276,412126,406750,884110,1038230,962765,888084,1098816,956729,482847,515051,450326,1420077,1305024,1197864,942524,956797,933710,395116,410751,414918,80567,86075,74014,66971,76562,69987,80945,83019,67484,25974,25105,23180,26838,26817,27597,25907,28585,24029
6 h 40 min,1063435,918941,1011925,930437,744113,822452,410105,420198,416417,886228,1044404,967551,899346,1090304,991216,493820,524237,461368,1441817,1320040,1212371,934920,959905,934246,395089,411906,416403,83400,89926,76166,69935,78756,72551,81848,84579,68048,27066,26072,23694,27373,27195,27790,26061,28880,24596
6 h 50 min,1041778,906194,992797,916920,728203,811080,409692,413226,407410,887864,1043290,964814,895427,1111096,965570,486023,516743,453063,1423804,1306963,1201810,941795,961349,941892,395336,411260,419098,81609,87782,74654,68242,78197,71183,81220,83912,67889,27095,25424,23744,27051,26972,27498,26576,29423,24642
7 h ,1044995,905727,993168,917264,730623,812771,410930,414684,409225,887617,1045243,967922,896280,1115551,966519,485735,517843,454204,1422484,1302521,1193436,942524,960648,939650,397688,412924,416733,82336,88292,74823,68273,77962,70390,82032,83086,68941,27036,25771,23895,27291,26993,28315,26609,29665,24577
7 h 10 min,1044555,905149,995121,921279,728905,811795,409720,413859,408854,889831,1045958,965405,898865,1119814,966217,485955,515216,453750,1421246,1305657,1199514,943638,960359,942208,396945,412374,420005,82372,88179,74988,68153,76947,70120,81819,83560,69329,26985,25986,23851,27522,27241,28284,26497,29570,24879
7 h 20 min,1061414,923905,1013836,934535,742697,824638,412951,421752,419070,890656,1045408,965749,907528,1107122,995176,493889,525089,461684,1442519,1319229,1213677,935814,959905,937615,397867,414478,420432,84265,90532,76818,69998,78315,72840,82618,85314,69955,27402,26850,24948,28157,28331,28632,26624,28855,25212
7 h 30 min,1063587,924332,1016875,937147,741170,827856,416417,422852,416884,891481,1050248,968169,906469,1109226,1000195,497285,525433,463541,1442546,1320906,1212866,934274,963412,939733,399118,415701,421174,85242,91985,78042,70723,79474,72805,82951,84664,70370,28912,27699,25588,28007,28022,28895,26877,29489,25588
7 h 40 min,1067533,926724,1018828,936900,743027,828419,416169,422948,419840,893434,1050276,970081,910058,1111990,998476,496763,525131,465617,1445338,1319751,1216661,936817,963343,939925,399173,417228,423017,86043,91512,78295,71456,79616,74029,82889,84981,71300,28460,27270,25772,28082,28213,28967,27099,29164,26017
7 h 50 min,1062321,927646,1022747,936034,743137,831266,417173,424433,420115,894451,1053012,968871,912245,1117600,1002780,498729,526905,465865,1443041,1320961,1222739,935387,965268,940723,398499,417613,422247,85890,92524,78865,72770,80412,75768,82717,85366,71657,28714,27879,26046,28436,28622,29259,27192,29494,25818
8 h ,1066790,929640,1019474,939980,742848,832173,417654,425643,419882,896087,1054373,968527,913702,1115661,999439,497808,526671,466786,1443963,1319311,1218999,938069,963150,943129,401868,419277,422824,87064,92938,79558,72335,82022,74956,84055,85848,72154,29752,28205,26684,28710,29141,29226,27200,29692,26376
8 h 10 min,1065525,931496,1018222,941520,742724,832765,417778,424736,419249,898975,1053631,966409,912341,1118329,997954,498330,529008,466951,1445901,1319187,1222148,934329,965722,944353,401456,419180,424791,87193,92892,78621,73177,81579,76073,83898,85940,72594,28897,28064,27016,29482,29141,29606,27675,29656,26507
8 h 20 min,1066735,932321,1023544,941465,743274,832792,418630,426757,421876,900006,1054305,963865,914225,1119470,1003000,499650,528032,468092,1448198,1319600,1226080,934920,963769,944325,400631,420459,426138,88186,93409,80907,74617,83596,77640,84505,87077,73522,30037,29203,27167,29121,29616,30341,27853,29756,26679
8 h 30 min,1069499,931523,1020326,941561,742807,835817,419125,426606,422357,901340,1052710,964333,918268,1123444,1002134,499155,527661,466965,1445530,1315887,1227565,934975,966519,943418,401579,419428,426523,89303,94872,81269,74906,83962,78616,85189,86831,74067,30799,29238,27694,29661,29641,30065,28120,30185,27308
8 h 40 min,1046701,913400,1001859,923452,726856,820004,415454,420005,414849,898095,1046577,960813,909343,1142241,973656,488512,520318,456046,1424395,1302769,1212302,942222,960386,945577,402996,417998,423979,86566,92994,79295,71641,83166,76136,84226,86444,74050,29946,28927,27713,29695,29796,30473,28332,30796,27353
8 h 50 min,1069362,929708,1016022,937381,740703,832861,417929,428077,422852,902867,1045504,962449,915187,1126057,1001749,500283,528142,468202,1450467,1318252,1233451,935979,966341,944532,402102,421408,425437,90490,95390,82563,76116,85113,80258,85439,88236,75316,30998,30174,28995,30179,30199,31011,28552,30657,28134
9 h ,1047704,913001,997142,926064,726911,823538,417695,421243,416499,902647,1048722,962298,910828,1141774,973312,490836,520249,459622,1427833,1302315,1224403,944009,965172,947722,403876,422426,424708,89032,94215,81019,74900,85718,78160,85359,86453,76105,30589,29638,28469,30391,30561,31110,28951,30408,28073
9 h 10 min,1048282,917374,1002794,924414,725549,822575,418053,423086,419318,905149,1043029,964017,914060,1146394,977712,491840,523426,460337,1429345,1305698,1225063,942098,961789,946388,404426,423402,428737,90260,94127,81812,76543,87757,80155,85252,87599,76496,30786,29547,29267,30818,30505,31823,29722,30897,27770
9 h 20 min,1068812,934700,1015871,940104,739685,834511,422632,429576,425533,908243,1045312,966519,922792,1130677,1004953,503212,530934,472396,1453698,1319421,1237631,935222,965887,945137,404948,424860,429659,94018,98502,85074,80188,89015,82616,86804,89604,78306,33602,32492,31152,31034,30877,31576,29419,31676,29904
9 h 30 min,1070173,934315,1015789,940131,737650,835240,421587,431542,425423,906799,1042286,967454,924112,1132630,1004458,503336,530947,471654,1452103,1317427,1237384,935470,967523,948492,405993,426400,429177,93687,98635,85831,79568,88606,83218,87434,89727,78734,33685,32800,31512,31904,31510,32392,29717,31687,30499
9 h 40 min,1051142,919849,997376,927591,723501,823854,418397,424585,420019,907982,1045559,966836,919629,1151950,975182,494054,523247,463073,1428782,1299221,1227290,943610,961885,948602,405416,425960,430745,93718,97742,86032,78943,90120,82246,87143,89023,79333,34920,31812,31738,32033,31772,32590,30859,32958,30405
9 h 50 min,1048749,916301,998380,925624,721919,821448,420693,424089,418617,911282,1048406,966409,918501,1149433,976062,493435,523412,463843,1431119,1303099,1228212,942909,964800,948643,407217,425341,430181,91853,97509,84759,78451,88904,82681,87263,89009,79417,33318,32363,32186,32988,32435,33862,30842,32977,30715
10 h ,1071590,933779,1019350,938344,735175,830963,422701,433289,428435,909453,1050152,971676,924634,1136975,1009312,503776,534564,474390,1454564,1315598,1242499,940640,969366,948712,407327,428765,431694,97434,102387,90035,83475,94016,87617,89002,91236,83012,36956,34120,34120,33515,33524,33905,30986,33655,32506
10 h 10 min,1072456,938069,1015115,939059,734432,830537,423636,434004,427458,912671,1047966,971195,927316,1139698,1012447,507241,533409,476095,1457026,1320122,1246432,940021,967688,949564,409459,428572,431845,98645,103151,90629,84109,93053,87341,89276,91922,83236,37635,34929,35333,34063,32830,33951,31777,33634,33016
10 h 20 min,1076952,938316,1013258,940791,733552,831843,423594,434540,427747,915710,1048598,970796,928966,1137112,1011526,507282,535499,478777,1454729,1319504,1245387,939031,969338,949551,409074,430002,432423,99577,104550,92142,85646,94572,89239,89960,93202,84489,39067,35677,36569,34545,33780,34458,32045,34457,34063
10 h 30 min,1060520,918323,996015,924579,722277,821214,422247,426386,421339,914720,1051527,966052,917388,1153503,980834,495718,526437,465727,1431106,1304708,1228913,944944,964223,953085,410696,427651,431047,96398,100914,88622,81883,93143,86107,90118,91270,84545,36779,33321,35224,35350,35123,36259,32669,34433,32511
10 h 40 min,1079469,938165,1015610,939664,734872,832462,426716,436080,428256,917044,1053328,969792,931853,1144070,1014083,509290,536544,478694,1454482,1317303,1245565,942703,971043,951833,410531,431047,433468,102013,106479,93989,87858,95823,91479,91251,93390,85921,40538,37147,38433,36045,35571,36285,33421,35035,35106
10 h 50 min,1061524,918240,995355,925404,719595,821599,423044,429260,422976,918460,1053535,964525,922420,1157917,984134,496034,528060,471117,1432439,1303085,1231223,944518,966753,954089,411384,430140,434444,97948,104500,91553,84043,95663,87722,91398,93450,85641,39431,36071,37166,36861,36271,37746,34471,36210,35393
11 h ,1080101,938344,1017659,940214,734240,837564,425877,434994,428297,920880,1056959,965901,930107,1146477,1014262,509386,537273,481678,1458030,1317400,1246033,942235,971758,952947,412608,433248,434059,103319,108291,95030,89744,97589,93544,92626,95539,89021,41190,36642,39990,38140,37028,38060,34380,36062,35875
11 h 10 min,1080225,940998,1016311,937312,735189,836491,424750,438652,431254,921527,1054291,963453,930561,1151551,1013767,510940,537878,481884,1455087,1319834,1244603,938990,968431,952122,413721,432161,436864,102523,107378,94417,90016,98064,94300,93439,96939,89642,41042,36679,39936,39218,37746,38573,34803,35876,37100
11 h 20 min,1081765,940516,1015995,938206,733937,839393,427417,438927,431226,923699,1058251,954625,933490,1149447,1016311,513030,540037,484043,1453423,1316973,1250186,941176,970865,952136,413611,433206,435833,105552,110174,97095,91807,100140,94593,94635,97423,90701,43549,38874,41751,39889,38616,39378,35288,37298,39050
11 h 30 min,1064315,924277,998091,925212,724436,831211,426001,433165,425918,923452,1052627,944490,926188,1163624,986018,502318,532061,471695,1433691,1301201,1236944,947846,967606,958695,414450,433756,436341,103743,108310,96100,90222,101499,93670,93081,97024,91789,44716,37845,41114,39312,38058,39976,37018,38231,39000
11 h 40 min,1064522,924840,1001818,926037,724628,833700,425080,433715,427816,925047,1053163,1010330,923438,1169111,989566,502978,532102,472066,1432082,1300816,1230261,948918,966093,957898,414973,432134,434664,101886,108445,96336,88401,100445,92551,94821,98130,91349,43281,37678,41146,41631,40446,41624,36873,38286,39590
11 h 50 min,1065209,923795,996427,925734,727351,833521,426867,432931,426977,924194,1052490,1134293,924442,1167557,984313,501864,533230,472520,1435671,1299455,1235885,948932,967812,958324,413831,434719,437689,104995,108815,95838,92584,102409,96992,95514,97347,95674,44062,37828,43250,41817,40951,41463,37891,38411,39453
12 h ,1079991,938811,1017562,938853,738640,845924,428050,440769,434678,925693,1052545,1172686,934054,1156116,1016641,514928,543763,485652,1456806,1318184,1242403,942799,971525,956041,417915,435915,438404,108328,113078,100736,94573,103919,97746,97652,101307,94848,47431,40422,44040,43411,42260,42799,38272,39316,42108
12 h 10 min,1081669,941506,1017122,942785,741514,845319,430525,440769,433853,927879,1050853,1215478,931675,1157079,1016999,513841,544574,485240,1458731,1315777,1245304,945824,971181,958145,417970,435998,439312,109647,113589,100308,97112,103822,101464,97541,101144,98810,46775,39681,45797,44325,42779,43504,38281,39092,41578
12 h 20 min,1065319,925734,1002395,932362,728795,838073,427692,434939,427706,927178,1037845,1207929,927714,1172425,989181,505096,535788,476700,1434172,1301614,1234785,952548,970700,958613,417187,435915,439050,108562,111916,100235,93202,106217,97286,98020,101997,95991,47916,40324,44638,44762,43695,45581,39633,40382,43087
12 h 30 min,1080253,943679,1022375,950156,740840,849871,431666,443891,436864,928498,1030585,1211656,935346,1156089,1022994,520249,547586,489997,1459886,1315571,1248714,948959,975127,958173,418163,440398,441003,112805,116961,104481,99969,107843,102264,99439,105418,100722,51766,42660,47698,45885,43422,45405,40737,41076,45319
12 h 40 min,1076100,941506,1023090,952012,739218,850311,434568,444303,437194,932568,1028329,1205647,938289,1156859,1021041,521624,547723,492527,1459487,1315681,1249938,948574,976846,960483,421009,441306,442021,112567,116924,105030,99781,108444,102797,101399,105383,99864,51932,42701,48741,47735,45209,46291,41046,41390,46102
12 h 50 min,1077186,945480,1028481,956041,742119,850778,432931,446572,437689,933242,1240739,1197314,937986,1160503,1024080,518723,546445,491427,1461660,1312037,1249058,951421,972308,960620,420748,440549,442158,114520,117849,105131,101606,109770,104488,100962,102677,102620,51755,42197,49646,48633,46668,46918,41101,41164,47024
13 h ,1064549,943528,1025785,958241,742339,851067,434279,446352,438390,936157,1301380,1187715,939169,1161438,1022650,519740,547146,492335,1461990,1314966,1246280,949730,975609,959988,421518,442131,443712,115223,118892,106619,102124,109417,105186,101944,103341,104125,52813,43541,50505,49094,47558,48286,41981,42544,47768
13 h 10 min,1068922,941451,1023654,959781,738255,852277,433605,446201,438927,934617,1306275,1177897,937230,1161328,1023118,520029,548672,493518,1463888,1314127,1252592,951228,976145,963027,422852,441979,443918,114587,118490,105885,102177,110438,106239,103899,107114,104177,51480,42283,50402,51034,48548,49630,42196,42358,46538
13 h 20 min,1048887,931221,1008927,946484,728698,842335,434100,444124,434251,934865,1317276,1161328,932348,1182408,996716,513346,541315,483383,1437678,1300500,1236586,958241,970590,965557,420184,443781,445431,113925,117934,105706,101090,113030,104596,105256,108483,104541,54344,43794,50998,53058,49854,51440,44933,43487,49130
13 h 30 min,1183728,931771,1007566,949867,726608,840245,433344,445197,434444,934480,1304281,1150684,930300,1179066,994489,512274,542168,484112,1437321,1298534,1237686,958846,973766,965639,423842,446531,445018,114907,118030,106023,101620,112749,105150,105116,107820,105019,53997,43873,50631,53234,49854,51292,45970,44593,48952
13 h 40 min,1165577,943720,1019611,961280,736220,848427,437084,448566,442131,937629,1289018,1150354,938385,1167103,1024232,523948,551546,495264,1464809,1315928,1248467,953153,977781,961968,425231,444207,445953,116741,119706,108716,103307,113177,107697,107950,111075,106254,54209,45240,51889,54087,51904,53046,45152,44305,49782
13 h 50 min,1154507,943225,1019694,961789,734515,844728,437153,449694,442529,936474,1283490,1140481,937973,1168891,1024562,522793,551560,493586,1460876,1314388,1246542,954639,974770,964154,424337,444124,446380,116058,120549,108831,103541,112298,106932,109123,111633,107275,54103,44526,51508,55517,53016,54056,45463,44439,48626
14 h ,1144675,946017,1018993,964127,729991,841593,439325,452031,441883,939801,1267677,1135476,937161,1167515,1023764,525461,552577,498550,1462457,1316781,1253307,955147,977809,965199,426936,447466,447493,119601,123311,110729,106875,116819,110097,109444,113758,107415,57166,46769,54745,55756,54045,54543,47407,44984,52070
14 h 10 min,1140894,945439,1020161,964622,728850,832682,438610,451880,444496,939458,1255232,1124640,936446,1170967,1025538,524526,552880,497409,1459927,1314100,1252647,957636,976007,966203,427293,448745,446338,122155,124933,113036,107812,118129,112316,111752,115318,110113,60384,47649,55373,59444,55482,56082,48775,45752,53960
14 h 20 min,1138501,947543,1017975,966368,719719,825532,438047,452567,444578,940778,1240766,1129274,936721,1171118,1023682,524168,553086,498647,1463186,1311982,1249237,957691,977822,965158,427802,449322,449254,122462,124312,112776,108972,117417,111940,110210,111769,110623,59403,47870,56569,57467,54914,55569,48578,46320,54223
14 h 30 min,1139381,948272,1018126,963700,718605,718220,441718,454259,446930,942235,1230563,1126882,935717,1171764,1025923,524443,549772,497588,1464053,1309232,1251533,961390,976530,963865,429205,449020,448538,123047,125116,112400,109380,117831,113309,109864,111463,111983,59235,48183,56517,58077,55892,55796,50323,46237,55272
14 h 40 min,1134568,950871,1013547,966341,705061,671949,440783,454671,448098,941603,1213443,1135779,937189,1170994,1027408,525640,550776,499912,1461289,1311624,1250213,962009,978043,964003,429246,448841,448250,123593,125619,113925,110106,119252,113969,111214,111778,112480,60023,48777,57040,60318,57019,56916,49954,47120,55180
14 h 50 min,1203116,949152,1021866,961830,606137,523591,441168,451742,446283,939568,1268488,1208452,924442,1153311,1020423,523247,552206,496625,1449697,1306784,1243118,955244,972267,960606,426743,448621,445857,123337,125391,113592,107383,121135,109771,116244,118649,107089,60993,49441,56348,62045,60511,61509,52902,48599,55662
15 h ,1117545,951875,999150,961761,531360,507007,439710,456335,452911,941685,1196695,1154205,930616,1178489,1029278,526451,554516,500847,1466885,1311913,1252317,962697,977809,964113,432546,452004,450601,125802,127287,116035,111843,121550,116101,113996,115076,113364,62147,49971,58494,61695,58853,58868,51723,48562,57244
15 h 10 min,1106200,956344,984877,960304,489420,527688,442653,457972,454025,944215,1181954,1166883,930781,1176976,1028742,527936,554393,500874,1465441,1311418,1247848,965914,981274,964429,432106,451935,451811,126451,127639,116645,113076,122294,116246,113228,114783,114276,62246,51066,59211,61298,58744,59011,53094,49201,57196
15 h 20 min,1099243,952892,948877,958613,497010,549951,442708,458288,454479,946429,1185254,1176797,929585,1176825,1028219,528073,555905,503831,1466885,1311198,1249759,966409,981425,968307,432711,455029,451756,127526,128349,117747,112357,124006,117527,116300,116981,115129,63771,51658,60146,64290,61019,61376,54619,50142,59028
15 h 30 min,1091295,956069,1067011,951710,501576,551299,444413,459512,454438,947034,1188252,1196626,929585,1182036,1026514,530026,556538,503624,1463393,1313109,1251437,965997,981769,968293,435530,455318,455235,127994,128621,118243,114550,124338,118813,117928,118920,115109,63005,53926,61064,64852,62128,62343,54823,51891,58866
15 h 40 min,1080321,952920,1145377,942675,519960,553678,444867,458522,454273,946842,1193683,1207558,928883,1181156,1021179,532377,557363,503982,1462677,1317441,1249553,968871,982484,972432,434183,455318,454176,127664,128435,118426,112688,124915,117360,120998,123456,114758,63994,54976,60488,65341,64975,65122,56386,53725,58418
15 h 50 min,1076939,955656,1170774,881223,533436,552784,447246,457958,454960,945659,1200820,1220319,926999,1178461,1026143,528486,556826,502676,1462870,1310689,1255150,969778,981136,967551,434856,455029,455208,128323,129275,118762,116035,125547,121059,117721,119039,115534,63991,55749,61432,65178,62253,62727,55810,55593,58550
16 h ,1071315,955780,1154232,733154,530700,545207,447040,460089,451935,946319,1208809,1231044,928883,1182903,1028591,533257,557913,504862,1457768,1316093,1259289,969269,983997,971648,436369,456280,454864,130412,131618,120905,116602,128195,120567,122238,124048,116314,66393,56264,62747,67575,64984,64420,57083,57088,60357
16 h 10 min,1068936,953786,1140399,618705,547586,538290,449034,462001,454011,947777,1224073,1242774,928993,1182806,1030172,532845,557541,506196,1461990,1312367,1253087,971511,981233,972611,436988,458219,456927,131255,131295,120369,117913,128163,122039,121244,122280,116749,66354,56734,63418,68060,64928,64922,57859,59193,60271
16 h 20 min,1070654,956179,1132217,550474,552509,531690,448635,463664,454781,948382,1244616,1257790,929351,1181899,1027133,534220,559838,507035,1461632,1315048,1257336,970686,981398,972460,435791,457875,458838,131318,132272,122030,118681,128751,122986,122206,123727,117593,67381,56855,63644,68527,65628,66275,58521,60546,60636
16 h 30 min,1066103,951668,1127954,503226,549250,532130,449336,462867,454685,948519,1236614,1258587,927701,1186285,1026280,532322,559205,505453,1461990,1311088,1253857,972570,980916,972047,435461,457848,458453,132468,132132,121515,119153,129003,123463,121967,123257,118517,66880,56512,64028,68877,65762,65815,58890,61951,60659