,,"Negative Control","Negative Control","Negative Control","Sense only","Sense only","Sense only","Sense with 5 nM STAR","Sense with 5 nM STAR","Sense with 5 nM STAR","Sense with 10 nM STAR","Sense with 10 nM STAR","Sense with 10 nM STAR","Sense with 15 nM STAR","Sense with 15 nM STAR","Sense with 15 nM STAR","Se1 + St1 oligo (I)","Se1 + St1 oligo (I)","Se1 + St1 oligo (I)","Se1 + St1 oligo (II)","Se1 + St1 oligo (II)","Se1 + St1 oligo (II)","Se1 + St1 oligo (III)","Se1 + St1 oligo (III)","Se1 + St1 oligo (III)","Sense with 15 nM STAR and 15 nM antiSTAR","Sense with 15 nM STAR and 15 nM antiSTAR","Sense with 15 nM STAR and 15 nM antiSTAR","Sense with 15 nM STAR and 10 nM antiSTAR","Sense with 15 nM STAR and 10 nM antiSTAR","Sense with 15 nM STAR and 10 nM antiSTAR","Sense with 15 nM STAR and 5 nM antiSTAR","Sense with 15 nM STAR and 5 nM antiSTAR","Sense with 15 nM STAR and 5 nM antiSTAR","Se1 + St1 oligo (I)+ antiSTAR","Se1 + St1 oligo (I)+ antiSTAR","Se1 + St1 oligo (I)+ antiSTAR","Se1 + St1 oligo (II)+ antiSTAR","Se1 + St1 oligo (II)+ antiSTAR","Se1 + St1 oligo (II)+ antiSTAR","Se1 + St1 oligo (III)+ antiSTAR","Se1 + St1 oligo (III)+ antiSTAR","Se1 + St1 oligo (III)+ antiSTAR",Sample,Sample,Sample,"Positive Control","Positive Control","Positive Control"
"0 h",,24461,32596,31950,36655,31699,31758,41953,40036,40513,30896,28901,39872,30765,27331,27186,27785,28458,27775,26615,36709,27064,26713,30211,31839,29977,25793,23109,30656,29351,36668,29485,31599,25133,26356,28633,26142,34660,25514,31854,31345,31305,22075,25674,24701,25818,38219,32047,34128
"0 h 2 min",,22524,29797,30560,33561,30522,29984,40036,38327,37340,29135,27074,36144,28159,25401,24929,26005,26395,26100,25292,33192,25084,24853,28358,29688,27674,23141,20735,27370,25719,33838,25787,27074,20702,22945,24326,23687,35279,21262,30754,27559,27624,18185,20340,20327,21545,35866,28513,30677
"0 h 4 min",,20200,27495,27779,31837,27471,27292,36645,35384,35082,25830,24700,33855,25772,23149,22611,22898,25593,23448,21899,32119,21960,21998,25254,24971,24822,20077,17968,24061,22936,30957,22100,24449,19141,19102,21192,20874,30603,18742,26618,23400,23425,16155,17237,17443,19051,34026,24752,28018
"0 h 6 min",,17965,26435,26290,28642,25285,25466,35263,32549,32508,23046,21970,31496,23785,20827,19863,20418,23733,22326,18834,30134,19197,18906,21960,21377,21397,16740,15100,20328,19271,28206,18649,21512,17389,18148,19610,19145,27374,17804,24124,20418,21090,14760,14924,15483,17620,31258,22982,25348
"0 h 8 min",,16671,24735,24671,28550,23704,24124,33637,32536,31879,21796,20467,30390,21599,19118,19478,19546,21704,20727,17982,28207,17671,18100,20454,20857,19546,15104,14000,17220,16609,26210,17369,20034,17078,17388,19064,18822,25454,17031,22484,19229,19684,14379,14086,15051,17058,29630,21794,22961
"0 h 10 min",,15430,23334,23912,26196,23501,23633,33200,29815,29767,20946,17843,28478,20457,17574,18297,18272,18648,20656,16297,25699,16594,16419,18386,20139,18971,13829,13156,15661,15050,24882,16547,18785,16160,17757,19134,18711,25664,17269,23481,19189,19561,14139,13612,14980,16087,26300,21934,21718
"0 h 12 min",,14545,22442,23339,26094,23123,22798,33388,29846,30165,19988,17786,27688,19500,17145,18264,18009,18423,19339,16301,25130,16036,15523,18431,18235,18280,13777,13477,15602,14969,24501,16455,18538,16168,18483,20208,18759,25551,17636,23020,19132,19517,14279,13543,15018,16458,26017,21668,21231
"0 h 14 min",,14277,21733,22365,25666,22995,22260,33168,29289,29493,19655,16844,27739,19663,17411,18329,17781,17856,18580,16353,24809,16067,15488,18184,18859,18073,13907,13451,15524,14696,24574,16543,19014,15798,18119,19593,18752,25269,16750,23372,19289,20135,14530,13863,15143,16574,25919,21680,21447
"0 h 16 min",,13969,22304,22729,26626,22270,22653,32755,30637,29967,19169,16788,29285,20241,17466,19220,17948,19417,18029,15822,25957,15614,15478,18234,18074,18172,13933,13392,15538,15337,25010,16892,19461,16386,17624,19305,18328,22884,16752,21866,19092,19463,14595,14093,14964,16635,26052,21640,22166
"0 h 18 min",,14015,21955,22962,26483,22836,22986,33171,29974,30161,19256,16926,28815,20398,17741,19304,18337,18230,18600,16247,24179,15904,15994,18555,18892,18080,14273,13486,15760,15086,24579,16495,19134,16208,18545,20367,19089,25489,17628,23540,19416,19871,14970,14211,15587,16953,25854,22607,21940
"0 h 20 min",,14359,22232,22772,26136,23207,22516,34282,29958,30295,19666,17702,29221,20769,17777,19418,18937,18479,19212,16230,23970,15669,15786,18870,18751,18889,14414,13440,15724,14854,25057,16673,19407,16591,18785,20910,18758,24943,17793,23307,19925,20412,14937,14380,15947,17102,25560,23428,21933
"0 h 22 min",,14333,22468,22385,27993,22737,22751,33682,31397,30640,20128,17536,30875,21771,18566,20512,18891,19564,18015,15747,25938,16002,15984,18661,18301,18613,14406,13470,16195,15264,25120,17238,19642,17422,18317,20409,18804,23235,17722,22255,19737,19723,14883,14742,16018,17336,26783,22920,22494
"0 h 24 min",,14117,21945,22670,26892,24026,23536,35245,31365,32102,20804,17790,30422,21825,19019,20873,18551,18768,19158,16560,24724,16132,15924,19119,19126,18913,14480,13787,16470,15499,25034,17189,20078,16550,19085,21214,19710,25805,18353,24320,20604,20740,15243,14720,16129,17373,27387,24458,23240
"0 h 26 min",,14601,22855,22499,28491,23268,23788,35192,32420,31591,21104,18121,31955,23091,19922,21853,19179,20256,18649,16556,26565,16239,16466,19174,19126,18610,14538,13943,16512,15909,25912,17589,20462,17301,18632,21050,19189,23401,18116,23020,20253,20629,15689,15109,16426,17830,28465,24561,23511
"0 h 28 min",,14092,23267,22646,28725,23673,24056,35289,32447,31581,21542,17998,32557,23755,20533,22063,19221,20662,18938,16281,26981,16444,16232,19282,18482,19235,14552,13879,16500,16206,25990,18208,20958,17262,19090,21187,19372,23506,18419,23032,20604,20786,15871,15585,16660,18328,28268,25829,23890
"0 h 30 min",,14431,23179,22731,29240,24292,24238,35497,33192,32467,22327,18774,33627,24572,21241,23235,19654,21342,19331,16912,27264,16793,16134,19342,18832,19454,14981,14025,16954,16230,26029,18287,20994,17563,19428,21848,19312,23722,18571,23447,20755,21524,15792,15801,16668,18538,29694,26442,24813
"0 h 32 min",,14951,22929,23153,28526,25153,24272,37068,33232,32848,23098,19670,33119,24800,21748,24158,20055,19958,19993,17348,25470,17223,16913,19792,20414,19111,15729,14531,17425,16734,25889,18205,20974,17492,20159,22768,20674,26531,19657,25608,21306,21799,16522,15856,17171,18712,29852,27773,25150
"0 h 34 min",,14990,23490,22917,29722,24595,24591,36648,33922,33379,23168,19938,34531,26127,22675,24916,20447,21970,20144,17292,27609,17309,16696,19822,19495,19648,15453,14432,17501,17014,26469,19070,21590,18247,19702,22303,20157,24291,19122,23829,21036,21871,16483,16187,17469,18914,30922,28014,26195
"0 h 36 min",,15347,23239,23329,30575,25009,25288,36886,34614,33700,23713,20905,35513,26969,23956,26300,20733,22420,20048,17690,27842,17599,17482,20186,20255,19992,16077,14792,17982,16793,27132,18974,21830,18271,19779,23011,20277,24659,19728,23976,21255,22064,16717,16506,17960,19475,31328,29103,26603
"0 h 38 min",,15147,23860,23351,30156,25263,25245,37746,33716,33382,24364,20373,35727,28058,24127,26077,20798,22468,20925,17132,28029,17813,16885,20079,19483,19935,15550,14737,18052,17090,26941,19568,21941,18794,20195,22752,20384,24268,19782,23910,21726,22319,16767,16502,17958,19460,31757,30030,27156
"0 h 40 min",,15386,23694,23600,29936,26076,25843,39337,34325,34212,25171,20919,36194,28738,25223,27168,21110,21164,21448,18191,26526,18077,17138,20705,20392,20234,16274,15388,18257,17824,27095,19481,22030,18306,21641,23614,21314,27320,20573,26647,22612,23342,17418,16684,18282,19807,31870,31439,27987
"0 h 42 min",,15800,23813,24181,30544,26674,26577,38770,35232,35053,25697,22350,36907,29796,26422,28573,21406,22092,21895,18596,27157,18497,17927,20758,21551,20717,16567,15595,18704,18154,27179,19990,22346,18542,22238,24342,21571,28043,20634,26615,22886,23424,17762,16640,18401,19925,32847,32669,29537
"0 h 44 min",,15802,23879,24417,31060,26828,26798,39505,36117,36152,26724,23157,37443,30091,27332,29344,21812,22423,22038,18809,27639,18855,17861,21066,21497,20512,16950,15868,19058,18566,27190,20284,22919,18334,22405,25152,21779,28427,21148,27125,23324,24026,18216,17353,18760,20550,34344,33326,30682
"0 h 46 min",,15934,23865,24002,31342,27104,26950,40139,36203,35992,27084,23226,38271,31599,28383,30214,22030,22714,22191,19432,27241,18945,17979,21378,21725,20810,16937,16145,19448,18810,27993,20336,23185,18782,22723,25240,22425,28547,21763,27033,23373,24216,18320,17661,19103,20904,34743,34603,32002
"0 h 48 min",,16138,24517,24080,32116,26825,26990,40044,36631,36444,27151,24049,39646,33046,29229,31482,22581,24733,22298,19305,29285,19186,17956,21105,20799,20910,17003,15979,20061,19575,28836,20946,23954,19778,22039,25229,21683,26262,21101,25872,23811,24153,18458,17895,19185,21393,36448,35375,33286
"0 h 50 min",,17026,24807,25362,31844,28116,27183,41090,37734,37401,28611,25312,40289,33516,30188,33175,23383,23661,23307,20005,28140,19882,18847,22673,22738,22052,18047,16604,20304,19578,28391,21031,23911,19962,23605,26029,23025,29645,22084,28219,24440,24990,19145,18384,19983,21225,37077,36925,34458
"0 h 52 min",,16612,24558,24735,32049,28165,27740,42316,38240,37881,29571,25442,41074,35119,31674,34468,23125,23985,23693,20271,28435,20469,18661,22497,23079,21801,18021,16883,20696,20297,29045,21612,24501,19633,24127,26747,23216,29550,22643,28379,24639,25440,19476,18589,20051,22042,37644,38179,36105
"0 h 54 min",,17349,25385,25509,32275,28537,27524,43351,38585,38378,30150,27133,41956,36366,32798,35324,23787,24558,24571,20530,28724,20576,19241,22947,23249,22535,18423,17022,20763,20104,29275,22120,24989,20056,24875,27201,23683,30351,23124,29179,25242,25760,19752,19115,21032,22251,38664,39732,36927
"0 h 56 min",,17703,25774,25589,33405,29113,28611,43805,39767,38516,30719,27411,42564,38037,34039,36399,24528,24978,24769,20770,29055,21136,19985,23492,24232,22499,18717,17279,21629,20751,29817,22365,25102,20125,24979,27954,23893,30812,23671,29480,25671,25937,20333,19565,21278,22757,40066,41198,37938
"0 h 58 min",,17819,26057,26101,33593,29426,28581,44443,39386,38633,31697,28810,43789,39392,34857,37747,24743,25407,25287,21426,29214,21402,20023,23533,24324,23314,19164,17516,21247,20871,30421,22943,25576,20492,25867,28265,24631,31382,23904,29933,26200,26405,20362,20023,21581,23039,40739,42431,39020
"1 h",,18115,26369,26148,33854,29606,29316,44798,40357,39750,32619,28817,44348,41332,36474,38752,24998,25624,25281,21685,29646,21884,20569,24405,24853,23040,19660,18007,22315,21694,30620,23093,25845,20748,26562,28715,25279,31199,24703,30209,26308,27152,21109,20418,21742,23474,42223,43926,40798
"1 h 2 min",,18386,26220,26593,34443,30011,29359,44771,40586,40144,33899,29986,45841,42031,37259,39745,25515,26027,25902,22131,30386,22431,20591,24227,24935,23791,19749,17580,22405,21821,30833,23826,26227,20913,26620,29429,25329,31664,24823,30907,26882,27292,21203,20726,22096,23847,43413,45635,41927
"1 h 4 min",,18131,26685,25764,35384,29562,29470,44060,41471,40287,33702,30312,46361,43964,39033,40892,25696,27587,25128,22195,31664,22065,20988,23596,24445,23612,19731,18092,23005,22213,31667,24477,27047,21862,25850,28670,24439,29234,24449,29081,26434,26857,21463,21093,22516,24029,45415,46776,43057
"1 h 6 min",,17988,26772,25641,35298,29592,29480,44483,41419,40504,35003,31019,46780,45210,40287,42085,25825,27838,25424,22349,31846,22502,21063,23360,24721,23074,19726,18288,23437,23314,32414,25358,27909,21649,26230,29073,24772,29434,24648,29523,26489,27288,21791,21349,22792,24297,46759,48056,44846
"1 h 8 min",,18777,26748,26717,35769,30979,30781,46300,42147,41171,35537,31722,48078,46348,41748,44431,27124,27614,27019,23115,31177,23679,21532,25327,26625,23946,21180,19016,23951,23409,32188,25052,28509,22059,28048,30990,26690,32603,25630,32086,27819,28292,22719,21483,23550,25112,47397,50321,45546
"1 h 10 min",,18502,27463,26391,36653,30372,30313,45918,42838,41704,36363,32359,49058,48080,43040,44892,26477,29175,26495,22903,32789,23162,21654,24589,25499,23972,20498,19101,24577,23997,32816,25969,28861,23117,27612,30314,25255,30165,25511,30352,27468,28274,22353,22252,23599,25271,49431,50850,47625
"1 h 12 min",,19326,27176,27095,36223,31574,31245,47061,43064,42197,38427,33594,49559,48935,44148,46844,28127,28070,27742,24164,31828,23945,22264,25595,27095,23922,21563,19927,25128,24085,32754,26163,29175,22779,29096,31732,27165,33405,26681,33041,28372,28853,23356,22725,24342,25503,50650,53067,48216
"1 h 14 min",,20128,27753,27424,37358,32371,31788,47999,44714,43572,39146,34374,50756,50910,45927,47710,28589,28450,28659,24867,33112,25033,23051,27048,28160,25025,22355,20047,25584,24755,33007,26331,29487,23123,29535,32862,28424,34521,26976,33477,28923,29772,23893,23053,24818,26132,51409,54908,50172
"1 h 16 min",,19763,27616,27278,37448,32719,32350,48404,44849,43297,39778,34882,51606,52287,46733,49832,28282,29001,28878,25306,32945,25184,23355,25931,28098,25141,22167,20482,25745,24949,33639,27274,29748,23933,29898,32478,28337,34344,27287,33647,29302,29765,23976,23561,25341,26374,53459,56016,51414
"1 h 18 min",,20694,28203,28249,38388,33088,32620,48738,45453,44554,40899,35737,53164,54591,48464,50465,29253,29359,29111,25785,33700,26081,23372,27614,29063,26055,22832,20895,26153,25202,33437,27610,30629,24572,30389,32980,29695,34994,28162,34675,29562,30536,24750,23774,25569,26665,54435,58096,53773
"1 h 20 min",,20439,28462,28610,39231,34318,33639,49815,45780,44822,41501,36352,54023,55800,49647,51461,29795,29706,30251,25570,33778,26549,23243,27952,28214,26470,23055,21339,26758,26114,33923,28520,31074,24040,31387,33643,29503,35028,28668,34614,30167,30683,25145,24717,26214,27155,56413,60108,54349
"1 h 22 min",,20517,28844,28374,39118,34253,34033,51167,46432,45658,42663,37374,55987,57480,51828,53742,29963,30253,30418,26331,34261,26369,23844,27837,29344,26331,23431,21421,27231,26558,35133,28826,31758,24927,31256,34172,29847,35429,28670,35019,30256,31287,25464,25150,26331,27553,57618,61935,56545
"1 h 24 min",,20950,29785,28744,39041,34955,34038,51468,46921,45747,43331,37749,56087,59231,52871,54509,30643,30582,31566,25844,34384,27702,23331,27630,28601,27027,23237,21766,27650,26731,35348,30046,32659,25585,32229,34039,30328,35144,29519,34571,30936,31676,26279,25584,27255,28167,58865,63269,58108
"1 h 26 min",,21436,29262,29227,39837,35103,35053,51936,48579,46753,44787,39224,57185,60443,55110,55686,31362,31045,31575,27356,35175,27470,24680,28822,30076,26979,24551,22768,28445,27638,35878,30229,32450,25606,32612,35156,30919,36368,29704,36243,30939,31620,26086,25987,27202,28620,60661,64819,59191
"1 h 28 min",,21728,30125,29072,41069,34733,34782,50503,48296,46454,45348,40147,58122,62628,56186,57467,31465,32491,31211,27197,36620,27909,25107,28991,30025,27351,24640,22670,29131,27729,37211,31003,33609,26149,31719,34015,29983,34308,29033,34641,30133,31078,26915,27019,28329,29213,62077,66598,61946
"1 h 30 min",,22825,29945,30754,41333,35869,35800,52697,49563,47660,47519,41137,60072,64013,57956,59394,32748,31758,32600,28331,36874,29095,26418,31069,31906,28275,26135,23591,29600,28374,36829,31059,33614,26039,33237,35700,33309,37962,29764,37234,31268,32117,27593,26770,28323,29809,63097,69298,62893
"1 h 32 min",,23078,30932,30467,41118,36284,36293,53422,49747,47993,48225,42292,60518,66123,59907,60600,32963,32064,33226,28560,36774,29351,26972,30400,33957,28085,26226,23608,30153,29557,37562,31896,34671,26989,34113,36206,32414,37384,30784,37306,32140,33046,27783,27796,28841,30068,64473,71035,64275
"1 h 34 min",,23040,30678,30311,41848,36572,36705,53591,50031,48331,48698,43834,61806,67504,61434,61773,33680,32772,33626,29335,36940,28981,25942,30099,32050,28880,26149,23949,30718,29499,37745,32319,35085,27254,34016,36829,32372,37721,31169,37329,31582,32804,28410,28043,29625,30978,66898,72183,66851
"1 h 36 min",,23602,31139,30896,42525,37157,37097,53780,50214,49180,50936,44603,63101,69958,63194,63411,34395,33241,34234,30195,37306,30166,27302,31897,33592,28984,26965,24927,31303,30237,38497,33131,35582,28053,33981,37136,33691,38618,31286,38260,32669,33591,29329,28570,30343,30802,68832,74383,67996
"1 h 38 min",,23241,31922,31005,43414,36639,37278,53292,50702,49868,50746,45032,64034,71982,64645,64189,34121,34886,33482,29693,39368,29978,27062,31050,32832,29240,26918,24345,32343,30902,40000,33757,36764,29286,33954,36663,32918,35929,30819,36563,32500,33467,29353,29327,30404,31753,70378,75673,70487
"1 h 40 min",,24337,32579,31558,43426,38334,38822,55265,51660,50500,52446,46694,64588,73506,67089,65748,35578,34157,35712,30503,38447,31187,28209,31691,34917,29676,27289,24827,33399,31817,39608,34503,36853,29326,36216,39148,34383,39131,32465,38492,34129,34643,30031,29875,31323,32578,71775,78171,71112
"1 h 42 min",,24615,32205,32091,43995,38840,38842,55032,53290,51992,54485,48193,65887,74647,68400,67723,35753,34520,36257,31565,38929,31145,28685,32587,35318,30188,28327,25950,33354,32442,40007,34997,36973,29335,36401,39465,35121,39560,33049,38867,33975,35149,30045,30364,31291,32983,73751,80016,73839
"1 h 44 min",,25151,33082,33022,45059,38964,39671,56385,53741,52136,55439,48924,68002,76787,70248,69052,37016,34785,36838,31518,39368,32197,29013,33403,36038,30543,29148,26343,35358,33536,40879,35839,38253,30676,38005,40757,35679,39646,33756,39875,35556,35668,31330,31298,31940,33437,75899,82669,74812
"1 h 46 min",,25085,33588,32228,46415,38833,38828,54796,54313,52784,55340,50172,68187,79310,71991,69969,35935,35983,35448,31111,41092,31825,28370,32945,34388,30816,28795,26758,35710,34548,42002,37202,39895,31429,36389,39444,35058,37161,33248,38259,34962,35685,31085,31579,32877,34689,77580,84470,77538
"1 h 48 min",,25821,33877,33262,46831,39869,39973,54777,54666,53349,58108,50790,70505,81254,74082,72425,37405,36903,36551,32797,41878,32510,29969,33732,36226,31108,29763,26829,36162,33711,42881,37615,40517,31735,37594,40051,35902,38764,33852,38422,35213,36416,32176,32777,33570,35112,80232,87012,79714
"1 h 50 min",,26187,33680,33869,46645,40989,41300,56126,56130,54270,60013,52900,71748,83105,76419,74779,38281,36722,38521,34044,40850,33778,30547,35568,37943,31916,30277,28024,36424,34769,42596,38070,40298,32097,39270,42275,37729,41988,34952,40754,36250,37680,32502,32949,34183,35536,80310,89287,81361
"1 h 52 min",,26615,35226,34307,46939,41394,41667,56943,55412,54672,60497,53183,73112,85479,77699,74936,39011,36482,38643,33265,40857,34743,29956,35002,36421,32687,30240,27713,37680,35707,43299,38795,41409,33096,40167,42439,38231,40532,36252,40899,37116,38214,33214,33519,34372,35994,82046,91659,83566
"1 h 54 min",,27823,35810,34409,48971,41618,41520,56064,58118,56052,61211,55489,75200,87145,79756,77573,38390,37845,39369,33784,44534,35722,32857,38047,40174,32506,32439,29192,39307,35966,44628,39849,42787,33933,38898,42251,41025,41189,35803,40653,37715,38355,33329,34116,34831,37455,84735,92898,85252
"1 h 56 min",,27246,35296,34259,48585,41306,41593,56321,56582,55099,62740,55691,75334,89343,81386,78631,39138,37998,38660,34701,43747,35197,32412,36581,38992,32576,31697,29120,38779,35993,45229,39977,42819,34288,39034,42651,39445,40274,36070,40540,37452,38493,34300,34811,35575,37372,86933,95227,87240
"1 h 58 min",,28199,35997,35461,49535,43070,43228,57842,57334,56513,64549,57453,77401,91579,83930,79952,40910,37136,40836,36193,42804,36912,32162,37962,38763,33285,32557,29436,39370,37958,44604,40525,43232,34049,41184,44333,41260,42714,37438,42657,38894,39791,35030,35260,36759,37991,87135,97916,88417
"2 h",,28031,35481,35404,48724,43032,43070,58573,57767,56314,66707,58489,77603,92807,86127,83037,40643,37329,40359,36659,42518,35576,33238,36850,41318,33624,32652,29897,39723,37280,44937,40920,43620,34851,42058,45139,40558,43164,38285,42914,39003,39845,35437,36112,36852,38655,90637,99071,90096
"2 h 2 min",,29220,36245,36298,49643,44096,44273,60160,59761,58161,68457,61148,78248,94331,86975,83130,42096,38335,41264,37201,43734,36098,32982,37760,40795,33904,33356,30855,40580,38765,45664,41760,44204,34313,42998,47231,40260,43711,39331,43737,40605,41267,36326,36838,37263,39634,92332,101239,92241
"2 h 4 min",,29065,36471,36268,50106,43925,44644,59114,59671,58572,68165,62433,79649,96438,89724,84725,41535,38878,41926,37130,44304,37224,33177,37978,40714,34553,33835,31410,41733,39238,46654,42425,44841,36064,43200,46943,41264,44178,39363,43986,40526,41762,36456,36807,38157,40451,93295,103458,94106
"2 h 6 min",,31202,38659,37832,52102,45385,45541,60598,62596,60795,70115,63789,84064,99384,91410,87647,43754,39020,44639,39166,46611,40607,37391,43513,45667,35241,36961,33142,42974,39680,48119,43152,46326,37788,43980,47981,46920,46677,40232,45807,42543,42499,38025,37752,39013,41013,94575,105852,95668
"2 h 8 min",,30132,38416,37616,51527,45062,45507,60493,62390,60552,72174,63966,83310,102303,94013,89238,44064,38786,43761,38960,45684,38319,37722,41198,46986,35451,36437,31804,44750,41762,47898,44029,46849,37265,45446,49024,44587,45754,40703,45263,43008,42702,38296,38833,39597,41553,96975,108715,97990
"2 h 10 min",,30120,39509,37339,51430,45773,45520,61112,60140,60564,71395,65063,83666,103152,94246,89609,42594,39522,44824,37650,45036,39934,33331,39713,40163,36587,34815,31774,44705,41275,47889,44896,48193,38387,45674,48092,43960,44584,41600,44671,42301,43423,39134,39567,39700,42023,97841,110044,100225
"2 h 12 min",,31417,39301,38018,52573,46890,46422,61814,62812,61731,73596,66435,85176,104892,96336,90162,43826,39751,44846,38928,46233,40007,34967,41602,41919,36420,36819,33091,45975,43953,49169,45502,48460,39228,46421,49976,45070,45282,42098,46837,43486,43965,39654,39954,41063,42683,99856,112238,101769
"2 h 14 min",,31743,39692,38894,53843,47039,47317,62744,63979,62537,77633,67707,88108,107188,98617,93267,45561,40553,45338,41784,47843,41396,39071,44716,47622,36623,38531,34175,45268,42663,49630,45511,49223,39411,46903,51244,48357,48116,43122,47544,44108,44114,40051,39952,41165,43145,101033,115038,103407
"2 h 16 min",,32100,39564,38848,53478,47269,48017,63391,64386,62232,78048,69141,88910,108903,100746,94732,46572,41306,46105,41795,47529,41236,38243,43993,46533,36862,38306,34172,45001,42374,50390,46671,49261,39671,47395,51914,47895,48066,43372,48024,44147,44769,40822,41224,41859,43897,103806,116509,104965
"2 h 18 min",,34294,42091,40288,55437,48476,48716,64311,67937,65728,78819,73190,93090,110577,103646,97552,47184,41427,48791,42733,50222,44733,41669,47682,50661,37922,41096,36723,48201,44392,51323,47622,48950,40922,47501,52517,52496,49628,43887,49939,46166,46927,41411,42354,42617,45272,105779,119490,108283
"2 h 20 min",,32660,40344,40027,54203,48021,49120,64677,66540,63608,81885,70389,90918,112023,103755,98201,47343,41962,47101,42658,49071,42772,40586,46056,48609,37467,39482,34945,47768,43983,50734,47512,49491,40993,48277,53018,50479,49072,44744,48769,45942,45904,42082,42142,43206,44719,106297,120755,108414
"2 h 22 min",,33699,40595,40123,55108,49026,49606,65740,66828,64139,82930,73792,92900,114591,106231,98667,48596,42374,48411,43242,50221,44494,41327,47031,49082,38258,40065,35839,48406,44497,51528,48000,50294,42870,48600,53037,51384,49974,45035,50065,46388,47056,42627,42975,43483,45579,108941,122886,110273
"2 h 24 min",,33292,42589,39931,53917,49037,49233,65659,65908,63768,81654,73861,91177,116831,107008,98853,47019,42367,48496,41698,48954,43740,38816,43395,47457,38376,38698,35161,51312,46404,52064,48929,51212,43543,50181,54116,48172,47646,45119,49551,46750,46689,43083,44161,43914,45530,110674,125010,111266
"2 h 26 min",,34982,43613,41350,56938,50095,50038,66696,70978,67458,84599,77426,95886,117907,110674,103415,48158,43041,49702,43982,52099,47253,44361,50722,53050,38597,43968,38279,52183,47412,52834,49262,51466,43448,50817,54875,54615,51765,46264,51652,48247,48474,43843,44448,44953,47078,113150,127373,114568
"2 h 28 min",,33777,41888,40396,56819,49536,50212,66142,68548,65497,86145,75207,94612,118834,111105,101723,48752,43888,47305,43547,51889,44443,42467,47509,50287,38230,41065,36374,50921,46827,54376,50199,52571,44716,48792,53146,50889,47754,45435,49645,46718,47463,43632,45231,44694,46595,114389,128130,115791
"2 h 30 min",,34010,41944,40989,56421,50201,50657,66974,70248,65568,86304,78845,94987,121169,113399,104052,50797,44137,49273,45470,50898,45124,42666,47170,51179,39159,41661,37303,50829,47755,53476,49880,52570,44461,51393,55401,50825,49641,47732,50962,46739,48380,44110,45578,45284,47431,115793,131500,117927
"2 h 32 min",,38012,44559,44024,58706,52335,52664,69336,72027,68780,90539,82629,99940,123916,115192,108126,51703,44777,53429,46872,55674,51036,46175,53258,53430,40788,45022,40379,53956,48303,55525,51126,53764,45758,51496,57953,57935,55521,47584,53808,50033,51227,46375,45638,46035,48654,117558,133917,119609
"2 h 34 min",,36617,43812,42597,58162,51923,51901,68840,71111,67272,88098,80502,98355,125268,115681,104530,51506,44523,51618,45768,50808,47173,40998,49881,47591,39318,42476,38699,54301,52280,54864,52119,54193,47135,52265,55929,52856,49414,47964,51238,50062,49745,45364,46677,46340,47887,118488,135602,121470
"2 h 36 min",,36339,45919,42710,58811,51751,52997,69702,71390,67733,88170,82409,98306,127276,118563,106391,50763,44628,52783,44524,53287,49900,41536,51651,49464,40587,44670,38945,55280,52074,55633,52891,55505,48445,53195,56008,55640,49741,48846,52588,49921,50351,46878,47807,47290,48662,120094,137731,122627
"2 h 38 min",,36753,44902,43827,59384,52474,53104,70575,75420,69837,94204,84561,102005,128080,120530,111215,52351,45286,53396,48606,54823,49331,47942,54660,57255,40758,46783,40482,55602,50753,55919,52917,55912,49282,53613,59334,57186,53034,49609,53258,50160,50784,46233,47332,47514,49826,123634,140818,125193
"2 h 40 min",,36733,43918,43230,58959,52767,53321,70601,73495,68551,92361,82886,101120,129159,122640,111252,54401,46570,53451,49044,53117,48328,45251,51076,54343,41082,44338,39063,53148,50285,56533,53832,56812,49563,53788,57540,54602,53140,50136,53869,48522,50535,47010,47423,47816,49440,123213,142964,126585
"2 h 42 min",,38326,46801,44354,61162,53687,54853,73071,77808,70335,96085,86238,103463,131437,126480,113875,56682,46523,54886,48674,55594,49842,50349,54350,60984,41467,47911,40766,58713,54889,57046,55153,57790,50743,55571,60336,56588,53276,50633,55111,52137,52364,47829,49110,48430,50130,126474,145455,129108
"2 h 44 min",,36865,44772,43186,60528,52411,52574,71081,74476,69657,95629,84514,102359,133277,126212,112618,54123,47819,53012,48715,55427,49198,46267,51968,53769,41440,45004,40769,55999,51255,59545,56079,59101,52409,53011,57679,55247,51611,49979,53399,48761,50807,48088,49393,48687,50508,128746,148254,130268
"2 h 46 min",,41605,48045,46677,63735,55778,56544,73720,79516,73986,99782,92822,109555,134895,128212,119800,57095,47568,59260,52018,60419,56246,52668,60178,60058,43003,49925,44763,59658,53246,60296,56756,59625,52900,55023,62874,64249,59500,51877,58076,52137,54987,49844,49699,50086,51862,128813,150394,133478
"2 h 48 min",,37528,45060,43538,59852,53817,54132,73170,74973,70887,96944,89983,104661,136417,128081,114889,54872,47550,54592,49597,55102,48882,44949,50869,52676,43066,44739,41074,57117,53658,58174,57351,59960,53135,55684,60056,54333,52548,51326,54543,49164,51873,48054,49058,49241,51135,130299,152498,133179
"2 h 50 min",,39001,47529,44786,62018,54274,55798,73894,76717,71875,97340,90121,107019,140335,129799,116582,57322,47949,55781,50443,54990,52875,45885,54668,53296,43425,46843,42100,59431,57145,59372,58150,60728,53774,55720,58768,57168,52406,52312,55021,52472,52350,49310,50265,50338,51504,132372,154734,134730
"2 h 52 min",,39555,48820,45262,61511,55417,56193,74574,75675,71107,98028,90641,108734,142537,130102,116722,57403,48081,57274,49246,55123,53743,45055,52488,52229,43296,45782,41347,60258,56484,60241,59393,61207,55307,56566,58904,56476,52543,52347,54856,52656,52302,50316,51396,50194,51250,133235,157413,136119
"2 h 54 min",,39184,46736,45405,62158,54839,56210,74714,78142,72132,101865,90793,109096,143058,134349,120374,58678,48412,57449,53117,56275,52259,49941,54504,57997,43815,47857,43245,58748,55069,60759,59593,62215,56039,56996,60294,58747,56100,52887,56894,50865,51658,50184,50903,50172,51811,134638,160239,137933
"2 h 56 min",,39208,46605,46049,62696,54828,56756,75523,79443,73395,103976,95924,110606,145506,135239,122535,59659,48856,57439,53677,57157,51985,50023,55528,59254,44390,48883,43225,61370,56742,60469,60221,62487,57523,57467,61899,58370,55555,54192,57254,50859,52472,49641,51630,51240,52548,137259,163062,141034
"2 h 58 min",,39261,46891,45325,62039,54787,56045,75179,78109,73009,102430,93973,111328,146234,136826,122563,57470,49894,57174,52871,55993,52457,48353,54551,55801,44337,48249,43305,60464,57144,61735,61504,64063,58920,57226,60996,57543,55054,53929,57398,50555,52445,50522,51676,50758,52682,138173,166501,141688
"3 h",,39441,47015,46243,63325,55299,56668,76660,80551,74865,104688,96717,112479,148484,139681,124433,59986,49866,58108,54137,57537,53313,49183,55856,57246,44984,49046,44409,62338,57889,62318,62305,64389,59701,57278,61935,58634,55554,54595,58012,51286,53268,50909,51980,51642,52900,140645,168801,144786
"3 h 2 min",,41624,48292,47446,65695,55591,58262,76894,83055,76694,109522,96414,115443,150638,141470,127074,62149,50141,57278,55011,60873,54379,55149,59319,63019,44747,51169,45781,64702,58811,63750,62785,66193,61895,56693,60963,61169,55239,54245,57540,52204,54577,51770,53447,51578,52667,143581,170585,147725
"3 h 4 min",,44355,51485,49536,68702,58505,60560,79011,88820,80297,109297,103795,121923,154488,144590,131008,63682,50776,63907,56667,64387,60553,59518,66500,68063,46220,56668,48867,67820,62144,64679,64552,66636,63409,58321,64592,69403,61229,54966,61168,54487,56281,53308,53995,53027,54379,143916,174966,148793
"3 h 6 min",,40867,47599,47040,65601,56117,57702,77261,81993,76134,109309,97766,117730,156018,144349,129709,60549,51275,59171,54531,60905,54901,53921,57904,61174,45883,50928,46067,64434,58396,66483,65107,68835,65560,56538,60150,61542,56122,54490,56810,51605,53880,52644,53739,52855,53349,147882,177680,152292
"3 h 8 min",,41332,49178,47035,66911,56892,58613,77884,84073,77435,108519,102749,117616,156863,146644,128844,60629,51728,59345,55383,61221,56142,53615,59027,61147,45881,51831,46297,67663,62707,66600,66043,68850,66192,56397,60211,60118,55570,55022,57326,51913,53976,52686,54824,53532,53949,149078,180343,153808
"3 h 10 min",,42355,49348,48741,67944,58690,60914,79824,86027,79265,115102,105304,120856,160584,149728,134558,64666,51885,61180,58758,62348,56526,56190,60265,66095,47731,52608,47399,68090,62808,65230,65987,68636,66426,59026,64641,62067,59367,57276,60539,52586,54966,53348,54534,53677,54104,149605,182825,156329
"3 h 12 min",,42612,50765,48305,68370,58305,60007,79369,89015,80357,113203,105100,123139,161938,152220,136048,62083,52558,60771,55508,63835,58317,59616,62676,69473,47000,55345,48387,71605,66071,68345,68353,71528,69061,57898,62167,64051,56913,55560,58828,53656,55616,54998,56024,54279,54525,153579,186055,159427
"3 h 14 min",,45685,51848,51086,70769,60495,63232,81355,90765,82627,118516,108405,128574,164807,154384,140903,65926,51998,65577,59809,67246,62731,62104,70303,71154,48020,58771,51389,71852,63718,67829,68155,71258,69021,59782,67179,71032,64048,57936,61281,54195,57023,55463,55063,54806,55686,153263,189881,162550
"3 h 16 min",,43571,49859,49775,69249,59916,62700,80921,86852,80240,118693,107654,126202,166693,155025,140729,66508,52214,63984,59959,63756,58211,58621,63002,67213,48155,55366,49013,68686,62275,67574,69030,71029,70701,59598,65344,65404,61587,58452,60466,52681,55313,55256,55015,54806,54772,156415,192463,163131
"3 h 18 min",,42659,50500,48095,69462,59111,60136,78739,87098,81392,115647,106592,127210,169079,155615,139439,61084,52930,62752,58017,64297,59293,57405,62015,64902,48356,54722,49365,69375,64031,72081,71087,73462,73092,57526,61930,64220,58770,56228,58531,52485,55381,55727,55572,54934,55238,158770,195764,167963
"3 h 20 min",,45356,53383,51244,71000,61103,63734,82218,92915,84790,120965,110137,133119,172700,162345,146115,68035,52682,66603,60325,66279,61839,65110,69062,74153,48975,60929,51111,73375,68784,69839,70715,73132,73112,59772,64956,70104,62430,58057,61706,54775,56645,56424,56573,55722,55046,159927,198980,168914
"3 h 22 min",,44159,50274,49737,69410,59738,62322,81297,87801,82091,118002,113003,125939,173304,158528,142149,65098,53028,62208,58814,63965,57267,54687,59504,61795,49194,52235,49498,73309,66515,70502,71534,74377,74584,58382,61566,60802,56657,57773,58863,52729,55366,54054,56798,55108,55331,164564,200260,171770
"3 h 24 min",,43498,50611,49157,68794,59575,61933,80807,86502,81417,119073,111068,127750,174965,162855,144039,64661,52909,62954,59142,63859,57807,55737,59497,63564,48682,53287,48979,73407,66387,71000,72712,75224,75982,58313,61826,60873,57539,57575,58465,51709,54514,54788,56856,55136,54907,165737,202086,172882
"3 h 26 min",,47738,53454,52732,71961,62298,65979,84607,88543,83604,120814,113033,131300,176756,161992,144701,70781,52179,65558,60552,64249,61763,56961,64876,63763,49897,54789,49309,74893,70255,70469,72038,74627,75897,60338,62997,64895,59319,56962,60096,54837,55371,56210,56519,54303,54507,163748,204660,173682
"3 h 28 min",,46173,56077,51090,70288,62584,63292,80922,85472,82375,118793,112789,131760,180201,164481,145121,65282,52134,67665,57980,64482,66301,53946,64462,60921,50087,55442,49126,73299,69181,71810,72637,74895,77937,59296,61645,67278,59435,56950,59070,54394,55473,56905,56495,55468,54727,164793,207288,174099
"3 h 30 min",,48845,55029,53857,71745,63607,65797,85835,94166,85660,126729,115871,137909,184258,171387,153911,69522,53199,68161,61066,66863,61952,66502,68439,77292,50816,61040,51357,78176,72548,72222,74731,76371,78432,60944,64935,68879,62680,58102,62240,55219,56333,57310,57843,56224,55175,171269,214059,179732
"3 h 32 min",,46255,53001,51809,71018,61701,63750,81865,89236,84455,124250,117318,133402,182929,170681,150650,66191,53559,63876,60261,65440,59169,58112,62538,66647,50353,55180,51036,76262,69806,73828,74593,77292,80727,58111,61268,62638,58653,57046,59129,52500,54736,55461,57792,55929,54717,173361,214143,181757
"3 h 34 min",,48416,53351,54142,73070,62815,67221,84378,91108,85497,127595,119292,136774,186713,173603,155417,70330,53425,66773,63449,65885,60919,61031,65741,69437,51476,57650,52102,75416,69924,72706,74975,77909,81309,59395,63366,65514,62019,58621,61962,53376,54952,56996,57348,56904,54979,173808,216753,181879
"3 h 36 min",,49870,55633,55219,74801,64873,68185,85298,91318,87259,128327,120632,140640,189801,174689,154923,70915,53078,68425,61041,66593,64484,60063,68641,69077,51793,58997,52170,79132,74550,74339,76073,77911,82075,60050,62959,67919,61138,57759,60975,54632,55938,58078,58247,56370,55339,175083,220467,184756
"3 h 38 min",,47976,56298,53826,71836,63445,65490,84423,89057,86353,129472,120807,139815,191920,176396,159268,68163,53682,68279,60528,65674,62132,59790,62979,71131,51571,56306,50957,79532,71715,74215,76635,78827,83912,60461,63395,64921,61330,57935,60105,53784,54802,58456,58925,56787,54895,178243,223520,186302
"3 h 40 min",,48798,54143,54769,72189,64154,66177,82832,90584,86192,132364,120178,139922,194209,180169,161664,69227,53565,68984,64640,66264,61755,61844,64630,71926,51772,57966,52504,74966,70251,74828,76830,79295,84410,60107,64122,66982,63647,59086,61438,51768,54730,57561,57537,56753,54956,178938,225348,187982
"3 h 42 min",,53556,58749,57171,77667,66890,69118,85944,100105,93781,134074,128512,148294,198005,187162,167545,72046,53671,73185,64785,73823,69607,72833,77831,81076,51847,66342,57988,81778,75173,77409,78416,80212,86290,60069,65832,77101,67783,58916,63414,54935,58214,59584,58443,58018,56516,181657,228195,191991
"3 h 44 min",,50692,57251,55671,74072,66095,67681,83221,92240,88648,132902,124276,145054,198865,184903,164506,70471,53569,69656,64571,67576,65501,61729,68923,70204,52573,59434,53647,79033,74780,76396,79150,80723,87520,59194,62427,68224,63002,58489,60667,53361,55294,58393,58629,57501,55665,184847,230698,190435
"3 h 46 min",,52177,57915,56494,77825,65915,68749,86694,94908,90556,134541,125709,146450,200879,184856,165410,72249,53388,69336,65096,67521,67432,61194,73038,67942,52930,61288,54998,79714,78338,78101,80084,81986,88322,59366,61279,70697,61331,57790,60189,54968,56254,59004,58817,57476,54959,185205,232018,192095
"3 h 48 min",,50738,59282,55157,74981,65990,67373,84995,89373,88205,132485,125166,144333,201120,184359,165115,69032,53123,69512,61889,66660,68202,58405,68125,65432,52562,57691,52287,78479,75718,76958,79602,82034,88716,58655,60291,67559,60284,57115,58613,54699,54868,59431,58422,56308,54250,184527,231344,192720
"3 h 50 min",,53657,58736,57254,77363,66625,69377,87846,99389,92889,139634,127626,150508,206950,192377,173022,73711,53667,73373,63912,70404,66586,72931,75137,83724,52871,66167,55567,82783,78418,77665,80559,82093,89421,59656,64159,74373,64772,58155,62086,54711,56799,60587,59598,57856,54567,188566,235964,195764
"3 h 52 min",,51733,60888,56295,77391,66688,70010,84412,91202,90476,135684,128987,148285,206536,190983,170280,71582,53455,72053,63066,69139,71265,60834,71289,68168,53372,60186,54772,81205,78073,78760,81190,83218,90832,58381,60695,71876,61412,57379,58969,53979,55096,59815,58649,57784,54929,188234,237339,197421
"3 h 54 min",,58303,61329,60665,81571,69049,71183,89061,100404,97408,144404,135996,158138,210099,197783,180034,75549,54026,77316,68812,76272,73645,75628,81926,82238,54005,69663,62421,84367,76684,82007,81587,83572,92448,59221,65621,80306,70419,58774,62888,54191,58191,61592,59023,57650,56282,191617,239319,201753
"3 h 56 min",,51376,59127,55525,75033,66237,68043,82745,93983,91086,137320,133330,148110,208117,195807,174112,68960,53956,68765,62986,69063,64734,63799,68861,73567,52569,60565,55524,84646,78237,80446,82339,85288,93243,56416,59109,66589,61004,56709,57961,52256,53996,59236,59452,57385,54542,194160,241093,201503
"3 h 58 min",,53677,60783,57523,77992,67718,70038,85572,93235,92376,140023,132752,152083,211727,196258,175308,71522,52810,71886,65112,69100,69985,61959,71825,67911,53891,61504,56451,82375,80792,80510,82613,84262,93830,57770,60780,71049,62568,57042,59337,53772,55463,60260,58580,57645,54663,193103,241437,201660
"4 h",,50990,56711,55840,75744,67007,69403,82157,92358,90122,143153,135204,147566,213990,198769,178275,69742,53585,68410,66708,69369,63331,64639,65705,72030,52756,59149,55251,83597,75055,80066,83166,85501,94685,56363,60556,65938,61273,57654,58509,50215,52845,58164,59080,57105,54220,196565,241726,203008
"4 h 2 min",,53871,60745,58689,77119,68434,71361,85190,91659,91907,140391,135901,148354,211134,196729,178366,72651,53030,72257,66612,68263,66222,62504,67984,69859,53752,59018,55134,82871,78563,79054,81595,84038,93975,58322,60825,66589,63022,57502,59693,51223,53040,59293,57926,55859,53923,193748,242427,201241
"4 h 4 min",,58914,62587,61014,82514,70639,73662,86570,101500,99231,149387,141346,161170,220467,208864,188451,74719,53743,76893,69908,76916,74093,77149,81859,83466,55094,70635,62333,86181,79207,83613,83747,86110,95924,57854,64469,80151,70216,57943,61942,51665,57190,62785,59456,58159,55655,198190,247652,210016
"4 h 6 min",,59843,62653,62231,83010,71714,74811,86445,99828,99569,150255,145660,162967,220247,208426,190881,74074,53207,79072,70835,78729,75181,77283,80850,82285,55608,68781,63647,87276,77155,85444,84129,86797,96759,57838,66093,80342,71927,58494,61559,52345,57121,62645,59301,58228,56622,198817,248725,209088
"4 h 8 min",,53275,58759,58415,77507,68734,71842,82824,93328,92694,150333,136096,156020,222736,207623,186947,72522,53104,73340,70854,70531,65927,69006,69762,76616,54332,62551,56995,82092,74803,82240,84390,85999,96785,57437,62544,71634,67749,58760,59258,50125,53419,61260,59038,58047,54665,200211,250526,207025
"4 h 10 min",,55315,62410,60746,79699,69937,74638,88397,98129,97386,148987,145387,158698,223148,208728,189873,75152,52613,72577,68168,72667,68370,71018,74165,81679,55229,65082,59595,90297,85304,82249,84687,86675,97508,57772,62429,70352,64728,57870,60003,53084,55421,61791,59628,58446,55404,203116,250774,210495
"4 h 12 min",,54072,58397,57613,78017,69068,71950,84034,93887,94036,152021,137404,156683,224922,211054,189644,70364,52737,71481,68298,71975,67025,70641,72496,75948,54460,64056,58977,83321,75963,85643,85712,88361,99577,55480,59394,72340,64687,56853,57395,50752,53857,61680,59905,58267,55141,205091,251736,211761
"4 h 14 min",,55416,64302,59724,78118,70527,73023,84252,92250,95349,144644,145340,155121,225115,207825,186525,71720,52076,73151,67222,70212,69273,63536,70371,71376,55396,60580,56366,86546,82427,82259,84644,86448,98307,56757,60318,69811,63417,56178,57899,51149,53798,61088,58378,57533,53898,201735,250898,208199
"4 h 16 min",,53384,59142,57722,76536,69043,71683,81865,94300,94113,151629,145260,155352,224551,212574,189761,69244,53239,69222,68048,69640,63437,66490,67311,75600,54486,61184,56569,87752,78574,83336,86359,88185,100914,55840,58792,65734,61714,56409,56695,49625,51779,59286,59597,57389,54106,206990,253648,213481
"4 h 18 min",,55937,63491,61298,78152,70874,73924,85833,91992,95233,151985,144909,158802,229955,212325,193778,72720,52933,72324,67359,69218,66291,65937,67307,75517,55154,61171,55773,88644,81696,83117,85920,88060,100468,57529,60320,67406,64183,57114,57728,51423,53158,61566,59573,58114,54249,206445,256027,212849
"4 h 20 min",,58420,64804,62311,82429,72455,74861,86235,93263,97796,152903,144243,162050,231289,214669,191838,72692,52831,74477,68698,70513,71758,64235,73641,69637,55576,63117,58864,87910,86070,85973,87114,88376,101890,56576,60426,71887,63419,56293,57421,52154,55142,62363,59541,58727,54705,206972,257580,214623
"4 h 22 min",,62003,65575,63845,85281,73682,77171,86718,102194,102780,159043,154395,167049,231619,225238,202329,74753,53198,78617,73070,77283,75265,80154,81997,84845,55917,71174,65189,90066,81382,86627,87075,89121,101974,56239,63620,80963,70158,57382,59348,51309,56133,63044,59284,58391,55565,208805,260276,217194
"4 h 24 min",,56278,60344,60096,79883,71035,74446,81900,93826,96444,155198,147721,158281,232595,222296,196149,71808,52990,71037,70994,70995,66309,68790,69250,74309,54439,62182,57480,87782,79630,85924,87247,89285,102676,55312,58533,68095,62822,56112,56742,49469,52253,60107,59453,58078,53568,210479,258488,216644
"4 h 26 min",,58834,64609,63744,81739,72815,77604,86874,98913,101042,160333,152302,164519,234341,223795,200294,75510,53272,73940,70432,72353,67943,74898,74553,83546,56056,67296,60194,92237,86078,84506,88049,88795,102662,56744,60886,71575,65463,56627,58380,51273,54589,62333,59750,57977,54652,209261,260234,220013
"4 h 28 min",,55156,59659,59854,77722,70159,73273,81474,91642,95001,159305,146689,158535,235428,224166,197511,69620,52873,71069,70732,69878,63830,69205,66939,74632,53954,61574,56548,87315,77496,87006,87857,89566,104185,54891,58690,67721,63249,56335,55691,48220,51616,60237,59177,57917,54248,211500,261499,218005
"4 h 30 min",,61392,65732,64098,84465,73929,77892,84929,101385,103654,163887,158868,170403,238329,231110,207723,73570,52920,77624,72926,77503,73857,79869,81203,84378,55250,71799,65041,91885,82292,88057,88561,90072,103557,56110,63592,79910,69951,57112,59302,50218,54720,62706,59099,59082,55469,214609,261733,222750
"4 h 32 min",,54419,59948,59131,76436,70720,72401,78904,88467,94509,156299,146349,157804,235937,224537,198518,65998,53312,69788,68375,67360,61842,63402,63035,68329,53840,58306,55208,85060,79161,86006,88204,90838,105232,54162,56643,64481,60840,55720,54316,47476,50236,59729,58754,57044,53054,213729,263713,219738
"4 h 34 min",,57355,61881,61330,79834,71500,75061,82300,95310,97968,164540,152704,163122,238508,228195,203042,70199,52937,71026,71199,71233,65266,73533,70678,78684,54389,64075,58650,90873,80165,86273,88513,90614,105089,53989,59026,69843,63254,55863,55892,48988,52623,61110,59184,57972,53182,213938,263493,220494
"4 h 36 min",,57856,62593,63024,79429,73885,76686,81497,92856,97379,165778,153730,164185,240502,230216,205249,72037,52361,73479,73742,69749,65943,69842,69096,76150,55651,62648,58265,88757,79540,85237,88230,88635,103583,55659,60424,70236,65617,57452,56682,48535,51238,60564,59296,58441,53907,212642,264360,220261
"4 h 38 min",,56979,61560,61373,78172,71844,75900,80687,91157,97204,163036,156117,161704,240158,229597,205018,69458,52502,72048,70511,68433,64881,64832,66296,71737,54542,61453,57978,87145,79631,85578,88431,89251,104898,55068,58689,66429,63232,56908,56619,48732,51356,59909,58468,57686,53418,212297,264415,220563
"4 h 40 min",,60046,63712,64737,81261,74586,79031,82909,94562,98723,172456,155266,168434,242771,234589,211914,75188,52955,75135,74797,72694,68126,76244,74095,79694,55065,67490,61218,89404,78928,86118,87737,89216,105366,55474,60670,75443,67761,57878,57578,48751,51442,62220,58710,58241,54248,213059,265693,219821
"4 h 42 min",,57245,62224,61166,77538,72946,75012,80177,88550,97079,163431,155554,163032,242289,230409,205470,67577,52272,71599,70391,67098,63942,63058,64144,68315,54562,59198,56891,88104,80246,85638,88745,88967,104998,54604,57827,65546,62210,56491,55362,48092,50311,60316,58402,57145,52570,215805,266945,221058
"4 h 44 min",,57479,62750,62001,78121,73186,75514,80667,89463,96876,164787,157099,163130,245095,232911,208358,68693,52356,71658,70499,67350,64251,65394,65939,69996,54646,61084,57736,87537,79470,85690,88403,89761,105481,54965,58050,66344,63206,56793,55698,48118,50565,60241,58105,57513,52836,213624,267454,221127
"4 h 46 min",,62468,67540,67174,81664,75475,78353,84797,91178,100067,165598,158447,165331,245191,231908,207724,73110,52381,73992,72965,68370,67804,65090,68134,69379,54927,60307,58136,91779,86705,86632,89696,89593,106415,55704,59246,67034,62205,56365,56917,49684,52933,62114,58508,57380,52919,217978,269227,222915
"4 h 48 min",,61815,63926,65897,82318,76183,81125,82549,93905,100257,172358,159282,168782,245837,240529,213818,74358,52798,75699,75241,72363,68618,76006,73460,79044,55105,66839,61339,88836,79062,87576,88671,89276,106075,55036,60481,74986,66630,57291,57407,48326,51511,62566,58106,58100,54410,218115,268705,221663
"4 h 50 min",,68141,68848,68748,87333,78475,82227,84973,96915,106500,178199,167190,176686,247460,245260,221663,74313,53477,80040,78401,77995,75844,80834,80651,82123,56281,70666,66611,93914,81602,92576,89729,90668,107047,54404,64024,81108,71555,57174,58835,49662,54081,65338,58508,58461,55630,220164,270671,225293
"4 h 52 min",,60386,63888,64122,79175,75171,78556,81229,91672,97621,171793,157285,167230,248917,239608,216562,71097,52750,74481,74469,69295,64611,71056,67604,75414,54440,62315,58121,86380,78173,87133,89455,90540,106892,54423,59100,70817,65654,56641,56428,48325,50984,61541,58102,58025,53515,219766,270520,222186
"4 h 54 min",,60092,69649,64816,78626,74126,78242,83734,86998,98016,165741,159569,166016,250004,237628,215118,70297,52664,72378,69279,66197,67791,62136,64773,67449,55159,58924,55495,90814,84120,87342,90190,91171,107792,54171,56892,66535,60307,54289,55288,49602,51588,61889,59182,57668,52680,218322,270823,223753
"4 h 56 min",,60474,68301,64202,80153,73821,77084,83414,90049,99403,165133,162107,164900,248849,238302,212551,68817,53488,70064,68976,67891,67604,63604,67969,66283,54228,59558,58178,91436,87575,89972,90766,92331,109449,52637,55727,66214,57837,53181,54485,49829,52394,61734,59120,57095,52960,223657,271648,226751
"4 h 58 min",,58645,64204,62771,77397,73506,75966,79423,89324,97708,166378,161279,163525,248725,241107,215434,65345,53111,70078,70221,66694,63245,64429,64473,68694,53117,59027,56265,88237,81391,89244,90411,92107,109199,52302,55282,64235,59419,54044,54280,47289,49631,60214,58466,56845,52300,222351,272885,226256
"5 h",,60067,65192,64324,77577,74996,78324,81294,89416,98793,170802,164549,165905,250361,241781,220096,68697,53160,72200,71957,67102,62963,66100,64978,71455,54223,59848,57641,87868,80631,86032,89484,90198,107549,54356,58512,66456,62720,55308,56555,47770,50408,60331,57396,57160,52589,219903,271909,224290
"5 h 2 min",,61843,65789,65770,78700,76305,80562,81421,91105,99677,173576,166952,166177,250347,243018,220522,70960,53493,73332,73154,68082,64029,66653,66063,71611,53891,60891,57878,89252,81007,86817,89412,90029,108529,54484,58401,67246,62591,56652,57238,47555,50905,59933,57523,56707,53135,221031,272748,224482
"5 h 4 min",,63228,71474,67743,80842,77241,80639,84311,89522,99156,166937,166989,167335,250815,241616,218514,71178,53783,74207,71130,67842,69586,64754,68341,69255,54311,61039,58184,90144,86867,88268,90020,90149,107672,53865,57333,68263,61337,54433,57430,49512,52920,61769,57818,56550,52867,219711,271964,225665
"5 h 6 min",,67786,70435,68849,85324,78326,83142,85367,98651,107528,176379,169163,175048,251723,249811,225238,73103,53233,77820,74610,73358,71254,80153,77741,82579,54749,69530,64012,91962,83828,90806,89359,90004,107594,53231,59461,78881,64615,54433,57421,49497,53916,63099,57684,57220,54103,218808,273119,228209
"5 h 8 min",,60058,64036,63617,76476,75119,77821,80584,88175,97686,170648,165384,161550,248794,240901,217785,66672,53331,69083,70078,66133,60155,62370,61697,66070,52784,56207,55514,90413,80644,87140,89294,90868,109255,51230,55379,62425,57792,54010,54528,47036,49894,58964,56659,55727,51428,223052,272693,224895
"5 h 10 min",,62258,71685,66709,78703,76016,78868,84308,88946,99328,167897,168683,164442,249949,240584,220096,69749,53073,72047,69485,66784,67204,63486,65927,68541,53992,59052,56192,90454,86048,87292,88603,90280,107485,52846,57233,66731,59233,53038,56524,49559,52061,60971,57161,55575,51826,220412,270424,223327
"5 h 12 min",,62070,72335,66539,77951,76089,79045,85763,86666,98096,168000,166505,163392,251654,240406,219477,69542,53227,73066,67715,65246,65327,61984,63785,66689,53796,57499,54545,90056,83380,86962,88404,89608,107882,52953,56380,64712,58618,53138,56203,50334,52002,61848,57329,55126,51753,219834,270327,222433
"5 h 14 min",,59833,64082,63967,75696,74217,78253,80225,89137,97829,172313,167473,160690,249522,243568,219752,65863,53294,68687,69881,65610,59444,62905,61372,66662,52854,56560,55989,90240,80185,86335,88757,91269,109378,51552,55363,61694,56855,53826,55025,47411,49572,57999,56497,55580,51964,223080,271716,225678
"5 h 16 min",,64929,66953,68916,79448,77635,83644,83765,94245,101433,183376,168933,168356,250746,247790,226531,72515,53255,73945,75379,69397,63700,74163,68593,76463,53235,62504,58743,90125,79866,85839,87730,89272,108319,54153,60099,71015,62757,56832,57248,49018,51426,61260,56454,55991,52117,221801,274535,224592
"5 h 18 min",,67656,71138,68691,85509,78787,83464,84307,97954,106722,184219,176239,174125,253043,252231,232953,70852,53729,76689,74621,73394,70191,78244,76037,78970,53455,67145,65108,92702,81169,91412,89087,90346,108266,52953,61855,77578,64630,54954,58374,48540,53153,63448,57187,56662,54571,223272,275085,228250
"5 h 20 min",,62386,67409,67198,79484,76761,83108,83274,91233,100007,177073,170523,166475,254624,249605,225211,70190,53826,73149,72515,66763,63202,68293,67049,71102,52993,60319,57621,88922,81317,87310,89050,89342,108329,53240,58657,67162,60610,55284,57979,49224,51155,60521,57391,56628,52596,221787,276213,225170
"5 h 22 min",,62106,66298,66139,77428,76128,80107,81009,90284,99130,176932,171595,166491,254817,249096,227549,68187,53463,72046,71615,65945,62314,65417,65486,69463,52441,59429,57339,88498,79881,86870,89367,89232,109174,53752,58593,66670,60047,55075,56932,48414,50311,60021,56809,55756,52330,221031,277148,225115
"5 h 24 min",,61844,65070,65937,77982,75568,80721,82063,92344,99790,182999,167384,165222,253455,253139,227205,68605,53827,69540,70740,67103,60338,70256,65727,71570,51655,60031,57049,91082,79242,88356,89565,90844,109464,51634,57108,66454,58426,54850,56219,48927,51840,60409,57374,55751,51861,225472,276529,227026
"5 h 26 min",,63110,71322,68146,76072,77027,81041,85780,87545,97541,176714,166506,165445,256673,246208,226572,69910,53619,74022,67763,65318,62873,64547,60883,70561,52918,55885,53270,92807,81203,86273,88948,89923,108513,53841,59273,64900,58881,54240,56972,50309,52612,61690,58452,56033,51406,223877,274686,226283
"5 h 28 min",,60354,64724,65184,73688,75360,78539,80791,87400,94534,176244,168335,162929,252314,249550,226407,65259,53402,70582,68986,63442,58387,62970,61041,66960,51637,56406,53846,85259,77453,84479,87859,88563,107620,52451,57204,63154,58990,54041,56240,47795,49790,59154,55189,54716,50861,218968,273820,224290
"5 h 30 min",,63617,66962,68274,77473,77376,83970,83419,93695,99485,181904,174440,164919,253620,250292,228786,71940,53630,73099,74128,67353,61113,69388,66079,73221,51736,58660,56490,89893,78824,84972,87446,88123,107848,54021,58853,66709,60680,56398,58655,49104,51646,59107,55969,54963,51461,221058,273531,224097
"5 h 32 min",,64215,70817,68469,77210,76409,81839,86304,89617,98873,175731,172273,165306,254858,247047,227109,72175,54043,72582,68504,64583,63594,62488,65604,66684,52811,56753,54633,91834,83974,86504,88742,88662,108107,53274,58043,64980,57384,53908,57748,50958,53275,61277,57202,55350,51648,223038,274274,225005
"5 h 34 min",,64722,67062,69386,77595,76930,83940,83645,94972,100786,183374,174317,165223,253538,251709,231399,72848,53998,72955,74391,66851,61796,69310,66621,72700,51902,58253,56412,88865,79093,84887,88191,88393,107756,53919,59880,67179,60664,56241,59157,49239,51597,59595,56032,55285,52126,221897,275209,223327
"5 h 36 min",,63930,68907,67969,77392,77432,82309,83355,91582,100190,178911,174194,165651,254046,251681,229047,71190,54394,72157,71431,65051,63510,63909,67384,67360,51430,57881,56628,87892,81770,87437,88501,88549,108014,53655,58708,65723,59551,54787,57324,49432,52306,60165,56573,55867,52096,222076,276763,226132
"5 h 38 min",,63544,68123,67979,76589,77339,82419,83547,92273,98786,181517,176371,166751,254404,252341,229419,70820,54531,72501,71004,65263,62318,65974,66496,70892,51492,58935,55617,87423,81148,85432,88001,87882,108313,53235,59038,65341,59796,55024,58783,49577,52001,60379,56527,55887,52058,223712,276667,225802
"5 h 40 min",,63694,68859,68337,76714,77917,82010,84036,93192,99011,185168,168495,167102,255793,253359,231619,70183,54538,74187,72643,66222,62770,68067,67018,71795,51254,58331,57332,85241,76251,87533,88387,88746,108813,53868,61451,68864,62487,56572,57070,49773,52736,62274,55982,56805,52442,224523,279362,226586
"5 h 42 min",,61319,65876,65810,74203,75423,80418,82547,91593,97604,179809,175995,159679,253015,249069,227342,67849,54748,68530,68374,65592,58316,61645,61883,65123,50556,54251,54798,91804,79363,86803,88512,89408,109386,52177,57282,60517,55581,55182,56379,49287,52621,58719,56525,55139,52011,226834,276598,227095
"5 h 44 min",,63691,67774,69072,75497,78344,82496,82825,92104,98570,181554,176713,161988,254569,248477,230973,70285,54511,71735,70343,65286,60274,62581,63885,67529,51107,55475,54784,88597,79027,84063,87890,88566,107328,53751,59620,63530,59938,56749,57833,49506,52453,58687,55496,55415,52391,224152,277519,225568
"5 h 46 min",,62266,67837,65491,76743,77064,79672,82811,94072,99304,177713,170748,163921,252025,254363,229185,66356,55551,72363,71781,66895,63542,65637,66352,69420,50313,56902,56067,85960,77003,91967,89636,90370,109873,52612,59819,67481,59171,54300,55812,50046,52779,61465,55974,55644,52532,226504,278729,229336
"5 h 48 min",,62009,66701,65204,74699,75553,80512,83754,92340,97363,178124,172715,162962,254280,251860,228030,67523,55414,69421,67817,65332,60518,63479,64668,68492,49797,55228,53970,88500,78810,88405,87733,89625,109352,52093,57953,63062,56940,53958,57170,50420,53208,59437,56157,55241,51821,225692,277602,227934
"5 h 50 min",,63035,67173,67630,75748,77110,82724,83221,93835,98476,181809,178707,162852,254858,252713,230299,71228,54911,71722,69934,66533,61748,63077,66053,68631,50340,56184,55351,88191,77854,84898,87790,87656,107819,54378,60289,64212,59646,56666,58121,49495,52103,58843,55117,55297,52482,224028,278592,225926
"5 h 52 min",,64558,69508,68872,76524,77633,84262,84986,93874,97885,183043,176578,164670,255710,252603,230890,72945,55780,74011,70906,67304,63829,66752,68655,70770,50209,57242,55157,87962,79126,85373,87375,87226,107108,54155,61465,67206,61185,56026,59251,50580,52945,59915,55803,56072,52397,222860,277464,226545
"5 h 54 min",,63396,72897,67955,73421,75905,80373,86966,88830,94998,177619,172127,161849,254115,246937,228704,70467,55151,72812,65361,65026,63262,60750,62830,68436,50051,53748,50483,88325,78449,84479,87049,87185,106874,54481,59621,64049,58589,53767,59015,51832,54980,59892,55681,54084,50684,220577,274164,223850
"5 h 56 min",,74428,74336,72022,83901,80694,86097,86198,99617,106637,191303,185002,172495,256810,258295,240612,71715,56142,80931,77162,75689,72755,74588,77263,76368,53086,62765,63662,90064,77668,93469,87522,88705,107850,53464,66546,79222,67110,56367,60389,51233,56078,65598,55865,56510,56130,222585,278165,230739
"5 h 58 min",,66754,71173,71611,77891,78371,86397,88823,100604,101669,185655,180266,166009,254349,253070,234603,77448,55345,75909,69178,70199,63639,71725,71751,77081,50757,59136,57079,94251,83443,84681,86954,86949,107352,55192,61137,69737,60817,55270,60687,52299,55899,59264,55530,54985,52910,223836,276405,229666
"6 h",,64270,75721,68401,76981,76711,81073,86336,94106,97713,175450,179359,163410,254294,249385,230368,70548,55367,75535,64748,67483,68259,61478,70510,68253,50057,57279,56183,86640,82257,86686,87046,87343,106594,53807,60505,68437,58626,54454,58510,52272,55908,61137,55339,54432,53192,219147,276474,226036
"6 h 2 min",,63703,68994,67489,76452,77269,81652,85973,97327,99687,185094,175076,166164,254431,256288,234809,69988,55465,76327,71537,68599,66272,68945,71371,72935,50159,59174,57578,86352,75109,88116,88015,87612,107604,55094,64578,71569,63366,56869,58953,51678,54360,62823,55301,55163,54370,223327,280269,226889
"6 h 4 min",,63140,72793,67554,74430,75659,80589,85320,91921,95562,178543,177314,163101,256233,254280,232499,71832,56424,74931,67644,67480,65944,62852,68317,70276,50023,56729,53335,87431,80296,85751,87098,87882,107760,54357,62058,67019,60513,54971,59460,51369,55158,60680,55912,54654,52565,222681,279609,226627
"6 h 6 min",,65759,73224,69870,77441,76201,82295,89811,92690,98011,180857,175591,164756,255339,251214,231468,74981,56444,73876,65246,66386,67962,61069,70475,65301,50193,56210,54423,87383,83646,86271,87784,87667,107995,54190,59864,65876,58785,54358,60613,54034,58467,61852,55709,54564,52744,224193,278468,228112
"6 h 8 min",,63026,71916,66311,73790,74907,78691,86709,89313,92939,171838,172350,157032,250554,246222,225596,69793,56027,70908,62026,64105,63988,57241,65190,62568,48921,52555,49939,85324,79498,85965,86491,87170,107665,52852,56820,60617,54969,52942,57614,52374,56659,60444,54743,52313,51290,222034,275127,224427
"6 h 10 min",,60474,65031,64566,72044,74406,78330,83123,94542,93950,179146,170687,158381,251420,253483,230986,67426,56932,71809,65957,65317,59585,61834,63303,67711,48254,54098,50800,83550,74180,85657,86642,87683,108020,53187,59608,63494,58846,54760,57128,50974,53373,58938,54241,53511,51929,224097,278495,226407
"6 h 12 min",,66970,70799,69432,77218,77629,83480,87962,104480,103071,185292,183025,166306,255064,257787,239897,74173,56917,77214,67945,71387,66232,71764,74540,77698,49616,61853,58003,89500,80833,85517,86493,86656,106585,55663,64274,72456,62239,56533,60760,52163,57132,60696,55254,55118,53999,224400,278977,229350
"6 h 14 min",,62455,67902,66987,74251,75875,81145,84185,95830,96096,181798,178140,160437,253235,253153,233131,71853,56588,73506,67370,66097,62027,62096,67886,69109,49508,55685,53161,86085,76901,83106,85405,86333,105780,55219,62236,64358,59905,56270,59484,51049,54191,58448,54272,54139,52805,223038,279279,226008
"6 h 16 min",,61139,64696,65314,72585,73958,79226,85468,95609,93568,183530,171181,158978,252534,253015,230299,70124,57390,71874,65783,65919,59156,63173,63798,68444,47903,53248,51032,83953,73642,85684,86872,86913,108056,54012,60339,62908,59404,56480,59125,52014,54812,58597,54515,53901,52075,223382,279046,227576
"6 h 18 min",,70090,71533,72780,79293,77869,85015,89122,105732,101715,187271,180251,166616,256439,258460,237752,79177,57431,79939,67690,71144,67256,72664,76629,78830,49407,61625,56930,88786,80499,85932,86936,86279,106684,57289,65406,73596,63351,57669,61163,53596,57914,60656,55629,54594,54160,223973,280544,228951
"6 h 20 min",,64500,69836,69437,75129,74480,80988,90731,93136,94645,179751,173519,159645,253386,247639,230230,77331,57164,72603,65363,64006,62517,59585,66290,66186,49542,52779,48833,86684,77803,82049,85772,86166,105863,55932,60537,62518,58047,56109,62302,53980,58044,59731,55221,53073,51463,222956,276268,225032
"6 h 22 min",,72972,72738,73137,81452,79235,85679,89181,104690,103696,188458,184180,167986,252864,258612,239814,79570,57286,81919,70403,73646,69576,73501,77966,77342,50172,63267,59903,87855,77086,88225,85138,85322,106304,56995,66731,75709,65315,58680,61094,53569,58504,62563,54185,54553,55835,223025,279403,230285
"6 h 24 min",,61575,66653,66413,74037,75516,80968,86460,98036,95015,182249,173651,160122,251805,252534,234231,71580,57413,76676,68599,68221,63367,64327,68953,70923,48808,56367,51887,82405,72244,83804,85275,85479,106090,56550,65008,68041,63629,58314,59986,52317,55132,59994,53169,53874,53712,221471,278825,224413
"6 h 26 min",,64379,68270,68111,77633,77008,83096,88086,99771,96779,185185,175564,162558,253359,256989,236335,75719,57523,79568,69957,70774,66663,68459,72605,73989,48816,58418,54852,83136,72594,85500,85776,85210,106053,57809,66837,71374,64957,59077,61186,53534,56863,61720,53049,54521,55181,223203,278894,226531
"6 h 28 min",,62888,69421,68438,74732,75770,80952,87307,96156,96456,177098,176669,156318,249509,247254,229859,75618,57663,75512,64730,66378,62496,60534,68552,68476,48938,54202,51741,84275,76952,81321,84118,84400,104302,56394,63059,63081,60077,58029,60929,53040,57246,58113,52420,52969,52140,219711,274205,224936
"6 h 30 min",,62412,71106,67804,73889,75699,79229,87882,96351,93582,178422,179050,159349,252878,251764,233874,74415,58067,75964,64536,67547,65099,61823,69654,71021,49143,56373,51166,86169,78640,82809,86209,85095,104990,56537,64629,64498,61050,57109,60728,53386,57876,59123,53761,54375,54010,223176,278152,226806
"6 h 32 min",,59540,63843,63589,72523,72596,77755,85754,96728,91768,179330,169179,154235,249467,252616,232526,69011,58551,73357,65032,66549,59518,61973,65147,68914,47721,53945,48933,82186,71821,83552,85245,85931,106327,54626,62021,63033,60141,56686,59064,52436,54847,57696,52898,52811,52779,223203,277945,225596
"6 h 34 min",,67907,68085,69970,79952,76362,83277,88315,102859,98576,191288,179167,164520,250870,255930,240103,78485,58730,80384,72305,72915,69449,71132,77476,75947,49468,61380,56316,85914,71812,83164,83997,84755,105317,58510,69221,75136,66567,61524,63300,53766,57482,63032,52736,53382,56967,223080,279431,225156
"6 h 36 min",,61470,65305,66478,75344,74816,82114,88489,99655,93846,182985,176961,158380,252823,252190,233406,75829,59270,76363,67508,68509,63432,64308,69390,72016,49109,55541,50849,82635,73970,80584,84070,84106,105448,57508,65352,65819,62344,61006,64188,53836,57098,58013,53244,53189,53500,220494,277725,224372
"6 h 38 min",,60652,65428,65680,72876,73099,78771,85645,96219,92566,179723,176315,155316,252066,250746,232746,73563,58527,75068,66529,66162,61470,60104,66917,67227,48646,53670,49604,82373,73386,80250,84280,84059,104926,57568,63630,63365,60654,59146,61579,53585,55775,56925,52263,52336,53683,219491,276818,223767
"6 h 40 min",,60825,69253,66563,73978,72780,79057,88821,98995,94323,179811,182408,159587,251351,251723,236349,75709,58665,76792,63775,68613,63234,64098,71675,74746,49893,57065,51523,86896,78002,80939,84979,84062,104954,58273,65653,65388,61560,58914,62788,54579,59949,58034,53511,53308,55038,221993,279156,226256
"6 h 42 min",,62299,65400,67270,75039,74432,80977,87979,100999,92355,183546,173319,158184,253524,253785,234562,76125,59177,79133,69029,69291,64070,66087,70779,73435,48409,56628,50942,80738,70488,80691,84227,83736,105200,58431,67085,68860,65178,61413,62964,54576,57385,59255,52902,53936,55067,222186,280311,222832
"6 h 44 min",,65702,68803,67517,81055,74980,83126,92229,110133,100994,185246,179813,163378,253194,255985,237669,78956,59924,81195,67095,74227,69720,73911,80293,80755,49535,62995,56968,85896,78152,83880,84490,84842,104598,58576,68354,76037,64602,59357,63850,56476,61541,60726,53900,54269,56938,222199,278825,229859
"6 h 46 min",,57525,63652,62503,71512,71923,76619,86831,95520,91025,176140,173592,155042,251764,250966,231344,70942,58685,74768,64940,66247,61646,59102,66197,67563,48658,54040,48535,80213,72947,79736,83622,83892,104991,57540,64045,62930,61424,59051,61443,53201,56479,56682,52227,52569,54293,219271,279816,223905
"6 h 48 min",,62507,70756,66418,80360,73718,77804,91689,100553,94857,174007,172913,158634,253001,249646,229364,77071,60128,78916,69232,69772,71165,60738,77686,69122,49312,57016,53526,80551,79454,84318,84846,84264,104087,57776,66006,70422,61630,57746,63806,56797,62351,60466,52996,53718,55284,219188,277574,224386
"6 h 50 min",,62087,64813,66612,76855,73799,81514,90459,105030,93391,184818,175458,158816,251613,254486,237037,80222,60594,79052,69968,70867,64792,68108,73184,75600,49056,58353,52271,81800,71899,79216,83595,84762,103989,59780,68510,70591,64979,62643,65674,55435,58708,58977,52209,53434,55822,221471,278344,223038
"6 h 52 min",,61409,64932,66830,75682,73281,80026,89500,100873,93489,180662,177655,155863,251296,248876,233571,78951,60770,76423,66260,68571,62165,61960,68957,69814,49754,54643,49840,84236,75299,78004,83370,83767,103318,59619,66114,63627,62777,62704,63732,54612,59595,57086,52676,53117,54715,222144,277808,223822
"6 h 54 min",,59144,63283,64648,74364,72221,78355,89348,101233,90226,180155,173145,156982,253813,253634,234534,75182,60329,77477,66755,67723,63178,63896,69600,72436,48761,55654,49268,79880,72693,79868,83041,83746,103155,59235,66826,66707,63347,61023,65116,55495,57656,56937,52071,52960,55028,218913,278743,223547
"6 h 56 min",,59637,63772,64629,73755,72048,77858,88538,100476,91049,180890,175588,156408,252025,252396,234094,76335,59547,77674,66874,68486,62284,63053,69619,72790,49213,55380,49512,81416,73516,78312,83032,83661,103661,60320,67354,65471,64084,62247,64251,54532,57725,56540,51817,52344,55997,220206,278674,223437
"6 h 58 min",,60557,67822,65253,78617,72447,77909,90175,99944,91779,174745,173072,158399,253565,250691,232375,77825,61087,78939,66387,69201,69219,61808,75246,70073,49291,57443,50872,80668,77817,81520,83462,83733,103754,59575,67954,68370,63134,60394,64554,55920,62262,59465,52582,52939,56376,219559,278495,225720
"7 h",,56929,61642,61560,72883,70971,75393,90513,96654,88586,175572,168490,155203,250127,249192,232100,71861,60994,76113,64228,65889,62011,60142,67555,68826,48617,54122,47715,77708,72156,78575,82502,83946,103820,58855,66059,64070,62553,59434,64075,55729,58685,57115,51596,52095,54965,215424,278289,222488
"7 h 2 min",,59689,63417,64426,76815,72319,79769,92755,104466,92326,179700,174910,156741,251585,250884,234190,79234,62248,78215,67323,69717,64745,66410,73499,75501,49248,56864,49981,81951,73946,78803,82546,83398,102765,60285,69420,67777,64811,62993,68237,57840,61937,57057,51827,52882,56174,219999,278495,223891
"7 h 4 min",,70429,69616,68533,85992,76692,83669,95277,112731,101203,182062,181150,164971,252561,257622,239539,82989,62800,88232,70000,79085,74739,75865,84055,81676,50863,64416,59255,83588,75906,86717,83945,84164,103614,62218,74513,80839,68609,64585,67386,58272,64573,63846,52697,54307,62930,219931,278702,230945
"7 h 6 min",,58607,64492,62489,78338,73877,77714,93943,107738,94880,177615,171246,157645,250554,251998,234176,74939,62621,83307,69161,71932,69520,66311,76120,75272,49257,59249,53096,78327,71969,82717,83838,83844,103819,62021,73140,73889,67849,62338,65396,59118,61333,61299,51261,52962,59263,217532,280407,224455
"7 h 8 min",,67881,68337,67837,85903,74299,80961,95025,111162,99753,185702,178699,164839,252520,256095,240241,79348,63781,86228,72444,79588,74754,73786,83410,80681,50586,62448,58560,82147,73257,87678,83890,84276,103987,62564,76555,80955,70135,64121,67715,57963,63398,63729,52206,53579,62938,220192,279307,229707
"7 h 10 min",,69433,67694,68591,86517,75568,82534,96383,114615,100467,182107,177010,162319,251984,256247,236514,84615,63233,88397,68819,77998,73267,75533,84407,82561,50344,64321,57352,81965,76400,84722,83382,83864,103157,62646,74396,79872,68914,65644,67984,59813,65047,62169,52280,53627,61386,219463,279953,228951
"7 h 12 min",,56768,62118,62716,75568,70758,76430,90719,105591,90044,177228,171950,155893,251489,252080,232306,76896,62024,80075,66938,69360,63414,64198,72087,74156,48852,55547,49242,78868,72451,77870,82113,82404,102461,61770,69778,67950,65419,63616,65909,55907,59790,56394,50973,52123,57057,219147,277753,221677
"7 h 14 min",,57919,62008,63086,76775,71190,77230,92381,105179,91443,177752,173482,156178,249811,250512,232526,80219,62600,79968,66948,70593,64582,65134,74094,74055,49316,56484,50058,79723,74452,78147,82056,82370,102107,61699,70254,67119,64697,64922,67194,56522,61300,56583,51308,51979,57835,218129,277382,222695
"7 h 16 min",,57675,66584,63380,76231,71396,77541,96163,105553,91536,176577,175223,155883,251874,249729,233805,80896,64063,81878,65124,72659,68240,66088,74246,78453,49968,57011,49698,83562,77119,79299,82508,83419,102912,63808,72707,69886,65855,64125,69983,59344,65214,56946,52183,52470,58732,219449,277588,225156
"7 h 18 min",,58147,61841,63520,78166,71351,78757,95604,109582,91251,181383,172859,157196,250994,252259,234369,81965,63562,80852,67173,72140,64281,68940,75517,78608,49328,58195,50834,80366,72760,76527,81396,82491,101507,62650,71840,69736,67076,66591,71229,59706,63670,56244,51379,52482,58949,219463,278138,221017
"7 h 20 min",,59930,67233,64476,78916,70953,77078,98417,103049,89827,171756,169899,154304,250127,243953,227851,82812,64656,83556,62499,70994,68836,62703,74139,73296,50010,54749,47840,80319,76327,78503,81663,82336,102858,62934,70738,69182,63539,62736,69812,61949,67761,59441,51881,51028,56877,216864,273380,220893
"7 h 22 min",,54875,59641,59967,75462,68522,74529,92083,105033,89088,171783,168265,150703,246717,246016,226847,76508,63651,77555,64547,69993,62942,62647,70881,71809,48224,54103,47778,79963,73101,77909,81294,83059,101685,60517,68442,64840,61953,63166,65989,57323,62596,54897,50072,50574,57347,216892,273600,220563
"7 h 24 min",,53230,58235,58136,73281,67158,70883,91485,100888,86738,167034,164805,149132,244875,246373,225307,70801,63934,76164,61908,67309,61132,59440,67708,68412,47794,52317,46400,76935,71960,77647,81272,82125,101512,59618,66841,62501,61163,61094,65233,57541,62129,54979,50149,50386,56634,214747,272143,220178
"7 h 26 min",,64991,67203,64419,88076,73272,80132,98253,117670,99622,176379,174575,161043,249247,253483,234974,83677,65970,89533,70185,79558,75878,76309,87134,84174,50746,64308,58005,81212,74780,85493,81826,82972,101639,64085,77255,83301,70166,65036,70320,62054,69318,62157,50766,52596,64231,216795,274301,225458
"7 h 28 min",,53257,59118,58227,73879,68055,72258,94433,100949,88449,169387,164885,151648,246924,245810,228305,74476,64725,78353,63893,67861,63023,59601,70998,69002,48828,53913,46969,76466,72431,76959,81321,82197,101369,61909,69662,65769,64040,62394,67849,59083,63779,56020,50072,50876,57854,213206,274411,219147
"7 h 30 min",,57136,61263,61858,79591,70455,75791,98053,110328,91786,177517,165577,155458,248904,249825,231756,81875,67062,84953,69354,73602,67927,69008,78682,77819,49567,58480,51591,76868,70384,78199,81183,82547,102150,65342,77165,75274,70681,67454,71080,61730,65989,59673,50081,51895,61266,217359,276350,221429
"7 h 32 min",,53602,59185,59268,74571,68213,72450,94636,102448,88928,170239,166494,151812,248409,246772,229267,76533,65891,78914,64299,68318,63398,59048,71399,70056,49059,54127,47583,77924,74133,77258,81369,82101,101861,63380,71312,66019,64535,64084,69232,59622,64226,56248,49621,51264,58703,213880,277093,221154
"7 h 34 min",,53963,58940,59595,77213,67729,73094,95330,108155,90075,172126,168321,152516,248780,249701,229075,77464,66370,79087,66043,71450,64396,64469,74698,74319,48944,55623,48266,80512,73883,78193,81566,83213,102718,62646,71281,68030,64721,64968,69401,59589,64376,55381,50623,51208,59754,215901,277120,223451
"7 h 36 min",,56068,60639,61522,80106,69039,75532,98541,114694,92097,177062,169851,157045,251145,251503,233998,83154,66668,84423,68984,74554,68043,69710,79890,78952,49656,58844,51405,78740,72333,78871,81832,82299,101798,67006,77434,73951,70183,69625,73659,62579,66550,57848,49833,52461,62191,216575,278825,221663
"7 h 38 min",,58560,61107,61785,84312,69719,76341,99033,115172,94286,177563,167129,156694,247969,250760,232953,83936,68675,84530,69201,77403,71004,72416,82358,79986,49515,60061,53926,81205,71734,80279,81658,83350,103176,65245,76762,77549,69316,69554,72260,63504,68278,60565,50740,51802,63560,217909,275745,221911
"7 h 40 min",,53577,58434,58197,76721,66493,71619,95781,104614,88610,168324,167912,150165,247199,245370,226724,76791,67306,77563,64096,70498,63841,59636,71227,69254,48583,52553,47670,80095,74405,78682,81431,83430,102393,62933,70213,64677,62300,66320,68876,61288,65596,55822,50132,50265,59712,216122,276832,221979
"7 h 42 min",,54708,59488,60027,78663,68498,74331,97487,110366,90348,173898,168607,155969,249426,248601,231440,82457,66797,83114,67790,72675,67035,66187,77079,76164,48996,57215,49481,78254,73351,77443,81139,81278,100901,66506,76338,70546,68766,69528,71218,60907,65728,55645,49837,51138,61332,215214,276667,220467
"7 h 44 min",,55122,59670,60566,80097,68097,74115,97848,110101,90707,172527,169189,153837,251310,248821,230450,82797,67073,83614,67573,72017,67449,64731,77471,75169,49680,56222,49596,79207,74319,77627,80956,81566,101229,66853,75934,70501,68560,70042,72686,61133,65910,55619,49764,51060,61582,214004,276048,220151
"7 h 46 min",,59114,62431,62310,88385,69763,77573,102806,122099,96942,179090,173505,160262,250072,252534,236817,88076,68793,87860,69865,79974,73766,75709,88693,85501,50435,63684,56036,83187,75047,80283,81297,82103,101256,69280,81618,81088,71832,71914,76664,64882,70359,59072,50531,51854,66491,219573,277162,224661
"7 h 48 min",,57583,62150,62169,86903,68133,74608,104537,112643,93143,172097,166096,156562,250416,244476,227755,90285,69719,83846,68322,72733,72869,65152,84519,74753,50562,57604,50631,79630,79903,79159,81395,82528,101320,67621,76402,73166,66139,68418,76399,66178,74709,57751,49944,50864,61442,215051,274989,222268
"7 h 50 min",,55338,59489,60522,81850,68370,75006,102198,117522,91131,174665,166722,156251,249907,249894,231138,85097,69680,86324,69231,75619,69477,69896,80864,80095,49631,58956,50570,77771,71543,77693,80393,82333,101418,68538,80180,75824,71825,71540,76018,64721,69333,57658,49450,51178,63319,216438,277340,220247
"7 h 52 min",,57031,60813,61695,86306,69394,75533,104258,118500,94029,178335,167578,158064,248216,248629,233090,88676,70573,87632,71928,78735,71949,73654,86270,82851,49550,61669,53913,80596,71395,76850,79511,81364,100842,70476,82690,81253,73888,73611,78053,66689,69939,59550,49150,51191,65252,215572,274439,218831
"7 h 54 min",,54438,58106,58586,83480,67038,74460,101358,119536,92063,171087,167297,153942,247515,249399,230794,84432,69419,84088,67823,76619,68393,69175,80483,78804,48902,58007,50707,80027,73758,78427,80347,82913,101286,67125,77961,73520,67361,71604,74859,64421,70408,55549,50039,50426,63552,217057,274700,221718
"7 h 56 min",,54209,63561,60515,80318,67219,72629,106139,112772,90227,170542,167351,156167,251750,246236,230312,88320,70992,88512,63951,75254,70448,66371,77938,81003,50895,56158,47741,84266,76678,78110,80970,82457,100996,70703,80613,72726,68492,69625,78122,68213,75857,57791,51538,51096,63280,217442,275127,220962
"7 h 58 min",,53697,57781,57827,84006,66972,72620,102104,120157,92247,172681,166961,153821,248051,250623,229845,83867,71676,84061,68073,76471,68964,70024,81469,80432,49535,57957,51015,79654,73071,79808,81102,83507,101383,67815,78989,75123,68899,72834,76039,66368,72419,56293,49620,50650,64445,217785,274700,221416
"8 h",,55293,61144,58853,83227,67216,72024,107421,124075,94396,172903,167077,156638,251516,250059,231756,86571,71570,86136,64293,78706,70264,73254,82532,85080,50091,58951,50181,84469,79170,79716,81173,84496,101501,69972,79888,78300,67659,71449,77582,68883,77214,57210,51894,50519,65250,219188,275457,223712