time,Negative,Negative,Negative,STAR6 15 nM,STAR6 15 nM,STAR6 15 nM,STAR6 10 nM,STAR6 10 nM,STAR6 10 nM,STAR6 5 nM,STAR6 5 nM,STAR6 5 nM,STAR6 3 nM,STAR6 3 nM,STAR6 3 nM,STAR1 15 nM,STAR1 15 nM,STAR1 15 nM,STAR1 10 nM,STAR1 10 nM,STAR1 10 nM,STAR1 5 nM,STAR1 5 nM,STAR1 5 nM,STAR1 3 nM,STAR1 3 nM,STAR1 3 nM,Without STAR6,Without STAR6,Without STAR6
0 h ,21605,22846,21897,22496,23674,22924,22733,22782,21731,25379,25841,24212,22520,24068,25361,24073,25370,25632,24955,26222,26179,24408,22656,23967,26090,25862,25610,24744,24705,23000
0 h 2 min,21359,22482,21603,21946,22980,22274,22448,22473,21370,24254,24997,23725,21925,23756,25046,23677,25234,24896,24539,25486,25415,23676,22241,23718,25631,25406,25025,24185,24223,22667
0 h 4 min,21246,21874,21832,21498,22866,22238,22015,22564,21296,24034,24238,23380,21607,23132,24565,23363,24859,24788,24105,25030,24925,23320,21962,23043,25131,24793,24577,23632,24014,22651
0 h 6 min,20515,22058,21599,21642,22784,22016,22279,22644,21222,23650,24108,23539,21646,22998,24491,23088,24605,24372,23943,24759,25095,23003,22119,23087,24653,24908,24363,23521,23328,22231
0 h 8 min,20716,21716,21105,21551,22358,21746,21836,22301,21082,23061,24080,23142,21392,23019,24322,23009,24625,24227,23859,24640,24624,22763,22382,23067,24825,24718,24254,23302,23271,22440
0 h 10 min,20256,21524,20274,21242,22446,21580,21306,21729,20203,23193,23738,23172,21328,22961,24356,23205,24285,24333,23587,24722,24675,22373,21991,22946,24624,24243,24214,23139,23021,22413
0 h 12 min,19527,20919,19191,20402,21471,20468,20566,20388,18835,22328,23133,22614,20281,22661,23911,22654,23208,23541,22619,23798,23719,21627,21619,22581,24200,23806,23396,22758,21684,21685
0 h 14 min,18494,19739,18134,19122,20181,19042,18951,19018,17904,21411,22099,21562,19038,21570,22860,21757,22081,21775,20959,22207,22476,20825,20720,21249,23065,22813,22489,21841,20199,20772
0 h 16 min,17750,18537,16936,17971,18928,17957,17207,17443,15924,20174,21259,20272,17607,20505,21837,20521,20556,20344,19383,20486,20555,19463,19639,20181,21887,21545,20964,20452,18591,19580
0 h 18 min,16666,17604,15296,16211,17699,16154,15523,15830,14932,18648,19765,18851,16194,19011,20411,19163,18661,18833,17519,18591,18901,17553,18426,18590,20456,19854,19521,18883,16829,18442
0 h 20 min,15758,16117,14835,15030,16138,15089,15160,15052,14581,16973,17872,16991,15247,17579,18701,17430,16956,16996,16312,17094,17203,16068,16684,16866,18088,17918,17732,17151,15648,16958
0 h 22 min,14850,15228,14882,14881,15528,14766,14871,15337,14170,15834,16621,16114,14715,16110,16924,16260,16556,16404,16107,16515,16716,15029,15339,15562,16609,16693,16430,15724,15545,15719
0 h 24 min,14442,14753,14445,14823,15364,14711,14738,14807,14237,15478,16127,15722,14444,15681,15975,15859,16473,16164,16152,16409,16009,15015,14974,15346,16532,16070,16046,15726,15351,14910
0 h 26 min,14394,14822,14320,14746,15351,14646,14761,14830,14272,15538,16154,15559,14677,15213,15896,15803,16188,15737,15889,16372,16208,14886,14893,15260,16477,16290,15880,15154,15303,15375
0 h 28 min,14140,14823,14454,14679,15149,14927,14713,14976,14386,15525,15621,15542,14468,14895,15572,15757,16301,16115,16119,16259,16279,14720,14854,15118,16193,16049,15824,15367,15228,14977
0 h 30 min,13988,14369,14272,14671,15304,14801,14917,14831,14126,15102,15602,15475,14396,15082,15871,15551,16185,15786,15880,15842,16155,14767,14945,15248,16093,15774,15758,15093,15174,14848
0 h 32 min,13843,14569,14450,14693,15202,14681,14718,14798,14334,15258,15718,15322,14361,15179,15488,15372,15903,15664,15900,16035,16189,14818,14658,14935,16048,15814,15656,15039,15209,14651
0 h 34 min,13933,14587,14595,14790,15361,14861,14861,15403,14477,15278,15647,15532,14457,14930,15574,15465,16051,15937,16003,15977,16023,15012,14828,15118,16125,15730,15353,14873,15219,14756
0 h 36 min,13968,14639,14660,14967,15510,14973,15324,15341,14934,15403,15651,15562,14595,14918,15749,15676,16308,15998,16061,16171,16300,14872,14574,15012,16241,15970,15621,15016,15526,14647
0 h 38 min,14163,14748,14620,15120,15608,14958,15290,15623,14632,15366,15600,15884,14741,14797,15904,15822,16430,16259,16236,16271,16414,15128,14912,15376,16356,15764,15711,15168,15495,14773
0 h 40 min,14397,14837,14693,15328,15996,15447,15385,15560,14862,15596,15633,15692,14624,15105,15804,15577,16414,16110,16304,16357,16275,15297,14814,15381,16360,16300,15906,15523,15456,14947
0 h 42 min,14393,14785,14799,15408,16056,15221,15595,15814,15088,15595,15954,15618,14579,15238,15787,15799,16686,16244,16839,16568,16429,15308,15085,15504,16262,16193,16115,15484,15530,15051
0 h 44 min,14522,14832,14927,15524,16135,15426,15565,15750,15438,15535,15824,15918,14883,15228,15979,15883,16626,16106,16386,16384,16552,15419,14998,15383,16805,16320,16250,15442,15872,15094
0 h 46 min,14805,15027,14991,15726,16448,15774,15915,15848,15396,15791,16057,15816,15095,15336,16212,16165,16648,16288,16742,16346,16485,15654,15165,15459,16547,16800,16182,15671,15501,14974
0 h 48 min,14709,14879,15135,15963,16313,15945,15939,15961,15277,15710,16002,16178,14828,15340,16137,16357,16864,16692,16780,16402,16457,15608,15424,15502,16515,16570,16519,15445,15698,15069
0 h 50 min,14781,14997,15118,16160,16644,16089,15756,16200,15414,16117,16212,16121,14794,15216,16177,16088,16523,16512,16736,16556,16643,15774,15451,15668,17014,16388,16013,15721,15864,15115
0 h 52 min,14753,15206,15233,16107,16874,16172,16221,16459,15790,15923,16169,15892,15134,15393,16190,16104,16947,16545,17007,16590,16738,15772,15368,15806,16905,16615,16357,15682,15858,15262
0 h 54 min,14870,15313,15174,16415,16879,15952,16013,16384,15734,15827,16418,16286,14952,15599,16335,16227,17069,16683,17115,16844,16734,15965,15665,15991,16939,16650,16320,15803,15791,15352
0 h 56 min,14858,15408,15337,16420,17141,16548,16232,16497,15671,15787,16186,16074,15087,15434,16242,16269,16865,16842,17162,16649,17184,15905,15514,15895,16946,16770,16778,15751,15844,15447
0 h 58 min,14711,15196,15418,16639,17403,16494,16429,16607,15843,16155,16403,16063,15366,15507,16248,16298,17121,16580,17238,16708,16976,15970,15616,15847,17012,16746,16630,15660,15994,15644
1,14960,15431,15211,16771,17515,16321,16717,16623,16013,16136,16674,16393,15453,15578,16352,16639,17129,16785,17053,17069,17142,16080,15715,16044,17613,17066,16955,15857,16201,15620
1 h 2 min,14941,15383,15542,16964,17532,16886,16610,16883,16229,15957,16572,16425,15315,15667,16415,16572,17079,16768,17237,17118,17188,16314,15586,16381,17324,17234,16757,15978,16147,15618
1 h 4 min,14845,15491,15506,17227,17705,17115,17016,17668,16154,16103,16516,16374,15491,15646,16424,16598,17308,16760,17500,17187,17221,16177,15669,16217,17264,16999,17151,15786,16167,15664
1 h 6 min,15109,15503,15652,17610,18001,17504,17091,17129,16368,16211,16501,16592,15486,16007,16432,16856,17349,16831,17448,17021,17182,16136,15952,16065,17375,17161,17157,16067,16244,15733
1 h 8 min,15125,15592,15719,17645,18085,17331,17136,17296,16844,16608,16591,16845,15697,15736,16738,16975,17344,16935,17423,17474,17553,16265,16133,16209,17286,17486,17388,15879,16364,15688
1 h 10 min,15274,15658,15844,17737,18280,17336,17283,17393,16885,16193,16828,16782,15534,15757,16652,16648,17343,17007,17668,17334,17695,16460,15913,16253,17679,17360,17261,16120,16341,15850
1 h 12 min,15184,15638,15749,17847,18701,17425,17403,17758,16799,16421,16823,16750,15795,16026,16671,16996,17283,17026,17672,17351,17469,16585,15957,16279,17934,17068,17077,16245,16363,15949
1 h 14 min,14982,15674,15741,18330,18661,17764,17716,17895,17126,16382,17153,16792,15724,15892,16622,16658,17760,17431,17776,17706,17803,16870,16146,16631,17916,17540,17248,16243,16416,16105
1 h 16 min,15261,15704,15696,18322,18839,18207,17615,18007,17245,16678,17100,17081,15979,15905,16806,17010,17465,17358,18151,17795,18016,16918,16276,16791,17806,17846,17432,16238,16477,15937
1 h 18 min,15456,15878,15801,18337,18903,18309,18039,18120,17514,16400,16959,17062,15917,16175,16602,17119,17747,17377,18242,17696,18092,16833,16589,16555,17951,17558,17379,16410,16521,16184
1 h 20 min,15318,16070,16138,18531,19232,18621,18026,18427,17260,16672,17141,17116,15950,16131,16844,17231,17609,17591,18249,17758,17919,17082,16829,16754,18053,17850,17466,16320,16783,16129
1 h 22 min,15400,16040,15921,19095,19512,18682,18220,18444,17786,16799,17288,17289,16116,16132,16735,17407,17975,17652,18207,18153,18088,17355,16713,16920,18298,17978,17733,16234,16640,16296
1 h 24 min,15268,16098,15972,19332,19383,18895,18543,18730,17731,16752,17044,17114,15932,16513,17072,17462,17932,17703,18519,18114,18377,17266,16767,16997,18368,18177,17975,16519,16920,16333
1 h 26 min,15338,16301,16430,19348,19825,19152,18634,18725,17626,17262,17219,17393,16362,16123,16974,17345,18230,17709,18342,18360,18550,17193,16755,17163,18306,18231,17838,16535,16888,16465
1 h 28 min,15857,16224,16089,19616,20133,19253,18560,18698,18245,17006,17378,17277,16221,16214,17123,17314,18198,17997,18622,18453,18518,17321,16814,17289,18532,18430,18184,16579,17246,16391
1 h 30 min,15597,16277,16218,19687,20057,19301,18992,19193,18058,17057,17385,17644,16211,16343,17051,17793,18394,17896,18770,18565,18426,17543,16724,17331,18771,18634,18303,16709,17206,16608
1 h 32 min,15563,16147,16154,20067,20501,19392,19026,19034,18512,17215,17620,17755,16482,16465,17103,17563,18479,17752,18815,18392,18714,17668,16979,17393,18680,18712,18269,16946,17461,16636
1 h 34 min,15757,16420,16386,20330,20665,19895,19275,19514,18479,17342,17592,17513,16544,16651,17151,17797,18480,17949,19129,18799,18972,17714,17254,17702,18816,18396,18269,16689,17118,16713
1 h 36 min,15697,16384,16251,20739,20549,20069,19462,19504,18848,17253,17698,17893,16531,16619,17188,17720,18663,18313,19159,18597,19004,17879,17546,17903,19109,18886,18608,17029,17682,16871
1 h 38 min,15998,16294,16628,20450,21115,20196,19595,19490,18794,17477,17667,17908,16561,16902,17652,17954,18758,18278,19401,19069,19085,17947,17224,17748,19214,19055,18472,17094,17449,16731
1 h 40 min,15650,16396,16460,20730,21359,20451,19741,19925,19250,17344,17733,17809,16656,16863,17290,18145,18952,18549,19331,18990,19020,18147,17421,18241,19097,19082,18603,17143,17493,16915
1 h 42 min,16019,16413,16499,20923,21349,20688,19812,19988,19339,17659,17956,18126,16755,16924,17632,18507,19017,18719,19615,18907,19239,18277,17768,18048,19555,19154,18971,17424,17648,16982
1 h 44 min,15765,16477,16380,21293,21693,20689,20094,20272,19109,17925,18095,18025,16803,16673,17647,18503,18914,18766,19636,18976,19277,18626,17606,18035,19653,19297,19054,17199,17381,17135
1 h 46 min,16179,16336,16804,21540,21837,20854,20063,20209,19795,17837,18055,18161,16971,16993,17596,18468,19121,18736,19685,19010,19293,18764,17758,18129,19350,19495,19065,17215,17985,17103
1 h 48 min,15912,16470,16596,21773,22056,21260,20473,20407,19465,18033,18396,18297,17186,17036,17538,18547,19363,18868,19906,19444,19505,18777,18048,18570,19705,19527,18991,17181,17631,17097
1 h 50 min,16057,17000,16730,21935,22230,21019,20521,20915,19741,18114,18096,18257,17012,17194,18023,18456,19225,18924,19867,19452,19683,18890,18018,18264,19891,19650,19429,17363,17942,17488
1 h 52 min,16111,16505,17049,21991,22276,21528,20644,20827,20247,17933,18338,18350,16758,16859,17763,18554,19326,18950,20010,19376,19806,19383,18129,18686,19809,19664,19653,17324,17542,17328
1 h 54 min,16008,16800,16973,22384,22792,21628,20776,21103,20392,18305,18757,18537,17251,17064,18047,18626,19664,19254,19997,19744,19922,19162,18549,18683,20170,19879,19785,17616,17920,17208
1 h 56 min,16149,16588,17098,22676,22694,21791,21095,21350,20364,18357,18523,18849,17392,17214,17984,18756,19790,19274,20296,19912,19919,19547,18301,18765,20237,19939,19786,17504,17831,17192
1 h 58 min,16195,16933,17105,22766,23162,22371,21002,21539,20487,18254,18676,18436,17373,17290,18190,19023,19599,19267,20588,20327,20265,19586,18227,19140,20460,20063,19852,17388,18386,17497
2,16238,17146,17019,22824,23419,22496,21605,21636,20712,18538,18532,18799,17522,17462,18243,18885,19822,19577,20308,20144,20492,19660,18276,18747,20608,19986,20046,17582,18328,17509
2 h 2 min,16525,17106,17142,23114,23596,22579,21570,21695,20734,18536,18793,18858,17266,17364,18382,18900,19883,19643,20733,20506,20457,19666,18635,19074,20420,20083,20182,17811,18287,17688
2 h 4 min,16484,17237,17327,23537,23857,22955,21559,21867,21242,18622,18929,18848,17854,17732,18316,19324,19984,19700,20638,20277,20403,19934,18432,19438,21077,20211,19895,17619,18369,17715
2 h 6 min,16262,17131,17125,23823,24081,23152,21938,22053,21331,18820,18955,19188,17755,17685,18319,18989,20384,19855,20755,20236,20597,20098,18830,19543,20829,20771,20367,18089,18197,17707
2 h 8 min,16537,17288,17291,23529,24309,23434,22269,22262,21392,18903,18891,19190,17613,17520,18493,19256,20335,19907,21061,20548,20688,20268,18903,19400,21319,20810,20444,17968,18480,17926
2 h 10 min,16624,17415,17486,24218,24646,23488,21914,22532,21500,19049,18965,19193,17716,17842,18652,19394,20477,19970,20892,20658,20686,20187,18909,19606,21022,20406,20516,17991,18508,17984
2 h 12 min,16587,17408,17130,24161,24578,23746,22386,22370,21487,18808,19003,19306,17940,17829,18663,19444,20509,20101,21282,20798,20998,20388,19073,19920,21410,20743,20633,18051,18583,18081
2 h 14 min,16609,17328,17466,24282,25050,23847,22550,22687,22087,19218,19216,19542,18184,17960,18642,19589,20634,20092,21142,20681,20927,20514,19418,19634,21316,21067,21072,18315,18701,18079
2 h 16 min,16657,17175,17526,24561,24897,24099,22550,22683,22261,19156,19573,19552,18150,17750,18862,19718,21041,20342,21561,20884,21345,20701,19179,19880,21588,21009,20922,18116,18836,18066
2 h 18 min,16727,17403,17395,24734,25634,24196,23139,23128,22154,19155,19373,19273,18420,18113,18890,20147,20933,20589,21523,20913,21230,20727,19590,20108,21636,21447,21099,18330,18874,18104
2 h 20 min,16904,17658,17822,25220,25750,24575,22943,23100,22480,19223,19487,19878,18194,17993,18635,20005,20870,20651,21882,20962,21488,20794,19500,20234,21740,21361,21201,18443,18794,18554
2 h 22 min,16662,17303,17728,25284,25930,24603,23341,23311,22776,19430,19649,19759,18152,18229,18868,20123,21185,20607,21726,21678,21370,21157,19736,20195,21813,21452,21295,18399,18935,18081
2 h 24 min,16674,17477,17808,25784,26205,24778,23280,23355,22427,19413,19657,19959,18194,18236,19297,20249,21049,20680,22179,21222,21858,21257,19575,20560,21872,21717,21206,18378,19194,18295
2 h 26 min,17066,17379,17979,25576,26155,24963,23176,23791,22668,19488,20020,20054,18537,18191,19124,20576,21301,20805,22031,21599,21940,21359,19821,20575,21959,21827,21567,18532,19174,18463
2 h 28 min,16725,17602,18041,25716,26428,25513,23633,23805,23147,19691,19590,19872,18568,18004,19368,20416,21260,20999,22330,21510,21566,21238,19948,20416,22250,21639,21635,18669,19268,18670
2 h 30 min,16800,17839,17845,25554,26435,25117,23399,23920,22863,19864,19827,20101,18315,18347,19199,20309,21700,20988,22190,21797,21718,21487,19780,20778,22256,22006,21674,18558,19387,18624
2 h 32 min,17287,17805,18179,26071,26627,25706,24066,24271,23479,19862,20016,20103,18527,18490,19295,20513,21557,21163,22429,21608,21947,21378,20203,20757,22533,22105,22203,18586,19112,18728
2 h 34 min,17118,17815,17960,26653,27253,25822,23910,24150,23359,19720,20205,20414,18780,18511,19392,20372,21557,21293,22448,22032,21966,21802,20140,20659,22573,21946,21889,18624,19364,18566
2 h 36 min,17245,17842,18045,26493,27171,25935,24155,24754,23800,20093,20208,20322,18653,18456,19384,20710,21559,21222,22620,22033,22334,21519,20538,20876,22634,21763,21846,18903,19473,18682
2 h 38 min,17205,17928,17982,26983,27594,25994,24437,24627,23408,19963,20266,20352,18691,18477,19279,20661,21801,21207,22657,21871,22333,22198,20432,20756,22942,22399,21911,18978,19320,18448
2 h 40 min,17035,17849,18044,27087,27731,26362,24671,24838,24021,20176,20388,20364,18714,18532,19706,20719,21783,21700,22842,22182,22293,22033,20340,20883,22644,22464,22055,18932,19379,18762
2 h 42 min,17157,18157,18163,27088,27921,26696,24583,24744,24235,19887,20278,20578,18890,18557,19551,21294,22015,21667,22990,22285,22456,22102,20514,21402,22741,22397,22506,18918,19596,18694
2 h 44 min,17133,18105,18384,27289,28094,26955,24852,24477,24388,20421,20450,20822,19089,18795,19507,20914,22306,21708,23038,22634,22810,22287,20707,21341,22893,22736,22511,18851,19460,18799
2 h 46 min,17082,18157,18533,27552,28258,26920,24979,25282,24289,20261,20236,20723,18967,18688,19537,21008,22065,21629,22937,22497,22668,22365,20786,21230,23144,22597,22559,19041,19733,18852
2 h 48 min,17362,17940,18269,27919,28363,27295,25118,25149,24864,20697,20566,20934,19290,18826,19552,21363,22251,21898,23471,22537,22936,22535,20823,21358,23333,22748,22766,19136,20111,18898
2 h 50 min,17310,18088,18465,27840,28901,27416,25572,25548,25090,20580,20793,21133,18940,18863,20007,21276,22345,21888,23171,22501,22882,22638,20951,21678,23336,22665,22681,19194,19744,19248
2 h 52 min,17438,18300,18700,28353,28783,27553,25725,26095,24966,20459,20640,21104,19060,18828,19856,21415,22368,21984,23587,22794,22962,22826,20988,21646,23956,23225,22404,19178,20062,19196
2 h 54 min,17514,18190,18390,28425,28978,28095,25831,25898,24568,20617,20805,21301,19517,19065,19458,21342,22612,21840,23774,23016,23203,22824,20870,21780,23608,23232,22655,19305,19915,19278
2 h 56 min,17650,18467,18903,28287,29243,27891,25963,26323,25375,20437,20880,21283,19323,19182,20024,21681,22803,22339,23427,23355,23257,22881,21365,21790,23891,23348,22833,19093,20155,19178
2 h 58 min,17493,18337,18894,28667,29463,28435,26093,26285,25445,20696,21055,21341,19541,19019,19947,21711,22843,22467,23856,23105,23478,22984,21347,21941,24034,23793,23298,19325,20106,19101
3,17578,18461,18794,28836,29718,28586,26188,26490,25924,20739,21067,21389,19650,19276,19977,21679,22984,22606,23958,23075,23105,23257,21526,22214,24034,23485,23091,19461,20170,19312
3 h 2 min,17820,18472,18861,29416,29925,28627,26273,27116,25790,21058,21587,21338,19760,19127,20062,21757,22938,22374,24341,23356,23295,23500,21755,22526,24346,23763,23349,19692,20099,19388
3 h 4 min,17739,18672,18953,29867,30411,28730,26478,27037,26155,21034,21369,21572,19875,19258,20066,21994,23119,22852,24405,23471,23983,23568,21537,22369,24298,23962,23707,19821,20375,19713
3 h 6 min,17659,18556,18960,29778,30483,28725,26775,26814,26361,21496,21370,21194,19732,19379,20247,22299,23320,22922,24231,23650,23732,23626,21752,22336,24731,24154,23678,19701,20249,19798
3 h 8 min,17860,18810,19026,29873,30659,29501,26665,27060,26367,21412,21413,21659,19665,19087,20599,22503,23569,22786,24554,23306,23946,23593,21737,22726,24474,24061,23858,19483,20746,19433
3 h 10 min,18156,18605,18962,30056,30974,29761,27055,27219,25978,21203,21318,21753,20150,19267,20317,22317,23608,22945,24770,23990,24188,24003,21868,22540,24894,24213,23901,19801,20423,19818
3 h 12 min,17876,18847,19187,30037,31017,29710,27046,27379,26522,21256,21559,21808,19853,19483,20403,22724,23529,23013,24941,24027,23856,24189,22092,22854,25040,24324,24226,19821,20488,19827
3 h 14 min,17869,18754,19461,30824,31643,29989,27591,27654,26902,21621,21746,21859,19895,19548,20627,22445,23679,23508,25004,24042,24251,24113,22470,22941,25016,24482,24458,20056,20760,19935
3 h 16 min,18113,18904,18989,30517,31417,30037,27472,27975,27194,21610,21733,22130,20348,19663,20646,22538,23913,23449,24706,24105,24204,24086,22140,23257,25207,24420,24124,20007,20620,19779
3 h 18 min,18043,18746,19590,30811,31725,30519,27556,27940,27002,21533,22050,22384,20083,19710,20710,22859,23799,23302,25194,24457,24711,24386,22369,23271,25469,24903,24287,19868,20980,19911
3 h 20 min,18015,18860,19217,31217,31888,30720,28009,28084,27096,21741,21946,22150,20369,19989,20919,23069,23867,23724,25183,24593,24593,24534,22409,23212,25133,24726,24818,20456,20744,19988
3 h 22 min,18134,18891,19628,31613,31971,30640,27974,28548,27763,21888,22071,22241,20495,19846,20961,22654,24336,23659,25273,24512,24712,24799,22702,23528,25417,25126,24876,20027,20939,19891
3 h 24 min,18120,18930,19412,31618,32527,30857,28258,28549,27329,22136,22189,22599,20492,20058,20675,23237,24380,23739,25701,24795,24579,24462,22660,23378,25592,25214,24644,20078,21089,19979
3 h 26 min,18336,19114,19582,31708,32485,31184,28286,28613,27659,22139,22144,22677,20527,19869,20831,23315,24185,23684,25611,24959,25257,24913,22992,23585,25995,25262,25078,20416,21258,20213
3 h 28 min,18602,19256,19779,31730,32675,31162,28623,28738,28043,22247,22220,22641,20560,20282,21055,23114,24671,24193,25635,24673,25245,24940,22988,23856,25894,25180,25257,20362,21286,20533
3 h 30 min,18519,19448,19982,32119,32974,31703,28848,29193,27746,22242,22444,22925,20454,20283,21049,23396,24740,24206,25621,25071,25346,25254,23138,24177,26214,25638,25242,20366,21209,20335
3 h 32 min,18664,19159,19777,32104,33099,31465,28879,29172,27906,22626,22573,23079,20783,19986,21135,23533,24746,24497,26180,25020,25254,24953,22816,23901,26476,25259,25456,20705,21596,20313
3 h 34 min,18625,19460,19999,32478,33469,32048,29202,29663,28176,22521,22601,23116,21124,20295,21158,23506,25086,24154,26193,25082,25349,25582,23101,24354,26698,25657,25849,20674,21328,20606
3 h 36 min,18617,19192,19865,32901,33848,32291,29071,29884,28300,22493,22576,23067,21178,20475,21221,23419,25225,24479,26190,25325,25652,25364,23758,24256,26236,26091,25892,20615,21689,20681
3 h 38 min,18814,19443,19985,33197,33665,32648,29518,29886,28282,22938,22990,23293,21298,20451,21533,23935,24968,24511,26369,25362,25616,25619,23573,24476,26583,25889,25975,20704,21395,20498
3 h 40 min,18414,19640,20123,33270,33866,32633,29713,30290,28452,22781,22700,23267,20896,20411,21574,24098,25185,24502,26549,25614,25728,25886,23696,24436,27020,26275,26103,20883,21947,20549
3 h 42 min,18775,19725,20085,33794,33948,32943,29892,30250,29068,22784,22863,23428,21055,20477,21719,23967,25536,24556,26455,25552,25817,25826,23801,24641,26857,26130,26212,20992,21796,20585
3 h 44 min,18830,19653,20201,33643,34668,32948,30008,30231,29459,22865,22960,23329,21190,20514,21640,24034,25361,25004,26396,25821,25923,25991,23680,24504,27144,26619,26479,20928,21827,20863
3 h 46 min,18991,19972,20065,33920,34508,33395,30079,30522,29059,23074,23257,23480,21239,20989,21604,24142,25475,25025,26895,26014,26013,25959,24015,24897,27378,26483,26376,21052,21962,20600
3 h 48 min,18911,19954,20284,34256,35144,33358,30581,30571,29665,23032,23116,23743,21482,20698,21703,24443,25576,24973,26938,25971,26191,26311,24116,25072,27325,26702,26397,20828,21983,20834
3 h 50 min,19414,19903,20357,34381,35439,33606,30370,30581,29570,23065,23370,23766,21529,20668,21859,24470,26003,25240,27056,26222,26268,26643,24098,24991,27751,26902,26940,21245,22084,21275
3 h 52 min,19107,20031,20502,34621,35547,33610,30428,31137,29958,23408,23337,23762,21709,21064,21851,24609,26061,25532,27536,26372,26401,26488,24337,25208,27655,27180,26801,21111,22019,20837
3 h 54 min,19196,20011,20567,34762,35868,34214,30687,31121,30227,23421,23399,24028,21593,20849,22014,24852,26188,25356,27189,26241,26422,26772,24487,25641,28094,27004,27050,21488,22248,21146
3 h 56 min,19247,20217,20776,35094,36498,34378,30864,31487,29887,23504,23614,24242,21807,21018,22235,24556,26094,25373,27380,26642,26784,26900,24075,25423,28294,27391,26974,21201,22378,21181
3 h 58 min,19631,20001,20393,35429,35866,34608,31347,31449,30377,23417,23693,24307,21993,21209,22096,24715,26301,25680,27553,26734,26681,26937,24839,25544,28049,27583,27126,21594,22290,21495
4,19730,20318,20505,35358,36549,34690,31157,31747,30579,23781,23678,24381,21742,21151,22465,24781,26338,25434,27608,26729,27135,27066,24750,25520,28519,27422,27259,21638,22594,21270
4 h 2 min,19934,20313,20671,35771,36588,35034,31588,31814,30483,23801,24370,24634,21855,21432,22283,24979,26662,25606,27802,26849,27037,27179,24753,25783,28516,27747,27444,21588,22224,21361
4 h 4 min,19654,20058,20709,35828,36708,35214,31673,32051,30703,23854,24173,24635,22128,21341,22461,25400,26711,25822,28013,26711,26937,27262,24763,25886,28708,27800,27963,21759,22755,21290
4 h 6 min,19680,20478,20836,36055,37253,34927,31870,32037,30947,23754,23949,24493,22429,21259,22459,25267,26897,25986,28190,27276,27112,27320,24862,26294,28732,28217,27891,21884,22703,21552
4 h 8 min,19841,20262,21012,36499,37822,35555,32023,32321,31288,24079,24321,24457,22212,21558,22561,25506,26754,26102,28119,27230,27375,27372,25221,26085,28953,28041,28256,21749,22649,21755
4 h 10 min,19948,20278,21087,36644,37669,35371,32002,32280,31696,24033,24332,25037,22091,21540,22442,25531,27104,26315,28187,27468,27478,27402,25209,26640,28805,28513,28099,21960,22967,21427
4 h 12 min,20044,20476,21030,36893,38058,35936,32511,32658,31834,24156,24750,25033,22400,21641,22887,25680,26920,26301,28518,27223,27305,27736,25230,26361,29270,28168,28319,21683,23064,21672
4 h 14 min,19968,20719,21095,37020,38318,35923,32656,32886,31856,24377,24596,24888,22568,21604,22984,25601,27256,26282,28365,27650,27779,27722,25640,26730,29211,28539,28306,21864,22679,21818
4 h 16 min,20076,20776,21195,37099,38383,36387,32865,32862,31959,24378,24511,25215,22329,21792,22602,25405,27260,26309,28395,27904,27804,27677,25624,27100,29413,28619,28310,22046,22865,21890
4 h 18 min,20171,20515,21313,37478,38678,36819,32868,33070,32435,24675,24887,25317,22572,21700,23062,25871,27421,26560,28535,28047,28006,27949,25975,26820,29390,28741,29055,22011,23036,21862
4 h 20 min,20088,20637,21146,37568,38885,37046,33164,33274,31879,24530,24781,25292,22845,22118,22891,25936,27811,26432,29035,27964,28205,28290,25694,26689,29690,28868,28857,22328,22968,21902
4 h 22 min,20236,20963,21457,37878,38600,36918,33435,33264,32307,24795,24770,25397,22765,21754,23070,25886,27703,26713,28738,28182,28059,28416,25704,27051,29953,28640,29048,22239,23301,22013
4 h 24 min,20236,20722,21581,38248,39521,37220,33588,33724,32809,24797,25235,25516,23102,21715,23031,26339,27773,27198,29251,28297,28216,28748,26001,27335,30123,29158,29195,22549,23202,22156
4 h 26 min,20326,20853,21719,38337,39533,37627,33690,33760,32872,25101,25110,25913,22766,22034,23318,26464,27894,27047,29393,28086,28417,28901,26430,27146,30106,29542,29297,22613,23292,22237
4 h 28 min,20201,20943,21472,39182,39555,37370,33757,34118,33040,25032,25416,25911,23057,22010,23114,26476,28007,26902,29207,28237,28599,28687,26248,27453,30436,29502,29275,22321,23165,22514
4 h 30 min,20618,21008,21934,38944,40037,37524,34186,34072,33410,25235,25153,26033,23006,22457,23243,26369,27627,27166,29329,28346,28714,28673,26277,27657,30182,29461,29488,22467,23586,22023
4 h 32 min,20532,20944,22026,39153,40323,38023,34165,33938,33474,25406,25279,26233,23444,22474,23325,26593,27945,27545,29505,28861,28688,29220,26377,27685,30406,29983,29488,22771,23465,22455
4 h 34 min,20631,21032,21834,39195,40446,38385,33989,34334,33578,25782,25356,25901,23285,22264,23556,26557,28460,27533,29758,28823,28962,29356,26819,28067,30538,30130,29550,22750,23660,22539
4 h 36 min,20670,21074,22087,39547,40984,38311,34426,34665,33808,25831,25739,25914,23371,22385,23445,26458,28332,27516,30186,28916,29067,29420,26635,28255,31090,30392,29747,22747,23830,22368
4 h 38 min,20766,21043,22200,40082,40676,38646,34462,34539,33983,25997,25578,26241,23696,22443,23328,26988,28165,27856,29972,29179,29403,29433,26627,28560,31076,30232,29785,22639,23696,22446
4 h 40 min,20583,21226,22060,40142,41023,39152,34972,35087,33857,26294,25719,26397,23443,22230,23578,26928,28106,27860,30281,29120,29420,29482,27154,28480,31397,30672,30131,22631,23643,22407
4 h 42 min,20811,21196,22328,40130,41280,38903,34962,34995,34167,26218,25654,26721,23811,22939,23623,26929,28466,27522,29936,29009,29515,29754,27186,28329,31523,30786,30277,23040,23919,23152
4 h 44 min,20987,21428,22331,40548,41369,39504,35103,35057,33962,26639,25685,26512,23756,22496,23915,27058,28744,28010,30816,29185,29864,29781,27528,28887,31556,30882,30534,23257,23882,23311
4 h 46 min,20739,21661,22179,40470,41996,39684,35164,35412,34315,26390,25985,27044,24077,22819,23922,27117,28934,28138,30763,29470,29932,29951,27029,28680,32067,30957,30598,22977,23806,22844
4 h 48 min,20860,21351,22434,40627,41741,39841,35567,35527,34320,26333,25691,26675,24156,22706,23694,27417,28991,27980,30951,29510,29872,29781,27869,28833,32260,31215,30674,23537,24109,23132
4 h 50 min,21005,21546,22501,41341,42068,39813,36013,35504,34574,26539,26276,27191,24233,22906,23818,27323,28962,28226,30669,29615,30172,30343,27644,28902,32181,31372,30751,23470,23964,23114
4 h 52 min,21052,21715,22344,41448,42458,40217,35798,35980,34838,26723,26478,26925,24249,22923,24063,27655,29250,28264,31320,29675,30158,30328,27804,29029,32321,31547,31302,23588,24268,23392
4 h 54 min,21021,21894,22537,41447,43057,40486,35744,36081,34552,26929,26565,27234,24185,23076,24026,27514,29322,28092,31080,29830,30076,30832,28130,29204,32500,31724,31520,23684,23940,22884
4 h 56 min,21087,21907,22398,41555,43008,40922,35918,36611,34850,26785,26393,27539,24330,23171,24012,27774,29187,28504,31233,30050,30475,30850,28038,29450,32639,31753,31430,23495,24242,23300
4 h 58 min,21387,21668,22953,41969,43134,41078,36441,36556,35216,26796,26771,27347,24441,23042,24079,27941,29328,28794,31580,30196,30845,31016,28218,29263,32993,31704,31392,23659,24628,23090
5,21306,21728,23054,42466,43521,41176,36680,36687,35284,27299,27090,27582,24509,22882,24386,28046,29485,28618,31858,30314,30628,30816,28378,29427,32851,32240,31566,23610,24307,23664
5 h 2 min,21454,22061,22938,42679,43834,41359,36756,36656,35565,27130,27010,27725,24918,23324,23962,27981,29607,28765,31825,30016,30883,31295,28591,29731,33473,32417,31842,23821,24566,23461
5 h 4 min,21011,22185,23052,43166,44198,41676,36953,37376,35785,27443,27404,27994,24599,23310,24401,28203,29700,28951,32147,30520,30892,31277,29007,29959,33276,32577,31997,23770,24672,23585
5 h 6 min,21278,22212,22874,42652,44527,41755,37020,37115,35732,27222,27248,27778,24790,23701,24486,28546,29897,28742,32409,30701,30863,31555,28823,30063,33708,32772,32542,23947,24619,23591
5 h 8 min,21372,22285,22943,43221,44510,42263,37457,37336,36022,27535,27260,27681,24966,23813,24550,28409,29576,29157,32872,30633,31210,31480,28779,30029,34026,32703,32413,23747,24669,23585
5 h 10 min,21388,22171,23311,43649,44568,42020,37585,37209,36214,27427,27585,27794,24583,23715,24598,28750,29879,28820,32225,30974,31261,31844,29082,29920,34073,33094,32403,24187,24938,23761
5 h 12 min,21494,22433,23088,43685,45046,42711,37788,37593,36712,27614,27935,27920,24805,23538,24594,28606,29891,29159,32543,31261,31396,32062,28953,30245,33955,33181,32722,23949,24551,23468
5 h 14 min,21468,22552,23034,43769,45368,42982,37623,37857,36836,27635,27682,28254,24665,23954,24859,29102,30094,29327,32742,31090,31348,32233,29196,30525,33977,33211,32792,24259,24900,23709
5 h 16 min,21556,22525,23292,43546,45530,42875,38285,38079,36934,27825,27821,28060,25073,23770,25086,28671,30149,29706,32690,31304,31982,32344,29499,30644,34234,33593,33383,24514,24808,23804
5 h 18 min,21416,22525,23169,44431,45550,43101,38158,38421,37214,27921,27572,28355,25625,23910,24918,28898,30233,29594,32496,31622,32036,32218,29519,30883,34314,33327,33399,24217,24705,23850
5 h 20 min,21640,22585,23414,44357,45695,43466,38638,38862,36825,27718,28130,28316,24996,24051,25177,28940,30636,29697,33065,31628,31666,32899,29336,30738,34798,33813,33322,24342,25441,23976
5 h 22 min,21642,22872,23443,44594,46119,43744,38235,38874,37414,28304,28112,28494,25460,24114,24990,29297,30581,29969,33336,31352,31889,32632,29775,31234,35080,33835,33686,24220,25160,24342
5 h 24 min,21694,22818,23228,44681,46306,43608,38746,39006,37656,28292,28021,28435,25766,24316,25257,29250,30922,29952,33208,31769,31795,32900,29809,31066,34977,33794,33513,24834,25347,24322
5 h 26 min,21927,23167,23688,45458,46470,44263,39175,38860,37635,27906,28488,28861,25554,24316,25449,29452,31018,30248,33319,31700,32176,33078,29663,31227,35357,34150,33857,24519,25226,24385
5 h 28 min,21717,23168,23392,45558,46642,44059,38983,39016,37911,27899,28573,28916,25459,24428,25775,29637,31152,30216,33197,31756,32345,32907,29959,31535,35031,34142,33955,24583,25280,24399
5 h 30 min,21761,22834,23575,45530,46717,44365,39423,39443,38154,28268,28667,28888,25533,24324,25828,29471,31106,30281,33217,32003,31961,33156,29876,31388,35574,34082,34509,24862,25305,24343
5 h 32 min,21682,22823,23477,45981,46749,44426,39738,39619,38195,28466,28556,28970,25734,24510,25864,29523,31397,30497,33460,32164,32301,33045,30158,31490,35679,34242,34119,24825,24974,24434
5 h 34 min,21889,23329,23737,46363,46998,44614,39609,39821,37850,28488,28910,29304,25848,24632,25757,30064,31353,30392,33336,32390,32479,33523,30353,31547,35644,34389,34558,25038,25658,24546
5 h 36 min,21859,23158,23687,46154,47315,45323,39678,39882,38487,28473,28683,29085,25782,24413,25957,29990,31499,30635,33412,32361,32205,33418,30337,31711,35956,34430,34545,24974,25543,24827
5 h 38 min,21935,23205,23804,46656,47564,45534,39711,39931,38348,28657,28890,29533,25797,24935,26059,30062,31695,30924,33414,32323,32788,34000,30230,31376,36232,34832,34966,24908,25698,24802
5 h 40 min,21748,23629,23802,46165,47782,45090,39918,40148,38896,28729,28904,29448,26092,24887,26272,29790,31569,31152,33821,32337,32768,33840,30409,31971,36064,34748,34987,25087,25636,24733
5 h 42 min,22095,23340,23647,46538,47627,45669,40054,40538,39023,28908,28886,29330,25998,24995,25869,29969,32019,30911,33864,32591,32722,34056,30585,32162,36423,35088,35304,25278,25875,24619
5 h 44 min,21921,23419,23879,46849,47614,46038,39974,40628,39233,28732,29134,29672,25824,24594,26215,30289,32057,31099,34186,32720,32681,33611,30668,32087,36502,35204,35346,25142,25894,24843
5 h 46 min,22092,23288,23529,46939,48184,45909,40657,40491,39208,28808,29472,29910,26144,25021,25849,30591,32315,31186,34115,32819,32559,34209,30528,31851,36596,35531,35523,25756,25860,25066
5 h 48 min,22002,23465,23904,47728,47997,46586,40729,40876,38911,28929,29053,29969,25970,24708,26320,30593,32193,30759,34324,32382,32989,34257,30742,31986,36714,35695,35696,25199,26172,25002
5 h 50 min,21977,23226,23736,47661,48247,46440,40760,40789,39448,29264,29791,30109,26097,24676,26369,30432,32203,31124,33941,32907,32807,34510,31186,32265,36743,35235,36113,25023,25744,25048
5 h 52 min,22090,23381,23918,47753,48384,46319,41121,40714,39751,28955,29470,29883,26321,25149,26275,30693,32341,30942,34343,33159,32953,34633,31162,32137,36943,35633,35859,25452,25732,25157
5 h 54 min,22535,23817,24079,48035,48208,46333,41053,41286,39755,29262,29474,30002,25924,24860,26595,30622,32520,31353,34522,33201,33240,34554,30982,32514,37445,35396,36106,25767,26039,25246
5 h 56 min,22091,23694,24077,47839,48840,47011,41356,41088,39773,28859,29560,30125,26300,25000,26360,30863,32721,31611,34360,33299,33244,34150,31653,32515,36983,35996,36147,25563,26253,25089
5 h 58 min,22149,23463,24044,48590,49163,47207,41402,41367,39720,29360,29495,30318,26568,25428,26352,30955,32942,31436,34569,33272,32884,34877,31024,32703,37555,35891,36448,25446,26223,25204
6,22073,23852,23961,48085,48989,47022,41687,41694,40262,29322,29548,30539,26107,25167,26630,30978,32952,31637,34580,33186,33359,34763,31333,32451,37336,36178,36162,25756,26353,25141
6 h 2 min,22163,23741,23813,48802,49365,47614,41477,41804,39999,29590,29587,30474,26456,25218,26622,31027,33013,31790,34661,33371,33706,34959,31605,32981,37321,35908,36517,25638,26469,25171
6 h 4 min,22164,23680,24110,48649,49620,47621,41880,41759,40545,29242,29514,30588,26288,24787,26852,31195,33237,32138,34661,33432,32991,34481,31145,32991,37117,35931,36568,25801,26431,24920
6 h 6 min,22349,23843,24092,48861,49282,47880,41947,41975,40464,29624,29716,30186,25732,25420,26636,31103,33498,31956,34893,33502,33659,35212,31647,33125,37631,36595,36779,25715,26274,25506
6 h 8 min,22315,23613,24079,49084,49701,48102,41543,42073,39996,29528,29905,30202,26109,25529,26708,31292,33359,32306,34351,33636,33529,35481,31561,32930,37560,36473,36801,25788,26521,25348
6 h 10 min,22300,23961,24093,49053,49617,48141,41697,42282,40469,29557,30038,30666,26076,25428,26749,31374,33190,32265,34694,33710,33602,35530,31627,33381,37976,36406,36737,25969,26615,25262
6 h 12 min,22415,23971,24277,49135,50094,48366,42120,42774,40610,29760,30082,30743,26273,25462,27215,31562,33656,32625,34814,33141,33424,35501,31671,33197,37965,36286,36898,26003,26610,25381
6 h 14 min,22231,24066,24178,49289,50025,48163,42391,42663,40969,29498,30053,30791,26630,25403,27291,31590,33304,32221,35002,33707,33667,35596,31722,33353,38166,36727,37026,25851,26470,25489
6 h 16 min,22694,23918,24244,49492,50184,48694,42353,42698,40630,29850,30103,30919,26379,25702,27016,31627,33737,32431,34885,33866,33805,35079,32133,33146,38142,36837,37312,25905,26730,25317
6 h 18 min,22238,23820,24347,49646,50223,48875,42684,42529,40976,29704,30135,30903,26228,25517,27392,31407,34172,32182,35301,33640,33699,35959,31629,33382,38433,36650,37479,25830,26669,25304
6 h 20 min,22560,24150,24327,50094,50186,48539,42345,43118,41090,29760,30269,31062,26581,25762,27681,32014,33602,32393,35492,33734,33452,35554,31816,33491,38593,36966,37473,25714,26711,25498
6 h 22 min,22597,24034,24460,50327,50869,49248,42472,43122,41166,29949,30162,31003,26710,25438,27434,31973,33962,32591,35148,34079,34112,35563,31690,33429,38895,36891,37806,26335,26797,25804
6 h 24 min,22410,23995,24324,50217,50746,49067,42967,43441,41439,29697,30433,31084,26307,25581,27775,31982,34194,32540,34968,33709,34113,35844,32001,33163,38540,37413,37641,26110,26713,25623
6 h 26 min,22352,23880,24293,50240,50992,48935,42759,43120,41552,29847,30558,31092,26573,25735,27455,32110,33914,32958,35062,34036,33830,35750,32273,33855,38963,37074,37965,25952,26891,25634
6 h 28 min,22702,23903,24487,50579,51176,49607,42919,43458,41999,30232,30657,31376,26782,25982,27495,32366,34151,33152,35445,34351,34031,35839,32294,33642,38804,37538,37909,26437,26951,25672
6 h 30 min,22678,24550,24680,50757,50817,49094,43344,43552,41592,30148,30465,31362,26675,25665,27461,32178,34517,32826,35504,34367,34185,36007,32501,33667,39149,37617,37793,26330,27064,25732
6 h 32 min,22584,24180,24412,50682,51138,49511,43036,43457,41935,30148,30621,31506,27061,25717,27539,32216,34450,32993,35555,34350,34560,36300,32261,33991,39210,37306,38150,25977,26801,25760
6 h 34 min,22844,24430,24546,51444,51633,49953,43256,43665,42036,30047,30774,31625,26671,26065,27452,32549,34513,32512,35364,34358,34255,36683,32563,34210,39127,37714,38246,25965,27194,25719
6 h 36 min,22567,24045,24394,51619,51836,50063,43571,43839,41795,30380,30850,31837,27172,26045,27313,32337,34824,33399,35584,34661,34433,36519,32679,34231,39221,37550,38454,25949,27307,25974
6 h 38 min,22519,24080,24611,51328,51401,50174,43341,43652,42141,30541,30702,31528,26730,26082,27671,32461,34774,33194,35668,34685,34536,36431,32424,34018,39545,37793,38742,26175,27291,25605
6 h 40 min,23028,24252,24804,51734,51731,50043,43351,44235,42378,30323,30737,31699,27326,25759,27822,32794,35068,33501,35214,34736,34622,36294,32689,34079,39489,37714,38243,26085,27471,25456
6 h 42 min,22724,24447,24694,51957,51972,50364,44013,43891,42383,30288,30658,32172,26838,25746,27977,32694,35055,33217,35578,35044,34628,36352,32655,33989,39838,37971,38599,26240,27519,25927
6 h 44 min,22687,24497,24649,51760,51791,50621,43488,44049,42685,30490,31016,31878,26983,26078,27975,32506,34681,33223,35772,34842,34727,36365,32981,34650,39701,38307,38290,26606,27327,25631
6 h 46 min,22444,24392,24835,51273,52044,50188,43960,44353,42562,30697,30612,32064,27239,25916,27961,32847,35146,33214,35732,34366,34876,36793,32689,34663,39576,38329,38663,26485,27433,25612
6 h 48 min,22694,24179,24566,52037,51724,50399,43975,44328,42539,30664,30773,31893,27205,26368,27912,33146,34692,33692,35785,34988,34901,36828,33302,34212,40410,38276,38849,26100,27555,26027
6 h 50 min,22548,24334,24866,51633,52144,51015,44190,44491,42813,30785,30951,31958,26976,25964,27936,32982,34914,33627,35971,35157,34551,36585,32960,34362,40267,38500,39356,26481,27504,26270
6 h 52 min,22558,24134,25094,51728,52087,50838,44650,44563,43369,30742,31093,31841,27149,26179,28240,33213,35135,33795,35836,35059,35220,36915,33389,34527,39969,38516,39023,26392,27683,25818
6 h 54 min,22612,24247,24762,52490,52384,51584,44294,44762,42893,30767,31008,32254,27317,26192,27866,32908,34870,33831,36112,35219,34484,36798,33151,34572,40285,38555,38849,26333,27594,26206
6 h 56 min,22707,24521,25216,52130,52575,51215,44634,44990,42971,30697,31102,32183,27148,26328,28135,32969,35435,33717,36114,34732,35070,37084,32981,34574,40580,38481,39501,26370,27552,26073
6 h 58 min,22915,24271,24670,52776,52580,50985,44752,45282,42953,30890,31265,32018,27285,26326,28682,32859,35619,34058,36092,35183,35116,37381,33078,34893,40683,38871,39514,26607,27585,25873
7,22560,24391,24758,52779,53109,51868,44515,45294,43479,31114,31372,32274,27415,26433,28102,32853,35482,34038,36285,35113,34900,37203,33552,34928,40725,38793,39501,26502,27894,26214
7 h 2 min,22468,24575,25059,52755,53135,51577,44937,45043,43018,31176,31390,32122,27424,26628,27983,33782,35909,33868,36325,34987,35255,37176,33278,35064,40810,38675,39844,26937,27769,25634
7 h 4 min,22268,24425,24800,52899,52766,51759,45193,45115,43471,31266,31572,32314,27769,26248,28365,33648,35421,34202,36495,35446,35198,37782,33767,35366,41271,38750,39815,26632,27594,26218
7 h 6 min,22644,24430,24805,52915,53121,52117,44741,45529,43978,31057,31555,32292,27502,26608,28657,33777,35836,34394,36213,35292,35508,37712,33680,35466,40867,39281,40049,26704,28213,26200
7 h 8 min,22617,24409,25022,53365,53559,52375,45139,45453,44016,31276,31380,32511,27353,26371,28185,33783,35633,34259,36347,35316,35308,37678,33849,35207,41097,39399,40155,26497,27751,26264
7 h 10 min,22370,24566,24982,53458,53076,52126,45124,45354,43682,31076,31537,31991,27643,26415,28453,33666,35672,34435,36237,35308,35223,37820,33859,35013,41009,38977,40022,26777,28000,26069
7 h 12 min,22607,24497,25098,53443,53641,52475,45498,45421,44033,31148,31633,32373,27365,26493,28423,33861,35522,34867,36398,35529,35392,37719,33404,35369,41789,39274,39871,26605,27905,26464
7 h 14 min,22572,24796,24967,53657,53699,52718,45467,45846,44186,31484,31812,32359,27575,26446,28250,34245,35717,34440,36013,35643,35559,37665,33941,35211,41544,39617,40442,26899,27910,26115
7 h 16 min,22335,24650,24849,53563,52974,52470,45522,45518,44263,31472,31543,32608,27547,26386,29045,33910,35608,34632,36553,35675,35494,37969,33833,35351,41592,39756,40250,26925,27856,26234
7 h 18 min,22295,24519,25134,53765,53533,52787,45859,45783,44701,31169,31739,32892,27610,26549,28568,33908,36273,34932,36823,35435,35732,38041,33975,35313,42028,39567,40420,26578,27878,26232
7 h 20 min,22147,24373,24945,53885,53660,52588,46076,45957,44282,31684,31893,32859,27288,26473,28460,34037,35809,34657,36787,35461,35390,38314,33916,35298,41691,40093,40497,26993,28172,26271
7 h 22 min,22423,24768,25275,54205,53688,52701,45494,46023,44526,31732,31811,32645,27615,26408,28537,33826,35867,34557,36116,35779,35745,38167,34094,35691,42137,39824,40977,26887,28186,26393
7 h 24 min,22407,24596,24974,54494,53845,53088,45964,46209,44762,31541,32245,32828,27566,26637,28942,34015,35972,34601,36887,36025,35459,38290,34238,35637,41662,40159,40563,26922,28181,26139
7 h 26 min,22021,24767,25170,54430,54007,52854,45999,46582,44647,31685,32198,32741,27704,26632,28689,34096,35720,34961,36919,35861,35902,38272,34023,35694,42448,40121,40535,26842,27792,26264
7 h 28 min,22083,24832,25108,54568,53624,52908,46042,46356,45004,31317,31906,33068,27715,26822,28649,34293,36229,34637,36604,35312,35612,38342,34205,36082,42066,40231,40445,26876,28461,26215
7 h 30 min,21989,25109,25216,54473,53985,53496,46105,46543,44693,31400,32263,32914,27815,26690,28856,34394,36013,35135,36746,35754,35742,38541,34434,36031,42429,40206,40880,27008,28092,26313
7 h 32 min,22169,24773,25337,54741,54027,53076,46181,46912,44744,31605,32163,32751,27618,26490,28674,34297,36248,35114,36655,36138,35339,38353,33982,35966,42377,40379,41255,27251,28371,26440
7 h 34 min,21871,24928,25257,54406,53792,53227,46608,46742,45057,31734,32284,33352,27856,26923,28543,34403,36128,34989,37001,35551,35923,38579,34326,36169,42453,40364,41192,26830,28513,26386
7 h 36 min,22171,24804,24978,54716,54030,53440,46537,47294,45063,31829,32258,33054,27739,26812,28685,34359,36185,34941,36545,35954,36024,38789,34417,36139,42390,40350,41275,26729,28467,26852
7 h 38 min,21904,24817,25142,55011,54212,53186,46094,47148,44979,31840,31938,32864,27791,27006,29076,34372,36423,35135,37261,36026,35947,38559,34371,36151,42874,41029,41221,27204,28387,26580
7 h 40 min,21809,24813,25071,54750,54113,53889,46609,47009,45071,31826,32382,33287,27736,27003,28866,34264,36370,35101,36768,36271,35856,38718,34773,36203,42790,40464,41341,27140,28310,26504
7 h 42 min,21862,24970,24944,54932,54383,53734,46614,47006,45371,31846,31900,33291,27773,26683,28987,34558,36311,35306,36702,36078,35842,38876,34353,36544,43010,40842,41509,27259,28289,26559
7 h 44 min,21676,24783,25049,55530,54141,54125,46451,47221,45077,31626,32474,33206,28077,26867,29044,34587,36560,35488,36922,36228,35854,39268,34709,36406,43261,40467,41700,27163,28623,26496
7 h 46 min,21904,24711,25194,55521,53805,53744,46746,47416,45223,31617,32120,33246,27790,26593,28989,34796,36446,35299,36974,36297,35976,38984,34717,36394,43445,41135,41875,27352,28295,26673
7 h 48 min,21857,24954,24751,55732,54255,54233,46967,47549,45617,32188,32634,33319,27774,27231,28914,34759,36343,35347,36636,36083,36139,38569,34781,36568,43369,40732,41693,27399,28379,26603
7 h 50 min,21820,25231,25068,55662,53957,54440,46960,47700,45655,31828,32459,33665,27709,27053,29126,35085,36658,35622,37214,36771,35797,38980,35020,36399,43111,41182,42345,27231,28665,26388
7 h 52 min,21929,24915,24959,56167,54489,54298,47125,47322,45347,32003,32560,33306,27736,27076,29034,34953,36770,35282,37027,36069,36276,38802,35065,36664,43685,40988,42263,27216,28331,26431
7 h 54 min,21878,25066,24944,56285,54434,54738,46918,47756,45626,31937,32633,33347,27528,27041,29287,35116,36295,35447,36891,36350,36429,39413,34971,37040,43704,41287,42332,27316,28593,26870
7 h 56 min,21929,25267,24986,56303,54566,54060,47236,47612,46000,31632,32568,33472,27775,27163,28930,35053,36631,35202,37217,36662,36084,39342,34984,36768,43602,41166,42149,27214,28721,26276
7 h 58 min,21517,24851,24772,56078,54219,54592,47229,47813,45742,31899,32336,33796,27641,26832,28890,35140,36898,35584,36851,36140,36334,39383,34965,37097,43737,41454,42370,27178,29008,26619
8,21741,25059,24975,56145,54437,54704,47532,47930,46265,31726,32669,33574,27834,26896,29122,35437,36973,35280,36736,36547,36347,39451,35004,36487,43851,41568,42498,27380,28597,26826
8 h 2 min,21736,25275,24648,56375,54272,54837,47578,47856,45815,31650,32548,33982,27574,27342,29136,35100,37074,35664,37035,36552,36116,39570,34966,36780,44069,41781,42479,27336,28674,26529
8 h 4 min,21393,25206,24716,56228,54153,55105,47350,47635,46107,31899,32708,33900,28046,27204,29186,35179,36685,35734,36815,36576,36483,39305,35346,36849,43768,42023,42529,27080,28615,26554
8 h 6 min,21585,25063,24925,56535,54180,55137,47557,47991,46433,31723,32614,33682,27868,27185,29515,35313,36551,36074,36909,36419,36118,39866,35039,36990,44244,41865,42492,27562,28545,26594
8 h 8 min,21459,24922,24760,56497,54224,54995,47492,48013,46176,31249,32635,34065,27778,27231,29170,35305,36945,35698,36804,36559,36625,39737,35403,37188,44128,42054,42378,27482,28757,26888
8 h 10 min,21271,25146,24718,56393,54609,55345,47803,48007,46406,31717,32924,34060,27471,27454,29603,35621,36913,35421,36832,36827,36326,39619,35218,37488,44401,41731,42809,27220,28641,26408
8 h 12 min,21420,25038,24516,56918,54432,55161,47587,48128,46599,31986,32614,33646,27726,27168,29342,35109,37069,36216,36801,36575,36124,39837,35246,37192,44364,42059,43061,27654,28709,26878
8 h 14 min,21598,24881,24446,56426,54342,55827,47655,48112,46261,31761,32912,33852,27829,27510,29238,35443,37327,35811,36837,36790,36008,39458,35578,37361,44674,42014,43115,27660,28784,26372
8 h 16 min,21468,25151,24396,56695,54162,55635,47703,48243,46797,31873,32621,34161,27305,27533,29721,35721,37159,35795,36843,36733,36106,39866,35159,37456,44482,41880,43080,27496,28612,26683
8 h 18 min,21283,25181,24297,56825,54260,55288,47632,48101,46503,31904,33036,33900,27444,27490,29577,35208,37445,36028,36665,36630,36290,39490,35157,37290,44476,41976,43490,27663,28713,26493
8 h 20 min,21388,24718,24211,57120,54350,55343,47678,48404,46299,31882,33109,34288,27506,27393,29027,35586,37361,35676,36492,36547,36166,39821,35354,37317,44835,42296,43330,27431,28770,26881
8 h 22 min,21565,25109,24168,57366,54469,55638,48150,48507,46335,31753,32712,33966,27636,27560,29165,35766,37241,36253,36623,36761,36550,39850,35406,38005,44715,41974,43552,27724,28876,26577
8 h 24 min,21454,25009,24302,57038,54523,55911,47887,48659,46875,31641,32732,34231,27405,27320,29599,35765,37169,36250,36627,36604,36232,39976,35459,37668,44805,42236,43723,27806,28775,26757
8 h 26 min,21107,25134,24062,56968,53969,55695,48129,48573,46917,31704,32734,34022,27552,27662,29537,35719,37375,36278,36822,36804,36535,39744,35549,37462,44658,42246,43537,27580,29227,26348
8 h 28 min,21291,24955,23987,57361,54234,55908,48275,48606,46615,31644,32615,33903,27277,28030,29581,36439,37452,36509,36567,36760,35900,40146,35618,37405,44945,42359,43534,27420,28930,26470
8 h 30 min,21441,25028,24087,56663,53792,55824,47595,48360,46546,31715,33117,34309,27617,27820,29589,35578,37811,36011,36459,37099,36238,40550,35260,37781,45278,42608,43716,27555,29121,26417
8 h 32 min,21200,24717,24038,57312,53970,56066,47759,48673,46532,31504,32762,33938,27237,27910,29402,36264,37519,36082,36343,36965,36333,39722,35782,37887,45416,42437,43488,27482,28971,26400
8 h 34 min,21111,24880,24128,57725,54147,55819,48034,48311,46871,31259,32412,34177,26977,27705,29830,35859,37822,36559,36494,36680,36221,39815,35617,38133,44827,42800,43703,27100,29136,26402
8 h 36 min,21168,24888,23894,57213,54120,56201,48344,48386,46963,31126,32623,34129,26898,27737,29810,35917,37366,36438,36406,36853,36259,40000,35418,37615,44975,42286,43806,27615,29122,26579
8 h 38 min,21565,24953,24141,57343,53866,55988,48048,48832,46809,31426,32573,34169,27369,28021,29905,35560,37676,36454,36219,36914,36210,40208,35737,38140,45241,42403,44286,27594,28922,26327
8 h 40 min,21326,24745,23766,57398,53740,55837,48206,48581,46872,31390,33069,34451,27182,28061,29871,35694,37906,36445,35846,36952,36045,40386,35600,37669,45312,42170,43988,27782,29315,25967
8 h 42 min,21290,25093,24042,57190,54149,56334,48075,48692,46852,31159,32883,33844,26990,27908,30123,35976,38128,36620,36238,37203,36544,40567,35785,38041,45133,42695,43948,27947,28961,26192
8 h 44 min,21117,25036,23569,57327,54348,56134,48581,48630,46995,31120,32927,34621,26668,27710,30211,35952,37927,36765,36167,36753,36044,40434,35552,37865,45217,42758,44484,27835,29130,26404
8 h 46 min,21132,24880,23786,57113,53717,55965,48448,48738,47397,30990,32886,34128,26656,27987,30355,36256,37988,36339,35746,36846,36129,40083,35266,37674,45275,42589,44296,27863,29317,26360
8 h 48 min,21166,24998,23858,58037,53908,56481,48674,48380,47015,31144,32702,34270,26746,27920,29932,36140,37835,37006,35671,37047,36053,40045,35471,38038,45457,42655,44223,27799,29314,26327
8 h 50 min,21249,24549,23923,57898,53567,56308,48131,48764,47228,31047,32905,34240,26926,27690,29931,36151,37954,36361,35990,37031,35457,40296,35859,37609,45253,42348,44274,27547,29085,26225
8 h 52 min,21290,24673,23593,58113,53737,56137,48159,49325,47084,30892,33065,34271,26823,28076,30132,36154,38266,36758,35818,36875,35880,40441,35371,37658,45857,42637,44462,27585,29224,26209
8 h 54 min,21354,24664,23766,57995,53485,56411,48414,48961,47005,30837,32863,34222,26613,28076,30070,36101,37650,36746,35401,36870,35966,39944,35793,37959,45574,42756,44294,27871,29241,26081
8 h 56 min,20966,24583,23530,57768,54013,56411,48282,48709,47232,30848,32428,34018,26779,27886,30371,36120,38195,36502,35689,37141,35613,40263,35640,37725,45487,42834,44691,27873,29165,26109
8 h 58 min,21217,24567,23436,57715,53693,56905,48191,48686,47425,30613,32687,34230,26460,28214,30275,36329,37821,36879,35676,36956,35670,40058,35374,37438,45763,42446,44745,27798,29637,25961
9,20954,24443,23638,57760,53489,56576,48216,48977,47212,30464,32794,34063,26665,27945,30644,36242,38110,36559,35538,36577,35594,40453,35054,38202,45421,42855,44811,27821,29266,25914
9 h 2 min,21322,24741,23763,58135,53363,56377,48162,48912,47449,30629,32730,34363,26639,27898,30668,36373,38379,36736,35608,37013,35689,40550,35350,37988,45144,42620,44356,27753,29138,25578
9 h 4 min,20964,24380,23864,57735,53408,56524,47967,48864,47146,30556,32484,34313,26711,28361,30310,36574,37740,36736,35194,37067,35663,40472,35643,38100,45310,42369,44739,27871,29097,25950
9 h 6 min,21120,24473,23563,57125,53654,56687,48048,48685,47253,30413,32517,34191,26168,28208,30503,36199,38285,36918,35431,37126,35179,40245,35722,37848,45384,42498,44387,27948,29314,25637
9 h 8 min,21286,24163,23365,58416,53610,56979,48679,48860,47290,30231,32478,34167,26504,28135,30434,36432,38629,37479,35266,36981,35338,39979,35498,37875,45377,42913,44744,27669,29069,25622
9 h 10 min,21408,24449,23443,57737,53595,56896,48635,49239,47416,30432,32630,34012,26593,28318,30610,36541,38173,37127,34980,36486,35080,40352,35280,37591,45465,42277,44366,27959,29349,25711
9 h 12 min,21255,24538,23421,57910,53241,56826,48257,48588,47474,30223,32502,34352,26420,28159,30646,36539,38559,36946,34794,36808,35306,40138,35190,37797,45760,42340,45173,28008,29131,25377
9 h 14 min,21331,24017,23368,57588,53170,56779,48362,49055,47151,30523,32572,34173,26244,27903,30408,36619,38613,36765,35322,36861,35151,40469,35103,37698,45486,42498,44757,27852,29312,25393
9 h 16 min,21048,24012,23646,58097,53519,56913,48410,48419,47529,30443,32456,34219,26061,28388,30490,36120,38821,37256,35115,36551,35303,40165,35338,37605,45731,42004,44714,27610,29317,25306
9 h 18 min,21107,24212,23429,57659,53119,56853,48204,48699,47215,30332,31911,34012,26402,28034,30509,36692,38600,37207,35050,36733,34902,40471,35199,37550,45659,41773,44506,27686,29342,25466
9 h 20 min,21380,24064,23402,57692,53531,56992,48207,48752,47354,30362,32107,34339,26099,28276,30521,36892,38495,37434,34942,36666,34809,40191,34688,37656,45558,42022,44894,27894,29635,25422
9 h 22 min,21161,23821,23596,58025,53264,56559,48493,48977,47359,30099,31738,34305,26515,28328,30420,36488,38317,36925,34570,36397,34974,40259,35405,37324,45162,42145,44635,27570,28987,25471
9 h 24 min,21079,23843,23487,57875,53222,57135,48113,48579,47196,29891,31701,34099,26243,28019,30516,36756,38448,37536,35013,36650,34951,40150,34943,37654,45576,41926,44716,27696,29394,25335
9 h 26 min,21055,24018,23613,58284,53304,56425,48289,48631,47097,30339,32178,33940,26154,28276,30723,36703,38558,37448,34613,36315,34990,40454,35134,37719,45068,42168,44572,27814,28996,25227
9 h 28 min,21260,23342,23333,58039,53807,56760,48052,48582,47352,30093,31533,34492,26002,28218,30728,37098,38593,37114,34984,36366,34934,40436,35262,37821,45580,42252,44517,27831,29246,24996
9 h 30 min,21209,23719,23382,58025,53164,56586,47812,48299,47087,29994,31738,33717,26062,28112,30711,37084,38728,37411,34751,36388,34592,40020,34934,37402,45639,41995,44960,27922,29261,25229
9 h 32 min,21340,23693,23585,57913,53041,56599,47942,48885,47264,29789,31695,33953,26234,27632,30778,36730,38933,37749,34569,36101,34603,40225,34929,37396,45149,41868,44743,27523,29286,24911
9 h 34 min,21099,23656,23208,58274,53992,56418,48076,48523,47331,30239,31845,33944,26234,28007,30988,36826,38379,36813,34582,36328,34907,40189,35441,37321,45085,41837,44706,27652,28981,24931
9 h 36 min,20898,23694,23263,58017,53138,56640,48413,48445,46894,29905,32007,33911,26250,28312,30888,36582,38994,37484,34809,36589,34424,39727,35005,37691,45155,41580,44807,27902,29204,25128
9 h 38 min,20971,23424,23544,57774,53151,56602,47576,48330,46730,30021,31505,33781,26661,28268,31217,37094,38689,37290,34815,36682,34883,40150,35005,37416,45256,41768,44877,27579,29456,24944
9 h 40 min,21214,23547,23297,57653,53123,56763,48009,48469,47254,30151,31238,33921,26154,28303,31243,37065,38715,37344,34605,36446,34526,40406,34782,36976,44822,41745,44814,27430,29224,24527
9 h 42 min,21293,23432,23488,58154,52809,56364,47891,48574,47262,29715,31549,33788,26216,28290,31272,37159,38862,37437,34848,35929,34580,40024,34644,37271,44718,41520,44529,27407,29290,24677
9 h 44 min,21187,23190,23121,57835,53617,56675,47854,48462,46928,29856,31494,33520,26164,28091,30904,36942,38893,37333,34528,36004,34444,40023,34856,37433,44494,41731,44608,27670,29469,24631
9 h 46 min,21377,23251,23313,57508,53840,56260,47620,47802,46847,29836,31289,33887,26291,28135,30706,37103,38550,37773,34397,36366,34278,39879,34721,36848,44449,41564,44402,27623,29248,24780
9 h 48 min,21383,23216,23449,57709,53266,56674,47841,48195,46905,29875,31203,33842,26415,28013,30789,36808,38950,37414,34699,36139,34277,39878,34469,36823,44356,41601,44520,27678,29468,24576
9 h 50 min,21194,23366,23441,58173,53168,56459,47589,48014,47066,29761,31448,33428,25768,28047,31149,37115,38631,38018,34413,36010,34168,40035,34544,36984,44506,41446,44617,27412,29563,24648
9 h 52 min,21204,23289,23632,57617,53409,56277,47879,48218,46574,29854,31093,33461,26311,28040,30979,37097,38857,37356,34411,35884,33929,40069,34451,36956,44690,41018,44419,27462,29501,24537
9 h 54 min,21011,23122,23142,57684,53348,56421,47721,47886,46715,29890,31522,33820,26242,27921,30910,37328,38780,37636,34665,36097,34159,39695,34468,36602,44330,41502,44481,27231,29168,24737
9 h 56 min,21232,23231,23453,57611,53195,56265,47382,48261,46895,29996,31089,33553,25944,28023,30887,37254,39227,37294,34063,35813,34132,39503,34563,37205,44492,40907,44400,27110,29326,24399
9 h 58 min,21389,23129,23157,57959,53333,56310,47512,48104,46844,29820,30887,33182,26198,27789,30879,37240,38829,37293,34175,36045,34149,39768,34843,36922,44319,41289,44201,27213,29378,24423
