time,To3 3 nM + Se6Tr3P 5 nM + St6 15 nM,To3 3 nM + Se6Tr3P 5 nM + St6 15 nM,To3 3 nM + Se6Tr3P 5 nM + St6 15 nM,To3 3 nM + Se6Tr3P 5 nM + St6 10 nM,To3 3 nM + Se6Tr3P 5 nM + St6 10 nM,To3 3 nM + Se6Tr3P 5 nM + St6 10 nM,To3 3 nM + Se6Tr3P 5 nM + St6 5 nM,To3 3 nM + Se6Tr3P 5 nM + St6 5 nM,To3 3 nM + Se6Tr3P 5 nM + St6 5 nM,To3 3 nM + Se6Tr3P 5 nM + St6 3 nM,To3 3 nM + Se6Tr3P 5 nM + St6 3 nM,To3 3 nM + Se6Tr3P 5 nM + St6 3 nM,To3 3 nM + Se6Tr3P 5 nM + St6 0 nM,To3 3 nM + Se6Tr3P 5 nM + St6 0 nM,To3 3 nM + Se6Tr3P 5 nM + St6 0 nM,To3 3 nM + Se6Tr3P 0 nM + St6 0 nM,To3 3 nM + Se6Tr3P 0 nM + St6 0 nM,To3 3 nM + Se6Tr3P 0 nM + St6 0 nM,Negative,Negative,Negative
0 h ,21301,23803,26912,25171,28196,27417,25641,25599,29071,26268,26143,28647,27269,27099,28099,27461,24844,24416,22555,20659,23723
0 h 2 min,20706,24354,26764,24161,26458,26432,25786,25075,28306,25513,25695,27690,26024,26396,27007,26962,23827,24937,21631,20503,23306
0 h 4 min,20476,24650,26480,23661,25985,25610,25880,24502,27779,25071,24912,27230,25919,25910,26874,26276,23191,25408,21313,21037,22976
0 h 6 min,20195,24365,26159,23046,25172,25330,26009,24331,27216,24631,24532,26844,25359,25349,26037,26049,22453,24652,21040,21401,22462
0 h 8 min,20545,24221,25551,22272,24160,24738,26029,23877,26365,23795,23677,25828,25618,24792,25920,25254,21581,23957,20936,21422,22463
0 h 10 min,20561,23644,25192,21378,23228,23025,25274,22330,24544,22821,22429,24149,25088,23470,24633,23354,20653,23937,20722,21390,22656
0 h 12 min,20486,23439,24087,20869,22594,21808,24155,21522,22765,21274,20990,22842,24625,22092,22868,22110,19532,22644,20567,21346,21902
0 h 14 min,20414,21725,22885,19980,21048,20108,22397,19763,20939,20201,19415,20568,23670,20787,21165,20675,18863,20102,19601,20870,21706
0 h 16 min,20226,19388,20560,19538,20291,17984,19791,17933,19180,18358,17631,18692,22274,18527,19131,18572,18295,17989,18764,19868,20166
0 h 18 min,19643,17763,18677,18789,19509,17429,18540,17247,18169,17064,16962,17965,20117,17827,17976,17646,17249,17213,17848,19323,19375
0 h 20 min,18888,17503,18319,18502,18677,17042,18659,16795,18300,17107,16759,17937,18283,17305,17811,17406,17046,17304,16738,18389,17567
0 h 22 min,18680,17439,18208,17992,18667,17145,18332,17020,18176,16857,16593,17888,17614,17447,17794,17411,16922,17444,15485,17832,16139
0 h 24 min,18136,17560,18367,18008,18512,17392,18332,17388,18366,17161,16843,18069,17419,17438,17623,17541,16793,17896,14925,17088,15582
0 h 26 min,17862,17562,18735,18131,18465,16932,18282,17244,18820,17308,16878,18019,17416,17670,17863,17512,17027,18050,14368,16251,15412
0 h 28 min,17182,18180,19014,18282,18706,17273,18674,17357,18849,17089,17020,18176,17485,17455,18146,17886,16737,18204,14433,15709,14969
0 h 30 min,17145,18253,19133,18209,18724,18025,19007,17688,19105,17590,17142,18729,17642,17686,18208,17797,17105,18546,14389,15430,15094
0 h 32 min,16907,18705,19567,18242,18828,17924,19174,17891,19733,17614,17467,19032,17796,18015,18512,18186,17277,18699,14711,15399,15236
0 h 34 min,17125,18898,19920,19029,19170,18190,19357,18242,19733,18148,17724,19467,17925,18272,18670,18470,17776,19381,14488,15247,15193
0 h 36 min,17633,19200,20360,19380,19674,18397,19702,18323,20205,18451,17737,19192,18280,18598,18643,18607,17653,19516,14505,15173,15240
0 h 38 min,17371,19636,20649,19807,20251,19013,20115,18746,20542,18733,18021,19749,18844,18662,19418,18645,17950,19661,14600,15524,15540
0 h 40 min,17675,19741,20865,19890,20411,19241,19985,18925,20925,19009,18317,19868,19021,18929,19358,19135,18260,19938,14722,15839,15841
0 h 42 min,18161,20154,21416,20550,20986,19703,20455,19288,21155,19099,18832,20336,18883,19113,19978,19497,18596,20566,14988,15931,15658
0 h 44 min,18464,20356,21640,20776,21173,20151,20751,19476,21349,19670,18951,20623,19318,19546,20227,19993,18839,20856,14669,16138,15852
0 h 46 min,18848,20972,22418,21134,21572,20243,20999,19924,21856,19740,19332,20702,19413,19593,20001,20034,18971,20939,14654,16040,15635
0 h 48 min,19390,21551,22659,21966,21828,20916,21042,20080,22122,19941,19556,21147,19571,19841,20447,20212,19483,21323,14870,16282,15760
0 h 50 min,19637,21934,23019,22094,22526,21464,21367,20407,22511,20279,19598,21458,20004,20100,20751,20377,19548,21541,14746,16354,16001
0 h 52 min,20136,22052,23628,22479,22695,21722,21798,20747,23219,20506,20059,21737,20000,20250,20801,20720,20337,21957,14810,16220,15966
0 h 54 min,20965,22548,24348,22630,23133,21915,21985,21263,23409,20877,20089,21868,20403,20922,21384,21247,20031,22513,14873,16196,16050
0 h 56 min,21448,23303,24568,23392,23642,22420,22785,21403,23717,21340,20424,22189,20783,20961,21701,21569,20527,22667,15002,16092,16143
0 h 58 min,21921,24062,25371,24038,23867,23290,22902,21858,24149,21672,20746,22669,20970,21281,21764,21573,20884,23025,15037,16209,16022
1 h ,22734,24261,26075,24451,24476,23148,23051,22045,24440,21731,21065,22874,21163,21412,21926,22025,21187,23005,15350,16270,16006
1 h 2 min,23142,24812,26325,24971,25226,23840,23462,22394,25089,21801,21298,22979,21418,21961,22497,22207,21571,23707,15193,16509,16255
1 h 4 min,23907,25432,26836,25626,25452,24378,23862,22774,25696,22603,21638,23611,21844,22012,22631,22646,21579,23794,15381,16665,16089
1 h 6 min,24363,26218,27203,26119,25799,25063,24144,22917,25789,22631,21982,24055,21945,22195,22702,22997,22077,24458,15115,16464,16350
1 h 8 min,25052,25942,28072,26202,26176,25366,24524,23574,26104,23176,22229,24202,22223,22952,23391,23359,21947,24723,15220,16629,16243
1 h 10 min,25664,26902,28706,26913,26830,25714,24715,23815,26544,23723,22464,24564,22464,22942,23624,23435,22302,25027,15444,16634,16223
1 h 12 min,26093,27829,29390,27884,26800,26194,25277,24058,26944,23874,22686,25026,23030,23177,23724,23626,22591,25282,15625,16401,16188
1 h 14 min,26807,28149,30066,28322,27585,27081,25496,24567,27687,23885,23277,25362,23275,23531,24046,24191,22864,25744,15552,16394,16232
1 h 16 min,27887,28715,30865,28575,28507,27419,25772,25252,28248,24412,23621,25625,23543,23654,24204,24301,23456,26343,15678,16810,16445
1 h 18 min,28042,29704,31736,29364,28946,28094,26153,25240,28575,25022,23669,26016,23911,23717,24792,24748,23457,26610,15641,16544,16476
1 h 20 min,28945,30122,32267,29755,29623,28722,26590,25760,29008,25097,24132,26235,24438,24183,24791,25104,23760,26846,15551,16532,16274
1 h 22 min,29292,30570,32522,30493,30147,29241,26652,26391,29671,25153,24396,26573,24692,24761,24900,25087,24432,26907,15669,16730,16237
1 h 24 min,30226,31343,33627,30876,30587,29578,26994,26440,30026,25753,24710,26938,24648,24834,25994,25822,24216,27467,15635,16728,16694
1 h 26 min,30926,32270,34030,31387,30829,30545,27564,26893,30131,26071,25130,27694,25597,25421,25809,26090,24758,27920,15774,16511,16301
1 h 28 min,31646,33052,35400,32253,31841,31128,27756,26999,31121,26603,25378,27798,25843,25371,26392,26420,25105,28204,15690,16719,16323
1 h 30 min,32458,33471,36038,33228,32035,31840,28290,27614,31146,26933,25750,28058,25952,26032,26953,26512,25357,28175,15681,16629,16558
1 h 32 min,32718,34290,36729,33345,32451,32109,28848,28037,31935,27419,26021,28638,26135,26216,26902,27173,25740,28865,15612,16792,16570
1 h 34 min,33819,35453,37893,34658,33155,33356,29474,29184,31951,27567,26618,28826,26907,26419,27025,27432,26274,29164,15794,16703,16364
1 h 36 min,34615,35553,38663,35150,33774,33917,29444,28966,32730,27626,26742,29093,26773,26817,27244,27685,26408,29553,15739,16747,16763
1 h 38 min,35222,36783,39895,35616,34587,34468,29773,29589,33663,28291,26703,29721,27209,27316,27328,28006,26628,29668,15924,17034,16720
1 h 40 min,36223,37592,40785,36541,35162,35072,30532,29995,33830,28700,27992,29964,27525,27533,27823,28563,26826,29847,15939,16712,16654
1 h 42 min,36814,38145,41775,37405,35511,35785,30598,30261,34052,28958,27886,30246,27952,27694,28299,28471,27337,30552,15942,16831,16624
1 h 44 min,37285,38575,42271,37656,36244,36614,31219,30430,34656,29677,28194,30875,28193,27935,28876,28731,27468,30857,15818,17049,16987
1 h 46 min,37982,39785,43659,38153,37021,37084,31662,31304,35264,30059,28574,31341,28633,28431,29010,29378,27795,30865,16044,16869,16820
1 h 48 min,39141,40482,44150,38819,37527,38084,32246,31594,35617,30496,28797,31841,28936,28632,29396,29564,28028,31592,15906,16978,16659
1 h 50 min,39881,41400,44778,39898,38501,38757,32772,32012,36399,30623,29402,31966,29376,28690,29408,29889,28294,31933,16160,16920,16905
1 h 52 min,40581,41778,45710,40627,39123,39341,33221,32670,36813,30969,29829,32860,29672,28889,30306,29964,28487,32250,16025,16879,16788
1 h 54 min,41187,43176,47116,41326,39581,40180,33589,33095,37929,31453,29887,32462,30012,29186,30416,30522,29002,32766,15907,16852,16838
1 h 56 min,41619,43793,47912,41928,40280,40666,33656,33697,38204,31553,30205,33123,30393,29565,30560,30750,28917,32929,16031,16960,16938
1 h 58 min,42664,44853,48643,42842,40904,41402,34732,33941,38846,32296,30777,33655,30909,29689,30759,31070,29474,33700,16035,17078,16832
2 h ,43567,46174,49720,43500,41397,42451,35074,34106,39167,32348,30825,34096,31541,30602,31367,31355,30108,33871,16182,17070,16900
2 h 2 min,44394,46816,51063,44153,42363,43286,35250,35110,39344,32968,31574,34374,31463,30455,31666,31987,30063,34176,16036,17332,17125
2 h 4 min,44752,47838,52043,44755,42801,43936,36173,35581,40290,33384,31798,34929,31442,31200,31731,32482,30422,34481,16201,17156,17081
2 h 6 min,45739,48977,52271,45694,43818,44961,36325,36173,40946,33649,32226,35346,32312,31215,32180,32468,30403,34871,16296,17171,16910
2 h 8 min,46643,49682,54381,47145,45256,46005,36844,36121,41601,34165,32572,36187,32546,31714,32680,32769,31202,34964,16122,17258,16867
2 h 10 min,47343,50726,55780,47436,45418,46584,37740,37048,41939,34831,32931,36516,32698,31764,32648,33272,31067,35382,16241,17331,17148
2 h 12 min,48152,51892,57175,48535,46073,47308,38011,37335,42379,34443,33394,36686,33350,32294,33508,33283,31447,35560,16189,17306,17130
2 h 14 min,49336,52596,57269,49559,46891,48283,38200,38234,43095,35866,33693,37287,33448,32655,33144,33700,31730,35985,16277,17079,17255
2 h 16 min,49829,53622,58289,50034,47905,49253,39358,38555,43687,35690,34258,37615,33864,32629,33664,33908,32005,36884,16426,17166,17101
2 h 18 min,50700,54270,59289,51341,48748,50478,39366,39288,44061,36381,34630,38030,34175,33363,33941,34389,32330,37165,16466,17468,16953
2 h 20 min,51317,55079,60919,52135,49370,51370,40040,39344,45068,36560,34606,38025,34413,33170,34194,34812,32433,37180,16042,17388,17063
2 h 22 min,52143,56535,62463,53186,50762,51837,41152,40202,45676,36978,35124,38451,34861,33325,34531,35063,32781,37842,16463,17313,17116
2 h 24 min,53651,57681,63741,53770,51116,52564,41225,40751,46837,37727,35612,39265,34868,33654,34893,35387,32966,37820,16523,17529,16868
2 h 26 min,53667,58656,63739,54230,52000,53777,41959,41707,46895,37456,36506,39666,35688,34299,35283,35379,33431,38355,16743,17496,17009
2 h 28 min,54444,59630,65123,55482,52395,54723,42196,41818,47483,38032,36524,40033,35571,34333,35457,36147,33318,38811,16370,17410,17040
2 h 30 min,55397,60382,66406,56518,53469,56058,42997,42634,48211,38422,36802,40675,36084,35168,35888,36063,33860,39213,16396,17466,16821
2 h 32 min,56236,61605,67939,57334,54412,57107,44144,42690,49203,39093,37673,40868,36447,35345,36365,36677,34211,39649,16303,17624,17117
2 h 34 min,57167,62444,68960,58566,55396,58616,44203,43539,49868,39557,38049,41617,37127,35466,36463,37085,34841,40242,16627,17391,16964
2 h 36 min,57592,63629,70436,59189,56335,58793,44898,44428,49838,39896,38111,42149,37165,36100,37315,37720,35154,40701,16547,17583,17085
2 h 38 min,58583,64871,71360,60667,57585,60509,45630,45324,50888,40369,38646,42420,38200,36056,37614,37846,35415,40850,16602,17457,17023
2 h 40 min,59569,65836,71835,61063,58257,61309,46066,45544,51543,40983,39357,42857,38085,36360,37333,38305,35584,40799,16602,17419,17031
2 h 42 min,60345,67113,73200,61860,58865,62053,47004,46046,52518,41000,39644,42985,38311,37251,38039,38677,36288,41597,16602,17719,17087
2 h 44 min,60733,67604,74084,62641,59431,62756,47105,46452,53072,42108,40012,43708,38452,37213,38289,38918,36338,41877,16530,17574,17014
2 h 46 min,61502,68835,74441,64128,60854,63293,48479,47102,53347,42270,40801,44567,39515,37431,38904,39378,36794,42581,16724,17469,17072
2 h 48 min,62406,69976,76423,64652,62203,64219,49351,48171,54496,42342,40974,45168,39739,38151,38916,39551,37450,42924,16685,17589,17063
2 h 50 min,63378,71580,77597,65874,63014,65417,49494,48360,55045,43245,41592,45981,40306,37950,39472,39788,37337,43136,16873,17765,17133
2 h 52 min,64530,72343,78193,66953,63989,66688,50082,48942,56215,43780,42007,45712,40056,38493,39460,40480,38009,43660,16456,17624,17025
2 h 54 min,65196,73428,79213,68027,64844,67894,50573,49942,56475,44422,42095,46659,40612,38725,40007,40617,38382,43615,16652,17599,17159
2 h 56 min,66145,74135,81469,69073,65691,69178,51048,50543,57310,44577,42624,47064,40700,39464,40527,40868,38681,44292,16878,17839,17122
2 h 58 min,66708,75215,81983,70058,66855,69487,52210,51184,58580,45431,43106,47665,41570,39828,40771,41054,38773,44799,16724,17734,17210
3 h ,67645,76344,83137,71267,67796,70646,53219,51957,58875,45295,44201,48481,41600,40003,41221,41798,39255,45578,16872,17803,17194
3 h 2 min,68259,77403,83893,71734,68676,71670,53434,52632,59737,46117,44379,48924,41883,40379,41836,42369,39878,45342,16999,17931,17121
3 h 4 min,69756,78308,85020,73227,70111,72703,54017,53424,60541,46903,44994,49364,42641,40830,41862,42429,40006,46100,17173,17692,17159
3 h 6 min,69703,79769,87117,74544,70756,74377,54803,53687,60978,46993,45023,49633,43194,41181,42912,43326,39797,46604,16726,17828,17250
3 h 8 min,70728,81122,87514,75116,71691,75004,55589,54728,61996,47877,46262,50216,43490,41238,42977,43352,40363,47246,16739,17966,17285
3 h 10 min,71714,82143,88927,76195,72426,76061,56100,55506,62753,47471,46159,51045,44246,41912,42987,43767,40849,47633,17109,18017,17252
3 h 12 min,72897,83262,90077,77315,73959,76915,57012,55793,63817,48638,46769,51181,44320,42155,43543,44076,41394,48341,16917,18003,17527
3 h 14 min,73517,84461,90949,78591,75356,78595,58024,56904,64547,49197,47586,51793,44873,42292,43645,44707,41202,48585,17102,18054,17103
3 h 16 min,74602,84798,92198,79954,75614,79195,58267,58134,64695,49535,47938,52428,45020,42956,44352,44775,41520,48944,17172,18219,17293
3 h 18 min,75800,85592,93802,80898,77302,80748,59285,58053,65450,49930,48297,52733,45562,43200,44806,45354,41791,49858,17216,18031,17545
3 h 20 min,75799,87044,94983,81412,78453,81261,60096,58499,67043,51050,48485,53356,46172,43743,44898,45316,41709,50297,17228,17988,17435
3 h 22 min,76762,88101,95318,83124,79771,82382,60344,60337,67900,51293,49512,54358,46314,43951,45166,46310,42218,50030,17273,18109,17423
3 h 24 min,76858,88754,96646,83953,80003,83485,61468,60555,67824,51892,50007,54431,46590,44376,45735,46446,42319,50603,17337,17963,17570
3 h 26 min,78769,90354,97827,85219,81843,84716,61768,61148,68782,51957,50389,55141,46778,44417,46014,46623,42397,51144,17208,18263,17637
3 h 28 min,79287,91565,98793,85741,82343,85353,62873,61954,70376,52816,50880,55755,47094,44825,46188,47108,42798,51891,17202,18342,17343
3 h 30 min,79757,91958,100190,86429,83361,86823,63523,62814,71006,53405,51170,56136,47313,45586,46945,47351,43073,51802,17548,18328,17747
3 h 32 min,80657,92767,101457,88070,84473,88034,64075,62985,71398,53789,51625,56681,48303,45849,47214,47443,42947,52550,17783,18292,17612
3 h 34 min,81239,94196,102499,89855,85721,88480,64965,64265,72477,54203,52220,57519,48476,46499,47799,48201,43292,52738,17385,18381,17489
3 h 36 min,82723,94988,103537,90360,86636,89918,65688,64104,73508,54947,53031,58175,48600,46257,48009,48421,43415,52471,17489,18077,17591
3 h 38 min,83327,96106,104874,91029,88032,90523,66218,65436,74407,55156,53400,58644,49532,46774,48451,48767,43326,52999,17609,18336,17706
3 h 40 min,83618,96990,105871,91971,89499,91596,67163,66584,74796,56046,54477,58924,49899,47486,48508,49437,43500,53727,17352,18623,17777
3 h 42 min,84115,98301,106760,93624,89766,92550,67817,66698,75761,56451,54588,59689,50183,47456,49323,49686,43906,54146,17455,18420,17815
3 h 44 min,85318,100073,108237,94810,91635,94409,68489,67866,76026,56974,54949,60741,50388,47742,49683,50348,43686,54160,17716,18489,17798
3 h 46 min,86797,99113,108576,95744,91882,94492,68947,69003,77870,57446,55371,60817,50903,48261,49789,50620,43830,54213,17501,18881,17656
3 h 48 min,87249,101673,109721,97337,92967,95890,69885,69298,78358,57912,55984,61261,50822,49159,49958,50625,44228,54522,17517,18618,17660
3 h 50 min,87341,102626,110838,98060,94105,96487,70666,69790,79183,58720,56653,62079,51561,49417,50028,51606,44457,54854,17749,18901,18084
3 h 52 min,88956,103453,111993,98974,95000,98215,71510,70897,80835,59129,57614,62655,51824,49399,50934,52199,44176,55672,17658,18863,17755
3 h 54 min,90232,103598,112841,100398,96611,98293,72698,71585,81539,59924,58000,62894,52785,49949,51399,52294,44288,55603,17697,19094,17919
3 h 56 min,90581,104441,113640,101061,97041,100056,72915,72439,81505,60749,58224,63506,52937,50074,51891,52675,44556,55227,17868,18958,17763
3 h 58 min,90556,105413,115108,102855,98245,101068,73789,73286,82689,60830,58965,64294,53192,50768,52341,52837,44658,56016,17663,19079,17943
4 h ,92001,107216,116629,103763,100220,102006,73889,73591,83931,61637,59432,64727,53987,51514,52456,53393,45054,56008,17990,18932,17850
4 h 2 min,92565,108661,117959,105745,101554,103074,75592,74423,84340,62194,60231,65386,54000,51695,53325,53945,45315,55976,17991,19226,17949
4 h 4 min,93104,108795,118881,106513,101596,103977,76251,75233,85435,62287,60590,65738,54596,51717,53235,54335,44990,55808,17638,19094,17875
4 h 6 min,93820,110139,120464,107964,103229,105554,76669,76100,86682,62949,61027,66581,55235,51874,54075,54639,44729,56486,17582,19095,18011
4 h 8 min,94730,110845,121237,108928,104632,106235,78002,77221,87192,63076,61507,66832,55553,52315,54587,54779,44987,56628,17866,19098,18019
4 h 10 min,95722,112499,122203,109715,105922,107526,78538,77870,87908,64125,61670,67784,55275,53108,54916,55238,45181,56831,17718,19162,17999
4 h 12 min,96260,113728,123175,110820,107497,108034,79628,79151,89425,64448,62481,67914,56160,53580,54983,55634,45379,57046,18048,19363,18165
4 h 14 min,96835,114669,125214,113283,107954,108682,79930,79666,90219,65351,62846,68575,56747,53652,55235,56072,45367,56898,17912,19367,18188
4 h 16 min,97735,115340,126114,114328,110368,109752,80923,80727,91805,65738,63964,69168,56925,54155,55714,56602,45468,57566,18211,19398,18043
4 h 18 min,98359,116570,126637,115248,110845,111410,81634,81101,91775,66179,64461,69600,57515,54249,56250,57231,45440,57794,18352,19419,17976
4 h 20 min,98914,117914,128139,116534,111616,111331,81700,82103,92063,66416,64784,70947,57857,55026,57038,57071,45198,57102,18218,19354,18244
4 h 22 min,99979,118007,129144,118431,113904,113221,83110,83076,94031,67587,65618,71178,58766,55367,56725,57740,45065,57578,18422,19560,18405
4 h 24 min,100914,119279,130809,119161,115715,113856,83613,83876,93800,67986,65991,71579,58627,55199,57689,57602,45550,57976,18320,19656,18193
4 h 26 min,101242,120999,131597,120907,116777,114732,84700,84068,95020,68849,67099,72624,58852,56187,57669,58043,45501,58086,18204,19868,18164
4 h 28 min,102085,121414,132682,121829,117421,115955,85712,85472,95403,69129,67427,72862,58835,56335,58203,58700,45551,58010,18406,19586,18030
4 h 30 min,102788,122982,134781,123077,118961,117145,86047,86146,96292,69809,67866,73649,59472,56693,58808,59241,45889,57996,18439,19920,18495
4 h 32 min,103555,123745,135508,124404,120512,117678,87060,86923,97386,69935,68259,73941,60195,57199,59104,59669,45964,58142,18228,19692,18485
4 h 34 min,104906,124998,137267,125683,121571,118634,87638,88245,98058,71070,68486,75143,60656,56822,59308,59989,45767,58264,18475,19891,18172
4 h 36 min,105541,125598,138036,127567,122984,119134,88369,87807,99887,71747,69511,75388,60997,57909,59777,60369,45687,58022,18599,19584,18528
4 h 38 min,106166,127021,139191,128921,124097,120001,89052,88976,100505,71924,69978,76005,61792,57828,60225,60796,46037,58300,18451,19904,18166
4 h 40 min,106846,128782,140262,129296,125917,121696,89778,89675,100840,72318,70626,76394,61769,58283,60439,61000,45858,58252,18885,19729,18364
4 h 42 min,107290,129640,141851,130869,127305,122223,91410,91059,102160,72703,71171,77744,62081,58618,61368,61897,45975,58599,18806,19798,18534
4 h 44 min,108217,130172,143047,131962,128246,122919,91894,91214,103019,73640,71829,78215,62497,59022,61002,61823,45596,58137,18613,19714,18350
4 h 46 min,109248,131874,144413,133131,129567,123587,92031,92765,104346,73949,72727,79078,62859,59259,62095,62504,45840,58413,18698,19694,18630
4 h 48 min,110403,132523,145504,134377,131192,125371,93441,93421,104661,74670,73306,79428,63693,59624,61947,62634,45887,58675,18543,19813,18359
4 h 50 min,110715,133442,146835,135925,132453,126134,93925,95151,105897,74985,73612,80187,63461,60378,62677,63376,45961,58876,18836,19822,18244
4 h 52 min,111523,135388,147566,137388,133108,127078,95268,95147,106304,76203,74000,80396,63827,61083,62550,63705,46116,58860,18711,20080,18567
4 h 54 min,112352,135584,149437,137823,134610,127853,96184,95601,107606,76376,75056,80858,64602,60872,63199,63984,45784,58788,18722,19769,18728
4 h 56 min,113352,136934,150059,138975,136212,128770,96324,96592,108466,76908,75301,81598,65393,60894,63713,64106,46117,59275,18774,19972,18723
4 h 58 min,114197,138489,152081,140082,137321,129692,97892,96494,109248,77960,76384,82456,65444,61644,64417,64078,46249,59040,18804,19808,18642
5 h ,115086,139908,152679,140922,137999,130804,98338,98823,110080,78478,77039,82983,65996,62237,64261,64488,46333,58786,19016,20177,18584
5 h 2 min,115638,140264,153938,142226,139497,131674,99557,99038,111127,79020,77903,83600,66262,62051,64828,65145,46372,59128,19007,20076,18729
5 h 4 min,115508,141229,155306,143648,140504,131956,100700,100287,112602,79474,78219,84537,66525,62798,64895,65457,46390,59323,18982,20140,18713
5 h 6 min,117207,142201,155814,145426,142507,133873,101356,100624,113321,80159,78761,84935,66622,63632,65804,65616,46544,59178,19078,20044,18742
5 h 8 min,117576,143345,156682,145393,142772,133659,102480,101456,114155,80541,79187,86048,67105,63930,66270,65704,46337,59267,19150,19965,18708
5 h 10 min,118667,143866,159039,147368,144844,134967,103455,102224,114918,81250,79998,86117,68082,64224,66233,66125,46377,59242,18942,20131,18625
5 h 12 min,118558,145487,159152,148036,146470,135778,104562,103045,115608,81638,79578,86828,68173,64560,66961,66395,46301,58935,18873,20180,18776
5 h 14 min,119676,146180,160679,149531,146413,136465,105539,104369,116589,82618,80566,87901,68563,65051,67263,66729,46353,59296,18936,20058,18726
5 h 16 min,120412,146776,161970,149718,148501,137764,106495,104435,117571,82952,80614,88381,68220,65044,67277,67121,46567,59017,19120,20158,18632
5 h 18 min,121106,148245,163188,151156,149055,138442,107106,105717,117999,82841,82052,89409,69255,65873,68324,67548,46248,58812,19198,20089,18643
5 h 20 min,121122,149080,164162,151827,150187,139270,108807,106257,119659,83830,82417,89694,70476,66333,68558,67336,46703,58884,19217,20298,18575
5 h 22 min,121992,149739,165371,153155,152229,139646,108856,107019,120897,84538,83262,90174,70133,66409,69071,67252,46091,58750,19083,20297,18631
5 h 24 min,122986,151413,166109,153853,152654,141276,110319,109046,121773,85738,83173,90889,70625,66799,69135,67653,46262,58994,19111,20190,18936
5 h 26 min,123970,151751,167176,155393,153709,142029,112243,108835,122800,85652,84797,91399,71204,67473,69954,68043,46620,59167,19101,20250,18609
5 h 28 min,124824,152712,168434,156164,154038,143033,112526,109353,123738,86601,85181,92323,71319,67666,70000,68083,46379,59109,19338,20279,18633
5 h 30 min,125405,154059,169932,157274,154921,142949,113933,111001,124783,87611,85479,92496,71836,68072,70022,68028,46768,58896,19410,20295,18842
5 h 32 min,125017,153764,169650,158153,157224,144411,115084,111456,125747,88045,86547,93839,71857,68664,70823,68217,46715,58828,19056,20204,18557
5 h 34 min,125823,156103,171695,158894,158585,145248,116641,112221,126002,88857,87504,93920,72722,68273,70692,69106,47105,58702,19104,20220,18822
5 h 36 min,127332,156598,172847,160071,159388,146040,116978,114165,126508,89156,87946,95016,72536,68862,71684,69000,46732,58841,19396,20344,18965
5 h 38 min,127161,157871,173064,160645,160237,146546,118018,114024,129078,89815,88025,95839,73472,69285,71520,68809,47016,58495,19205,20227,19035
5 h 40 min,128034,158139,175239,161784,161442,148133,118810,115238,129861,89607,89180,96048,73897,69482,71710,69126,46753,58930,19198,20166,18700
5 h 42 min,128957,158403,175757,162252,162634,149444,119887,116879,130515,90747,90016,97040,74035,70184,72649,69030,47123,59076,19143,20238,18975
5 h 44 min,129294,160070,176327,163648,163866,149486,120896,117054,132136,90766,90096,98192,74679,69935,72708,69466,47126,58816,19309,20244,18565
5 h 46 min,129317,161087,177418,164394,164684,150584,121990,118974,132333,91915,91005,98320,75157,70895,73077,69436,47201,58592,19593,20415,18845
5 h 48 min,129563,162511,177773,165034,164740,150892,122606,119524,134132,93099,90926,99489,75077,70399,73091,69787,47164,59311,19225,20261,18698
5 h 50 min,130393,163393,179516,166390,166216,152712,124202,120225,134668,93244,92205,100372,75798,70722,73374,69440,46729,58842,19442,20274,18547
5 h 52 min,130807,163433,179931,166818,167999,153220,125377,121066,134937,94016,93393,100457,75814,71112,73519,70131,46862,58916,19603,20397,19014
5 h 54 min,131256,163756,181481,168021,168590,153364,125346,121897,136567,94532,93206,100463,76315,71030,74024,70227,46663,58657,19412,20064,18961
5 h 56 min,131529,164924,181806,168920,168953,155071,127005,122657,137210,94437,94286,101892,76964,71483,73857,70279,47041,58982,19269,20201,19173
5 h 58 min,131719,166074,182482,169885,169613,155565,127695,123559,138846,95165,95359,102898,77290,71692,74358,70675,46776,58746,19350,20323,18902
6 h ,132367,166044,183829,170232,171016,156450,128817,124515,140092,96990,95608,103267,77156,72083,74450,70414,46661,58777,19427,20283,18875
6 h 2 min,132499,167526,184761,171403,172491,156441,130181,126030,140461,97171,96786,104578,78191,71686,74808,70907,47146,58661,19395,20355,18891
6 h 4 min,132993,168418,184912,171870,172461,156938,130573,126535,141646,97835,97258,105037,78652,72950,74568,70903,46839,59205,19392,20065,19027
6 h 6 min,133254,169336,186025,171631,174241,158680,131759,127674,143450,97749,97571,105341,78624,72934,75476,70995,47488,58883,19512,20200,18809
6 h 8 min,134482,170423,187781,173714,174695,159869,133000,128687,143775,98832,98131,106066,79850,72773,75524,71062,47123,59195,19332,20243,18882
6 h 10 min,134332,170760,188418,173778,175332,160313,133212,128991,144503,98502,99468,106662,78932,73198,75866,71116,47193,58588,19403,20512,18789
6 h 12 min,134760,170969,188998,174067,176777,160786,134846,130041,145562,99603,99759,107431,79698,72935,75429,71356,47257,58806,19278,20397,18841
6 h 14 min,134950,172235,189992,175046,176971,162699,135112,130318,146991,100225,100179,108060,79798,73431,76199,71425,47196,59229,19483,20403,18816
6 h 16 min,135675,172643,190669,175779,178327,162820,136634,132464,148368,101383,101046,109298,80342,73840,76214,71510,47314,59133,19581,20563,19038
6 h 18 min,136547,173389,191896,176382,178628,164221,136916,133116,148507,102645,101921,109609,81171,73552,76184,71528,47571,58986,19734,20437,19044
6 h 20 min,136002,174950,191659,177051,180076,164647,137869,133339,149695,102526,101979,109848,80977,73819,76339,71726,47384,59377,19679,20365,18850
6 h 22 min,136658,175445,192951,176908,180781,165011,139077,134754,150289,103121,103173,111406,80865,74088,76806,71872,47392,59032,19661,20406,19062
6 h 24 min,136712,175822,194211,178843,181373,166158,140017,135948,152143,104066,103732,112569,81475,74160,77044,71944,47405,59141,19483,20584,18945
6 h 26 min,137162,176277,193812,178981,182896,167156,140888,137104,153494,104769,104273,112753,82631,74595,77495,71871,47525,59674,19714,20239,19035
6 h 28 min,137378,177726,195014,178952,183489,167641,141992,138104,154022,104717,105029,112838,81774,74307,76719,72025,47528,59247,19775,20408,18783
6 h 30 min,138060,178587,196080,179522,183414,168359,142992,138700,154540,105891,105506,114229,82465,74741,77477,72081,47618,59543,19634,20109,18892
6 h 32 min,137270,178836,197534,180154,184428,168981,142829,139171,156983,106402,106262,114996,83237,74915,77450,71858,47580,59137,19487,20617,18963
6 h 34 min,138021,178611,198143,181038,185765,169727,144986,140715,157598,106552,106315,115361,83476,75281,78037,72612,47937,59511,19563,20416,19136
6 h 36 min,138078,179940,198864,180390,186695,170802,144984,140705,158540,107458,107270,115910,83454,74935,78373,72507,47693,59081,19663,20277,18944
6 h 38 min,138501,180797,199387,182105,187096,171729,146355,142826,159790,108592,108087,116390,83706,75577,78427,72480,47754,59151,19557,20590,18920
6 h 40 min,138265,181841,200585,182302,188338,171940,147638,142585,160921,108610,109484,117076,84023,75191,77975,73086,47764,59172,19691,20395,19060
6 h 42 min,138408,182016,200670,181427,188453,172184,148168,143714,161942,109577,109560,118111,84359,75251,78233,72446,47599,59440,19363,20286,18703
6 h 44 min,138741,182498,201941,181887,189090,173747,148688,145642,162734,109685,110300,119000,84661,75903,78517,72729,47757,59253,19486,20354,18903
6 h 46 min,139400,184418,202115,181728,190408,174568,149813,145996,163201,110558,111236,119820,84114,76036,78584,72719,47965,59463,19721,20324,18872
6 h 48 min,139224,184472,203383,182610,190031,174959,150454,146717,165383,111547,111345,119785,85121,75710,78999,72801,47885,59243,19694,20337,18802
6 h 50 min,139928,185344,203312,183264,190932,175530,151198,148081,165315,112309,112290,121340,85596,76106,78898,72518,48347,59188,19665,20440,18980
6 h 52 min,139907,185541,204732,183499,191302,176009,152763,147759,166271,112620,113238,121580,85731,75974,79443,73201,47940,59680,19833,20266,18914
6 h 54 min,139973,185917,204800,183244,191780,176577,153208,149539,167915,113771,113965,121414,85585,75753,78885,73180,48002,59415,19576,20192,18884
6 h 56 min,140062,186122,206029,184086,192895,177397,154128,149741,168507,113881,113874,122659,85867,76386,79116,73502,47944,59411,19460,20215,18849
6 h 58 min,141187,187548,207048,183702,192886,177903,154996,151570,169433,114146,115078,123636,86372,76796,79861,73133,47685,59491,19802,20051,18703
7 h ,140878,186992,206307,184622,193982,179121,155647,151971,171126,115184,114777,123749,86409,76824,80080,73493,48335,59366,19477,20128,19010
7 h 2 min,140693,188944,207333,184482,193746,179688,156339,153041,171302,115500,116814,125251,86860,76984,79568,73617,47758,59659,19551,20312,18970
7 h 4 min,141274,189233,208330,185079,194180,179848,156885,153520,172708,116816,116428,125766,86830,77130,79219,73393,47832,59879,19871,20180,18853
7 h 6 min,140943,189031,209480,184874,195257,180430,158482,154692,172870,116987,117560,126143,87388,76984,79896,74123,48082,59615,19733,19942,18923
7 h 8 min,140416,189368,210017,186067,195987,180566,159005,155058,174840,117073,117838,127286,87495,77294,79410,74074,48715,60016,19684,20312,18853
7 h 10 min,140785,190140,209710,185782,196042,182276,159718,156429,175222,117466,118777,127972,87272,77404,79981,73883,48041,60149,19863,20287,18850
7 h 12 min,140875,190532,210882,184668,195847,181796,160077,156898,175783,118292,119447,128711,87424,77307,80321,73523,48441,59861,19468,19976,18956
7 h 14 min,141220,191645,211899,185937,197791,182525,161260,157353,176774,118436,120620,129780,87909,77415,80686,74077,48265,60217,19847,20172,18701
7 h 16 min,141653,192424,211151,185522,197252,183568,162701,158056,178085,119691,121125,129576,88527,77201,81035,74193,48611,59968,19777,19825,18861
7 h 18 min,141634,193211,212326,186010,198322,184293,162504,159186,179241,120569,120521,130427,88416,77446,80510,73809,48029,59832,19705,19969,18692
7 h 20 min,141188,193447,214568,186358,197659,184916,163941,160176,180337,121195,121801,130878,88863,77987,80819,74100,48409,60006,19793,20082,18809
7 h 22 min,140971,194328,216122,185853,197212,185269,163795,160561,180989,121151,122333,132128,88456,77646,80585,73862,48339,59782,19546,19989,18734
7 h 24 min,141484,193891,216245,186692,198320,185541,164730,161825,182731,121919,122990,133061,89251,78204,81387,73958,48225,59988,19738,19933,18626
7 h 26 min,141560,194205,216974,186248,198904,186357,165855,162572,183410,123033,123741,133179,89306,78332,81563,73992,48530,59897,19546,20024,18749
7 h 28 min,141869,194930,216135,186485,198544,186380,166420,162541,184202,123412,124278,133633,89215,78340,80998,74696,48668,60001,19563,19846,18459
7 h 30 min,141810,195303,214520,186810,199581,187650,167760,163603,184955,123404,124495,134934,89477,78410,81399,74446,48390,59694,19799,19938,18538
7 h 32 min,141847,195368,217840,185974,199265,188523,168031,164460,186555,123558,125063,135513,89348,78524,81247,74294,48542,60262,19674,19675,18564
7 h 34 min,142254,196007,219216,186847,199459,188699,169605,164822,186165,124892,124985,135716,89614,78417,80968,74597,48555,59758,19705,19812,18644
7 h 36 min,142280,196497,218569,186849,199337,188833,169537,165581,187520,125743,126414,136546,90208,79272,81227,74692,48252,60108,19586,19896,18505
7 h 38 min,142706,196897,219188,186586,200055,189595,170054,166501,188008,125613,126840,137161,90578,78530,82743,74435,49036,59932,19846,20035,18611
7 h 40 min,142627,196946,219766,187377,200272,189613,171578,167164,189549,126499,128148,138419,90580,78424,81735,74747,48882,60139,19659,19588,18325
7 h 42 min,142832,197616,219051,187933,200454,191302,172634,168473,190455,126959,127787,137869,91342,78983,82665,74482,48923,60178,19673,19478,18671
7 h 44 min,142350,197601,220632,186792,200245,191983,171262,168636,190606,127437,128620,138442,90984,78711,82109,74414,48468,59690,19646,19601,18262
7 h 46 min,141951,197442,220371,186327,200361,191834,173231,169720,190979,127612,129022,139060,90847,79386,82110,74565,48463,60426,19637,19628,18234
7 h 48 min,141919,198376,221581,186631,200625,191327,174176,170485,191943,128409,129805,140667,91265,78886,82130,74369,48544,60625,19856,19578,18118
7 h 50 min,143230,198468,221663,186770,200671,192983,173989,171373,192708,128469,130298,140387,91644,79062,82538,74955,48572,59941,19561,19611,18360
7 h 52 min,142979,198757,222530,186795,200966,193362,175113,172239,193878,129493,131894,141549,91484,79942,82462,74834,48536,60577,19820,19627,18141
7 h 54 min,142449,198932,221897,188094,201514,193747,176298,172454,194384,129448,132010,141645,91290,79334,83073,74893,48692,60356,19532,19464,18111
7 h 56 min,142925,199728,221814,187465,200661,193876,175608,174051,195364,131088,132880,142647,91014,79632,82449,74729,48539,60664,19642,19585,18192
7 h 58 min,142974,198695,222103,188441,200820,194320,177238,174259,197138,130854,133333,143373,91281,79885,82995,74719,48306,60399,19493,19232,17990
8 h ,143427,199600,222268,187261,201302,195880,177271,175605,197689,131900,133312,144824,92117,80159,82567,75531,48717,60728,19598,19243,17993
8 h 2 min,143189,199708,222571,187006,201181,194268,178150,176033,198695,131309,134549,144700,92277,80093,82983,75036,49323,60501,19279,19389,18085
8 h 4 min,142859,199139,222598,187338,201165,195979,178809,176380,198854,132006,134578,145248,92095,80342,82339,74834,48942,60304,19363,19430,17897
8 h 6 min,143642,200018,222131,187657,201343,196664,179481,176604,199492,132747,134974,145586,92477,80053,82653,74866,48769,59907,19648,19523,17832
8 h 8 min,142358,199532,222103,188138,200729,197293,180091,178000,200093,132906,136208,147049,92077,80304,83150,74978,49119,60089,19512,19197,17898
8 h 10 min,143717,200031,222791,187518,201888,197546,181042,179504,200896,134252,136896,146794,93090,80068,83229,75472,48780,60659,19535,19327,17971
8 h 12 min,143664,199929,222722,188927,201813,197889,180998,178930,202185,134646,137017,147887,92968,80460,82989,75076,48829,59664,19343,19120,17708
8 h 14 min,143474,199561,224647,187475,201115,197994,182328,179215,203176,135374,137666,148563,92362,80352,82994,74750,49173,60748,19400,19238,17864
8 h 16 min,143035,199759,222860,187233,201312,198247,182609,180930,204028,135806,138251,148207,93279,80607,83258,75242,49279,60238,19285,19232,17623
8 h 18 min,144372,200378,223698,188193,200870,199719,182546,181879,204746,136703,139108,149962,92947,80320,83553,74684,49392,60930,19117,19276,17626
8 h 20 min,144037,200833,224455,188815,202227,200117,184261,181733,204966,136961,140216,150857,93785,80602,83480,75313,49330,60499,19278,19031,17734
8 h 22 min,144372,199936,224798,188692,202044,199563,183712,182602,205739,137391,140432,151330,93619,80427,83876,74444,48936,60681,19077,18995,17595
8 h 24 min,144161,200447,224455,188097,202086,200567,184998,183252,206064,136915,140989,151990,93608,80886,83368,75002,49189,60793,19163,19070,17546
8 h 26 min,144088,201108,223987,188861,201945,201182,185117,184506,207098,138339,141961,152116,93949,80887,83743,74535,49473,60896,19178,18979,17444
8 h 28 min,143272,200976,224702,188478,202315,202175,184343,184122,209659,138701,142179,153245,94039,81026,83808,74975,49111,60484,19109,19110,17521
8 h 30 min,144023,200777,223795,189838,202299,202453,185983,185670,208992,139318,142403,154045,94144,80396,83908,74664,49104,60581,19080,19253,17524
8 h 32 min,144634,201503,224262,188741,202510,202668,186983,186681,209983,140336,143446,153485,94134,80877,84069,74600,49455,61092,19024,18832,17269
8 h 34 min,144741,201328,224620,188971,201483,202433,186473,186685,210621,139758,144067,154957,94188,80667,83959,75020,49421,61045,19057,19004,17428
8 h 36 min,144339,200843,224716,189111,202768,203453,186913,187219,211101,140598,144414,155442,94068,81269,84270,74880,49173,60624,18874,19006,17139
8 h 38 min,144672,201498,223960,188409,202564,203551,187738,188916,213853,140901,144952,156088,94123,81226,84091,74997,49489,61086,18910,19044,17114
8 h 40 min,143838,201303,224743,189605,201950,204241,188088,189246,214870,141691,145785,157097,94506,81241,84125,74751,48881,61436,18829,18978,17095
8 h 42 min,145015,201705,224592,189486,201764,204328,188299,189514,212746,142463,146521,157224,94697,81367,83921,74648,49427,60839,18679,18612,17242
8 h 44 min,144717,201734,224565,188996,202118,205120,188132,189429,213642,142728,146542,158003,95129,81507,84384,74547,49336,60879,18590,19071,16959
8 h 46 min,144821,201653,224193,189266,201538,205593,188526,190524,214691,143079,147565,157864,94416,81680,83963,74761,49741,60934,18962,19128,16861
8 h 48 min,145316,200918,224427,189324,202197,205851,188360,190924,216713,143824,148254,158807,95014,81076,84402,74287,49262,61091,18795,18798,17146
8 h 50 min,144885,201143,225321,189516,201625,205788,189249,192303,218005,143796,148906,159220,95278,81510,83915,74322,49196,60874,18852,19035,16897
8 h 52 min,144900,202134,225252,189095,202334,207711,190320,191807,218129,145689,149340,159737,94422,81709,83995,74380,49426,60824,18593,18659,16999
8 h 54 min,145057,200952,225293,188885,201851,207431,189494,193292,220151,145167,149158,161017,95377,81481,83971,74226,49556,60976,18583,18942,16961
8 h 56 min,144944,201704,224785,189941,202926,207072,190152,193567,219587,146079,150440,161145,95104,81428,84326,74529,49721,60798,18791,18929,16966
8 h 58 min,145163,201982,223918,189609,202045,208678,189465,194696,221828,145720,150836,161968,94925,81401,83924,74389,49676,61060,18606,18858,16659
9 h ,144847,201823,224152,188890,202384,208941,191202,194568,221911,146565,152196,162643,95536,81432,84469,74679,49733,61291,18459,18637,16599
9 h 2 min,145390,201103,225211,189146,201864,209344,190800,195765,221498,146738,151784,163289,95694,82110,83775,74111,49347,61108,18307,18752,16631
9 h 4 min,145733,202431,225018,189535,201762,210010,191200,196804,222681,147347,152788,163244,95771,81700,84286,73739,49423,61124,18369,18609,16517
9 h 6 min,145268,200970,224991,189344,202181,209411,190850,196529,223286,147097,153024,164761,95572,81058,84174,74166,49763,61074,18437,18797,16589
9 h 8 min,146052,201205,225802,189819,202158,209973,191540,197106,224441,147306,153647,164248,95337,81921,84252,74363,49305,60977,18103,18659,16587
9 h 10 min,145072,201005,225032,189224,202856,209910,192404,197196,225018,148739,153640,165324,95685,81502,83612,74110,49192,60918,18408,18440,16594
9 h 12 min,146486,202069,224207,188729,201827,210786,191465,197907,225623,149225,154999,165415,95909,81275,84004,73633,49587,60524,18514,18863,16345
9 h 14 min,146038,201380,224441,188747,202261,211574,192024,198544,225816,149929,155184,166397,95754,81596,84041,74246,49499,60596,18107,18714,16142
9 h 16 min,146307,201207,224482,189640,202822,213454,191795,199673,225967,150092,156078,166602,96258,81318,84172,73517,49302,60581,18465,18929,16380
9 h 18 min,146040,200997,225390,190024,202248,211233,192201,198798,227796,150386,156141,166923,95556,81555,83563,73657,48901,60271,18441,18634,16123
9 h 20 min,146473,201212,224441,189581,201877,211543,192348,200183,228140,150830,157096,168389,95580,81180,83555,73777,49328,60804,18373,18745,16104
9 h 22 min,145941,202294,224331,189703,202942,214224,191983,199898,229487,151452,157291,168328,96008,81997,83701,73417,49136,60378,18325,18466,16144
9 h 24 min,145794,201642,225073,189687,202062,213866,191974,201477,229694,151947,158344,168512,95611,80673,84022,73391,49118,60680,18102,18612,16139
9 h 26 min,146430,201137,224056,189469,202311,214472,192687,202013,229982,151742,158541,169837,95893,81355,83394,73821,49532,60278,18443,18558,16098
9 h 28 min,145658,201627,224867,189055,202321,213636,192978,202162,230189,151948,159490,169424,96071,81317,83513,72675,49077,61002,18114,18606,15832
9 h 30 min,146482,201845,224070,190720,201955,213997,192644,202504,230711,153104,159838,170191,95952,80587,83415,73197,49064,60511,18156,18793,15952
9 h 32 min,146293,200609,224152,189387,201376,215943,193433,201961,231371,153779,159310,171412,95902,80939,83678,73246,49050,60396,18224,18534,15910
9 h 34 min,146298,201173,224166,189355,201264,216465,192144,202208,232128,153769,160845,171669,95895,80848,83070,73763,48964,60555,17866,18578,15965
9 h 36 min,145986,202055,223740,190914,202523,215049,192858,204074,233599,154160,161343,172508,96360,80933,83122,73441,48619,60251,18024,18584,15710
9 h 38 min,146138,201525,223245,189970,202466,214189,192940,203118,232733,153990,161481,172201,96062,80844,83142,73630,49116,60600,18190,18580,15857
9 h 40 min,147169,201704,224152,189320,202568,215153,192903,204284,234080,154473,161333,172861,95928,80565,83124,72526,49140,60326,17871,18317,15529
9 h 42 min,146579,201283,224867,190439,202151,217098,192352,205554,235345,155104,162056,173266,95535,80749,83136,73045,48804,60480,18094,18583,15723
9 h 44 min,146667,201007,224730,189638,202838,217400,193383,204627,234837,155498,161690,173386,95922,80373,82743,73162,48634,60392,17980,18514,15658
9 h 46 min,146703,201097,223795,190375,201615,217978,193444,204720,235937,156071,162395,174101,95790,80324,83050,72894,49350,59760,17994,18412,15489
9 h 48 min,146425,201483,223478,190396,202170,217744,192454,206120,235827,156041,163017,174697,96131,80539,82773,73404,48735,60001,18358,18574,15366
9 h 50 min,147075,201945,224111,190302,203286,218803,192811,205701,236280,155958,163747,174802,95649,80666,82619,72804,48930,60236,17622,18345,15632
9 h 52 min,146918,200655,223561,190267,202160,217717,191907,204430,236445,156549,164107,175607,96433,79922,82706,72529,48904,59814,17840,18429,15699
9 h 54 min,146819,201637,224675,189514,202539,217813,192521,206407,237215,156801,164710,175778,96288,80220,83201,72572,48385,59982,17913,18354,15887
9 h 56 min,147289,201456,223245,190300,202487,217950,191826,206372,237435,158156,165096,176168,96695,79785,82995,73252,48506,59476,17704,18574,15376
9 h 58 min,147207,201537,224138,189968,202683,220453,192242,206630,237545,157622,165940,176125,96330,79901,81950,72421,48546,59734,17568,18421,15522
10 h ,146919,201567,224317,189772,203421,219724,192507,206628,238563,158149,165807,176143,96205,79571,82401,72363,48673,59776,17847,18280,15334
