time,Negative,Negative,Negative,STAR-Trigger 15 nM,STAR-Trigger 15 nM,STAR-Trigger 15 nM,STAR-Trigger 10 nM,STAR-Trigger 10 nM,STAR-Trigger 10 nM,STAR-Trigger 5 nM,STAR-Trigger 5 nM,STAR-Trigger 5 nM,STAR-Trigger 3 nM,STAR-Trigger 3 nM,STAR-Trigger 3 nM,STAR-Trigger 0 nM,STAR-Trigger 0 nM,STAR-Trigger 0 nM,Sense-aTrigger 15 nM,Sense-aTrigger 15 nM,Sense-aTrigger 15 nM,Sense-aTrigger 10 nM,Sense-aTrigger 10 nM,Sense-aTrigger 10 nM,Sense-aTrigger 5 nM,Sense-aTrigger 5 nM,Sense-aTrigger 5 nM,Sense-aTrigger 3 nM,Sense-aTrigger 3 nM,Sense-aTrigger 3 nM,Sense-aTrigger 0 nM,Sense-aTrigger 0 nM,Sense-aTrigger 0 nM
0 h,21605,22846,21897,24631,23894,24867,24806,25546,24424,25375,24269,25207,24584,24233,22957,23269,23132,21797,22579,23473,23640,23486,22553,23388,23606,24399,26112,22453,25004,25589,24532.5,25044,24134.5
0 h 2 min,21359,22482,21603,24202,23621,24611,24408,25197,24109,24805,23778,24201,24180,23975,22257,22414,22647,21322,21771,22977,23418,23326,22393,23090,23427,23976,25467,22426,24554,24872,24230.5,24360.5,23264.5
0 h 4 min,21246,21874,21832,23783,23082,23939,23978,24493,23529,24268,23492,24244,23931,23167,22014,22256,22397,20786,21448,22863,23210,22739,22214,22765,23067,23554,24716,21709,24444,24695,23831,23855.5,22807
0 h 6 min,20515,22058,21599,23432,22936,24296,23605,24395,23393,24216,23110,24252,23923,23528,22177,22078,22422,20832,21473,22683,23215,22612,21769,22487,22870,23633,24812,21895,24164,24660,23842.5,23868.5,22954.5
0 h 8 min,20716,21716,21105,23292,22842,23922,23654,24199,23427,23820,23178,23856,23570,23381,21745,22119,22417,21091,21492,22729,22890,22363,21656,22539,22948,23588,24657,21688,24060,24356,23561.5,23823,22876.5
0 h 10 min,20256,21524,20274,23203,22769,23746,23615,24311,23149,23618,23116,23492,23402,22949,21743,21913,22014,20741,21205,22433,22413,22581,21609,22141,22463,23796,24381,21609,24125,24440,23273,23564.5,22613
0 h 12 min,19527,20919,19191,22603,22431,23286,23504,23836,22652,22619,22026,23037,22410,22189,20977,20953,20799,19900,20365,21283,21327,22281,21632,21523,22300,23482,23650,21061,23462,24001,22265.5,22865,22173.5
0 h 14 min,18494,19739,18134,21999,21420,22085,22607,22579,21664,21349,20482,21971,21141,20715,19439,19599,19959,18516,19259,19994,20129,21506,21209,20029,21461,22485,22382,19672,21967,22618,20935,21520.5,21538.5
0 h 16 min,17750,18537,16936,20705,19949,20696,21381,21579,20597,19568,19229,20178,20138,19568,18262,18068,18583,17685,18170,18653,18584,20618,20403,18896,19929,21128,21151,18693,20717,21500,19223,20261,20338
0 h 18 min,16666,17604,15296,19520,18942,19849,19984,20132,19362,18113,17194,18479,17900,17284,16550,16504,16686,16669,16561,17042,16825,19563,19201,17175,18381,19632,19396,17397,19429,20032,17612.5,18466.5,18896.5
0 h 20 min,15758,16117,14835,17567,17319,18619,18211,18467,17511,16943,16239,16920,16219,15918,15376,15340,15273,14935,15448,16014,16139,17662,18313,15988,16531,17856,17802,15926,17517,18292,16225,17019,17545.5
0 h 22 min,14850,15228,14882,16332,16347,16952,16728,16962,16267,16317,16018,16198,15921,15816,14779,14613,14954,14515,14880,15408,15673,16310,16982,15526,15694,16692,16612,15138,16482,17104,15893.5,16242,16530
0 h 24 min,14442,14753,14445,15846,15887,16574,16171,16324,15735,16206,15775,15935,15628,15510,14728,14456,14793,14276,14795,15341,15681,15794,15794,15491,15535,16124,16373,14807,16275,16742,15948.5,15960.5,15886.5
0 h 26 min,14394,14822,14320,15507,15797,16252,15844,16380,15672,16134,15898,15929,16043,15394,14701,14401,14719,14225,14778,15316,15455,15559,15407,15688,15439,15756,16286,14985,16517,16521,15911.5,15960,15627
0 h 28 min,14140,14823,14454,15817,15800,16244,15871,16042,15367,16380,15911,15999,15625,15663,14663,14405,14821,14067,14580,15153,15709,15249,15342,15467,15457,16048,16117,14824,16232,16632,15797,16049.5,15523
0 h 30 min,13988,14369,14272,15493,16036,16243,16144,16179,15582,16440,15909,16109,15676,15767,14635,14529,14825,14044,14860,15283,15574,15544,15141,15554,15197,15993,16247,14788,16327,16400,15981,16196.5,15678.5
0 h 32 min,13843,14569,14450,15651,15816,16286,16049,16223,15547,16408,15962,16138,16072,15553,14786,14532,14704,14008,14835,15268,15620,15456,15264,15441,15404,15818,16222,14924,16339,16483,16117,16288,15801.5
0 h 34 min,13933,14587,14595,15741,16111,16450,15999,16285,15682,16345,16262,16185,16114,15755,15041,14821,14820,14195,14860,15322,15678,15356,15000,15669,15570,15965,16488,14838,16269,16606,16274.5,16468,15863
0 h 36 min,13968,14639,14660,15973,16172,16412,15966,16263,15584,16740,16143,16253,16192,15922,15083,14693,15269,14094,15199,15711,15782,15731,15196,15875,15338,16140,16486,15063,16277,16689,16505,16735,15992.5
0 h 38 min,14163,14748,14620,16052,16333,16529,16329,16683,15772,17178,16388,16712,16474,16025,15186,14868,15229,14515,15109,15684,15854,15625,15088,15807,15561,16134,16604,15260,16720,16744,16844,16852,16153.5
0 h 40 min,14397,14837,14693,16382,16519,16778,16361,16627,16079,17116,16515,16695,16512,16358,15357,15011,15327,14565,15565,15926,16096,15823,15464,16451,15954,16147,16605,15159,16828,17091,16715.5,17108,16428.5
0 h 42 min,14393,14785,14799,16378,16691,17111,16650,16747,16139,17298,16488,16601,16651,16407,15508,15133,15362,14857,15528,15993,16284,15736,15086,16344,16034,16589,16916,15464,16745,17192,17096.5,17383.5,16529
0 h 44 min,14522,14832,14927,16825,16850,17162,16576,16971,16400,17341,16687,17074,16950,16554,15517,15381,15493,14698,15665,16001,16530,15763,15478,16566,16141,16833,16873,15565,17178,17157,17227,17425.5,16704.5
0 h 46 min,14805,15027,14991,16908,16904,17240,16748,16994,16398,17270,16806,16865,16824,16570,15515,15413,15663,14724,15873,16307,16649,16199,15528,16591,16392,17008,17024,15568,17188,17373,17499,17847.5,16809.5
0 h 48 min,14709,14879,15135,16868,17490,17770,16953,17014,16673,17756,17039,17193,17007,16834,15755,15452,15738,15070,15734,16474,16915,16215,15591,16770,16412,16718,17488,15780,17450,17534,17650,17952.5,17107
0 h 50 min,14781,14997,15118,17365,17489,17857,16937,17134,17021,17910,17095,17294,17139,16788,15777,15684,15511,14930,16104,16677,16950,16286,15844,16747,16387,17173,17364,15896,17519,17483,17929.5,18173,17374.5
0 h 52 min,14753,15206,15233,17455,17254,18033,17122,17341,17092,17883,17360,17430,17449,17039,15985,15674,15897,15028,16169,16812,17016,16506,15932,16710,16609,17121,17338,16111,17497,17620,18208.5,18423,17709
0 h 54 min,14870,15313,15174,17390,17801,18345,17237,17372,17036,18238,17582,17480,17521,17113,16190,15703,16061,15242,16209,16783,17440,16504,16021,17271,16682,17211,17671,15967,17620,17575,18377.5,18727.5,17923.5
0 h 56 min,14858,15408,15337,17794,17972,18302,17247,17620,17131,18222,17531,17710,17644,17319,16270,15895,15878,15416,16591,16927,17550,16666,16217,17428,16696,17181,17597,16198,17797,17884,18349.5,19152,18068
0 h 58 min,14711,15196,15418,18001,18226,18630,17723,17944,17389,18341,17487,17959,17755,17326,16197,16145,16240,15482,16584,16960,17717,16695,16145,17415,16705,17419,17886,16299,17613,18047,18848.5,19303,18411
1,14960,15431,15211,18298,18605,18860,17715,18058,17505,18695,17845,17961,18271,17534,16678,16092,16204,15637,16780,17205,17745,17059,16311,17503,16960,17576,17875,16446,18041,18282,19007.5,19418,18427
1 h 2 min,14941,15383,15542,18190,18574,18927,17879,17839,17716,18622,18091,18082,18057,17688,16570,16459,16599,15789,17065,17039,17966,16851,16477,17601,17003,17692,18115,16522,18204,18338,19450,19879,18832
1 h 4 min,14845,15491,15506,18424,18707,19389,18073,18234,17671,18983,18495,18256,18224,17849,16701,16382,16520,15797,17034,17464,18140,16999,16834,17639,17287,18080,18361,16634,18238,18603,19478.5,20362,19026
1 h 6 min,15109,15503,15652,18610,19115,19268,18165,18377,17995,19233,18343,18056,18436,18327,17081,16712,16703,15896,17041,17906,18292,17232,16708,17583,17241,17835,18358,16806,18495,18567,19759,20413.5,19375.5
1 h 8 min,15125,15592,15719,18853,19086,19681,18416,18652,18141,19337,18747,18659,18407,18270,17075,16862,16697,16347,17311,17774,18244,17348,16610,17984,17375,18233,18600,17007,18503,18605,20068,20664,19608
1 h 10 min,15274,15658,15844,18914,19178,19721,18550,18841,18461,19726,18646,19008,19065,18679,17510,16922,16861,16326,17554,18010,18400,17186,16633,18083,17646,18393,18865,17171,18802,18944,20211,21109,19752.5
1 h 12 min,15184,15638,15749,19394,19557,20108,18655,18773,18280,20085,19195,19064,18816,18487,17366,17222,16982,16177,17456,18254,18447,17251,16763,18336,17811,18238,18955,17152,18892,18971,20605.5,21404.5,20052
1 h 14 min,14982,15674,15741,19474,19962,20189,18756,18924,18526,20016,19189,19245,19031,18811,17337,17382,17108,16928,17986,18458,18629,17545,16896,18408,17909,18496,18746,17448,18789,19205,20865,21692,20590
1 h 16 min,15261,15704,15696,19670,20216,20546,19031,19078,18750,19988,19380,19460,19275,19173,17748,17023,17378,16548,17859,18708,19087,17607,17071,18920,18017,18594,19191,17629,19220,19400,21290,22060.5,20643.5
1 h 18 min,15456,15878,15801,19899,20477,20803,19086,19159,18821,20516,19699,19628,19429,19093,18033,17586,17437,16951,17979,18716,19064,17943,17191,18762,18193,18696,19175,17761,19321,19668,21602.5,22434,20955.5
1 h 20 min,15318,16070,16138,20154,20281,20981,19406,19483,19446,20653,19730,19740,19600,19348,17929,17614,17254,16925,18225,18848,19423,17985,17481,18977,18433,18934,19696,17613,19662,19850,22105.5,22786.5,21300
1 h 22 min,15400,16040,15921,20270,20874,21128,19622,19766,19305,20711,20123,19758,19928,19541,18076,17528,17653,17000,18430,19082,19451,18235,17679,19436,18234,19353,19636,17823,19534,19806,22229.5,23005.5,21620.5
1 h 24 min,15268,16098,15972,20476,20997,21266,19645,19720,19596,21148,20382,20062,20173,19533,18383,17767,18209,16885,18471,19249,19353,18275,17489,19420,18585,19262,19520,18019,19988,19995,22567,23631,22097.5
1 h 26 min,15338,16301,16430,20989,21290,21734,20144,19986,19786,21356,20308,20095,20269,19789,18938,18071,17874,17268,18527,19339,19811,18298,17750,19258,18774,19271,19871,18358,20219,20247,23100,24032.5,22573
1 h 28 min,15857,16224,16089,20976,21527,22025,20111,20387,19817,21588,20854,20701,20350,19984,18842,18179,18379,17253,18629,19566,19867,18276,17883,19877,18791,19308,20063,18383,20251,20398,23397,24392,22821.5
1 h 30 min,15597,16277,16218,21258,21535,22085,20316,20511,20176,21640,20785,20554,20486,20248,18907,18199,18244,17281,19021,19565,20211,18680,18060,19645,19071,19821,19977,18412,20510,20611,23705,24676,23030
1 h 32 min,15563,16147,16154,21426,21941,22450,20706,20718,20194,21881,21093,20671,20470,20423,19043,18214,18441,17756,19303,19827,20367,18726,18081,20129,19248,20146,20264,18498,20495,20978,24104.5,24945.5,23427
1 h 34 min,15757,16420,16386,22256,22104,23145,20760,20742,20483,22157,21039,20941,20907,20769,19084,18183,18576,17744,19301,19988,20478,19065,18315,19932,19414,20233,20649,18504,21096,20989,24363.5,25592,23881.5
1 h 36 min,15697,16384,16251,22406,22178,22814,20867,21133,20456,22552,21458,21176,21334,20805,19372,18736,18727,18038,19276,20049,20746,19189,18405,20266,19445,20139,20730,19021,21034,21120,24841.5,25834,23931.5
1 h 38 min,15998,16294,16628,22623,22482,23176,21115,21199,20877,22566,21706,21176,21444,20933,19561,19066,18939,18132,19496,20470,21050,19269,18306,20613,19693,20711,20775,19250,21120,21493,25083,26476.5,24521
1 h 40 min,15650,16396,16460,22903,23075,23513,21150,21476,21195,22838,21648,21601,21732,21192,19541,18894,18854,18151,19825,20556,20938,19482,18524,20563,19747,20749,21295,19172,21053,21501,25673.5,26722.5,24885.5
1 h 42 min,16019,16413,16499,22934,23291,23559,21283,21565,21437,22991,21843,21478,21813,21191,19707,18963,19223,18415,20159,20517,21387,19295,18661,20505,19933,20855,21314,19651,21650,21783,26063,27092.5,25575.5
1 h 44 min,15765,16477,16380,23265,23219,23713,21745,22031,21531,23209,22142,21859,21804,21478,19854,19149,19266,18490,19995,20528,21462,19788,18920,20762,19908,21059,21751,19673,21667,21939,26425.5,27478,25604.5
1 h 46 min,16179,16336,16804,23558,23678,24375,22003,22260,21617,23694,22238,21989,22058,21810,20016,19220,19419,18825,20208,21023,21535,19702,18877,20910,20285,21451,21782,19901,21981,22155,26958,28004,26165
1 h 48 min,15912,16470,16596,23809,24088,24486,22071,22268,21831,23726,22748,22360,22231,21650,20442,19424,19184,18530,20385,21393,21976,19839,19048,21349,20390,21412,22075,20290,22402,22229,27086,28616.5,26499.5
1 h 50 min,16057,17000,16730,24095,24083,25228,22428,22179,21908,23980,22722,22191,22728,21892,20402,19677,19799,18881,20650,21380,21739,20027,19395,21435,20584,21605,22140,20319,22228,22791,27992,28911.5,27039
1 h 52 min,16111,16505,17049,24260,24314,25240,22575,22838,22219,24223,23260,22787,22799,22485,20813,19962,19857,19024,20778,21537,22037,20336,19363,21308,20731,21631,22333,20407,22672,22707,28159.5,29456,27348
1 h 54 min,16008,16800,16973,24615,24691,25420,23002,23131,22327,24516,23213,22969,22907,22300,20753,20059,19970,19145,20868,21867,22439,20608,19497,21561,21030,22195,22330,20794,22720,22674,28643,29917,27886.5
1 h 56 min,16149,16588,17098,24689,25083,25847,22924,23249,22845,24687,23389,23313,23378,22648,20835,20256,20301,19397,21013,21707,22524,20742,19461,22005,21279,22279,22786,20958,23175,23001,29093.5,30397.5,28196
1 h 58 min,16195,16933,17105,25196,25320,25966,23384,23636,23248,25154,23558,23149,23354,22725,21126,20260,20115,19479,21142,22019,22728,20681,19773,22020,21310,22578,22801,21252,23230,23236,29496,30832.5,28863.5
2,16238,17146,17019,25128,25818,26061,23552,23545,23146,25377,23816,23568,23212,23049,21212,20551,20465,19511,21310,22094,22512,21066,20096,22147,21598,22473,23187,21238,23469,23665,29985.5,31461.5,29233
2 h 2 min,16525,17106,17142,25720,26009,26268,23712,24098,23282,25506,24145,23696,23513,23291,21537,20587,20590,19776,21727,22548,23240,20860,19872,22607,21867,22830,23260,21660,23869,23695,30583,31926.5,29537
2 h 4 min,16484,17237,17327,26076,26162,26817,24008,24029,23716,25844,24426,23881,23795,23202,21675,20874,20580,19932,21724,22629,23352,21392,20074,22805,22025,22905,23651,21619,23854,23870,30669,32450,30111.5
2 h 6 min,16262,17131,17125,26610,26444,27375,24319,24666,23973,25877,24537,23928,24273,23792,21956,20864,20777,20306,21960,22588,23488,21272,20364,22704,22324,23070,23678,21859,24401,24325,31483.5,33011,30395
2 h 8 min,16537,17288,17291,26779,26735,27378,24522,24835,24217,26448,24731,24387,24179,23865,22036,21137,20962,19947,22487,23108,23607,21430,20492,23132,22200,23373,24020,22249,24620,24513,31884.5,33229,30909
2 h 10 min,16624,17415,17486,26975,27271,27976,24842,24611,24571,26360,24683,24450,24196,23772,22302,21116,20865,20282,22250,23247,23876,21591,20487,23264,22468,23580,23738,22347,24438,24568,32529.5,33679.5,31466.5
2 h 12 min,16587,17408,17130,27449,27421,27985,24846,25280,24568,26592,25363,24748,24591,24400,22450,21274,21042,20527,22347,23503,23807,21674,21033,23472,22710,24181,24189,22517,24995,24881,33017.5,34340.5,32024
2 h 14 min,16609,17328,17466,27660,27724,28560,25256,25377,24898,27008,25643,24751,24736,24380,22719,21223,21470,20628,22548,23679,24179,22140,20663,23468,22725,23710,24621,22644,25105,25533,33166,35003.5,32591.5
2 h 16 min,16657,17175,17526,28027,27582,28306,25538,25642,25162,27078,25693,24959,25045,24569,22867,21730,21347,20769,22780,23538,24504,21774,21025,23749,23103,24353,24528,22665,25440,25686,33724,35682,32812
2 h 18 min,16727,17403,17395,28252,28133,28775,25410,25967,25557,27335,25807,25595,25420,25012,22952,21718,21605,21122,23016,23847,24490,22075,21369,23947,23130,24521,25178,23496,25579,25421,34179.5,35770.5,33321.5
2 h 20 min,16904,17658,17822,28335,28510,29469,25971,26258,25440,27614,25791,25673,25246,25057,23302,21853,21849,20947,23139,24079,24435,22338,21163,24401,23419,24658,25279,23281,25910,25895,34860.5,36487,33907.5
2 h 22 min,16662,17303,17728,29031,29274,29427,26146,26464,25578,27688,26232,25773,25629,25146,23229,22204,22382,21188,23249,24327,24840,22457,21642,24319,23645,24672,25346,23416,26171,26089,35186.5,37034.5,34445.5
2 h 24 min,16674,17477,17808,29182,28854,29813,26393,26700,26317,28367,26283,25906,25924,25415,23473,22097,22236,21385,23732,24151,25074,22743,21682,24634,23880,24726,25489,23596,26362,26230,36031,37657.5,35133.5
2 h 26 min,17066,17379,17979,29480,29106,30167,26465,27222,26344,28252,26800,25986,26234,25726,23199,22221,22522,21588,23375,24478,25166,23032,21739,24609,24051,25337,25747,24102,26351,26480,36145,37986,35256.5
2 h 28 min,16725,17602,18041,29850,29562,30655,27238,27197,26680,28554,26638,26339,26245,25908,23860,22650,22677,21524,23811,24771,25130,23123,21701,25005,24108,25464,26189,23946,26791,26516,36535.5,38827,35755.5
2 h 30 min,16800,17839,17845,30010,30169,30964,27410,27317,26775,28607,27203,26692,26298,25800,24048,22600,22781,21978,24085,25076,25571,23213,21945,25232,24353,25525,26271,24125,27235,27102,37470,38999,36532
2 h 32 min,17287,17805,18179,30006,30286,31057,27439,27556,27154,28717,27317,26840,26650,26446,24093,22935,22523,21997,23828,24832,25946,23328,22339,24991,24382,25688,26309,24815,27115,27128,37819.5,39908.5,36747
2 h 34 min,17118,17815,17960,30485,30283,31072,27505,28328,27412,29310,27422,26982,27073,26513,24192,22893,22799,22134,23935,25241,26143,23616,22194,25409,24731,25836,26639,24629,27833,27473,38457.5,40478,37471.5
2 h 36 min,17245,17842,18045,30827,30763,31344,27939,28157,27502,29198,27682,27224,26794,26354,24536,23288,22899,22285,24423,25306,26181,23631,22407,25461,25265,26306,26997,24878,27812,27699,39005,40934.5,38165
2 h 38 min,17205,17928,17982,31036,30985,31837,28523,28571,27571,29595,27946,27185,27005,26774,24675,23450,23120,22428,24527,25658,26158,23733,22887,25626,25282,26574,27050,24952,27858,27952,39371.5,41272.5,38377
2 h 40 min,17035,17849,18044,31477,31740,32537,28380,29073,28041,29836,28303,27917,27512,27121,24983,23633,23466,22532,24697,25717,26297,23799,22411,26018,25077,26396,27181,25084,28348,28352,39874,42088.5,38876.5
2 h 42 min,17157,18157,18163,31793,31608,32302,28522,28905,28222,29816,28336,27452,27383,27140,25074,23719,23767,22780,24949,25953,26739,24278,22598,26121,25386,26695,27471,25450,28555,28280,40387.5,42508,39586.5
2 h 44 min,17133,18105,18384,32158,32016,32983,28775,29223,28425,30238,28648,27980,27746,27036,25085,23864,23559,22977,25091,26155,27094,24329,22816,26244,25732,26812,27866,25879,28947,28812,41321.5,42903.5,40128.5
2 h 46 min,17082,18157,18533,32346,32354,33178,29144,29625,29141,30593,28951,28360,27987,27682,25478,24117,23730,23146,25371,26297,27094,24382,23183,26501,26004,27177,27872,26351,29231,28946,41878,43943.5,40611.5
2 h 48 min,17362,17940,18269,32732,32452,33540,29544,29695,29048,30906,28903,28373,28035,28068,25461,24208,23928,22868,25688,26431,27073,24537,23114,26816,26388,27538,28187,26177,29132,29299,41958,44496.5,41054.5
2 h 50 min,17310,18088,18465,33321,32692,33494,29880,30188,29363,31125,29216,28791,28545,27866,25630,24369,24262,23396,25625,26644,27461,24863,23426,26740,26386,27638,28378,26378,29566,29602,42592.5,45057.5,42010
2 h 52 min,17438,18300,18700,33329,33069,34026,29822,30461,29785,31061,29356,28725,28495,28244,26194,24558,24466,23180,25536,26934,27558,24668,23601,27023,26705,27625,28708,26769,29815,29652,42967,45363,42313
2 h 54 min,17514,18190,18390,33709,33495,34071,30469,30347,29788,31466,29656,28960,29163,28510,26292,24553,24437,23363,25812,26876,27731,25339,23469,27282,26580,28241,28831,26855,30451,30373,43720.5,46271.5,42855
2 h 56 min,17650,18467,18903,33729,33901,34740,30691,30714,30153,32050,29838,29161,29314,28457,26496,24860,24524,23743,26184,27134,28040,25346,23575,27314,26744,28395,28991,27028,30414,30132,44285.5,46523,43047
2 h 58 min,17493,18337,18894,34243,34374,35005,30753,31621,30188,32107,30182,29800,29048,28463,26796,25029,24861,23830,26414,27450,28019,25457,24111,27667,27444,28460,29108,27267,30851,30433,44939,46964,43953
3,17578,18461,18794,34878,34604,35504,31010,31652,30800,32343,30470,29588,29528,29207,26939,25097,25150,23848,26538,27806,28579,25418,24173,27641,27348,28502,29905,27695,31226,30731,45345.5,47845,44503.5
3 h 2 min,17820,18472,18861,34841,34841,35553,31125,31949,30958,32234,30506,30127,29968,29268,26716,25188,25194,24037,26569,27886,28688,25414,24117,27929,27451,28779,29657,28080,31212,31359,46232.5,48401,44686.5
3 h 4 min,17739,18672,18953,35132,35351,35656,31712,32049,31109,33040,30618,30103,30058,29468,27343,25178,25445,24600,26864,28053,28685,25673,24463,28360,27845,29114,29829,27820,31345,31177,46500.5,49233,45781.5
3 h 6 min,17659,18556,18960,35924,35316,35844,31874,32226,31297,33298,30987,30315,30279,29974,27408,25676,25466,24588,26510,28103,28800,25958,24601,28378,27939,29536,29800,28479,31620,31576,47262.5,49697.5,46208
3 h 8 min,17860,18810,19026,36218,36046,36523,31859,32566,31922,33598,30920,30534,30487,30194,27764,25665,25616,24535,27288,28518,29401,26057,24886,28479,28199,29676,30323,28464,32110,31722,47847.5,50183.5,46637.5
3 h 10 min,18156,18605,18962,36360,35882,36532,32393,32547,31975,33485,31040,30475,30606,30024,27560,25648,25615,24602,27381,28371,28935,26392,24663,28942,28610,30091,30665,29139,32311,32219,48186,50655,47325.5
3 h 12 min,17876,18847,19187,36197,36468,37183,32749,33066,32097,33925,31746,30893,31050,30339,27654,26197,26142,24751,27479,28671,29929,26726,24904,29069,28616,30171,30916,29111,33118,32442,48757,51235,47706
3 h 14 min,17869,18754,19461,36972,36669,37106,32805,33465,32411,33948,31917,31290,31236,30237,28160,26223,25932,25127,27535,28478,29469,26962,25289,29193,29142,30238,31085,29250,33063,32450,49348,52061.5,48717.5
3 h 16 min,18113,18904,18989,37419,36928,37597,33150,33775,32787,34225,31993,31531,31600,30793,28226,26259,26398,24986,27591,29016,30218,27091,25102,29337,29228,30427,31259,29273,33071,33218,49786.5,52437,49034.5
3 h 18 min,18043,18746,19590,37801,37492,38274,33276,33975,32964,34452,32196,31534,31497,31073,28602,26802,26526,25493,27703,29246,29847,27361,25248,29800,29533,30671,31891,29768,33235,33275,50554,53293,49484
3 h 20 min,18015,18860,19217,37946,37744,38087,33686,34790,33227,34879,32361,32061,32059,31345,28892,26691,26846,25516,28305,29784,30145,27051,25219,29950,29687,31034,31895,29996,33649,33768,50921.5,53857.5,50207.5
3 h 22 min,18134,18891,19628,38310,38057,38604,33989,34755,33749,35106,32496,32012,32051,31394,28988,26703,26831,25639,28275,30072,30497,27616,25647,29928,30028,31299,32199,30351,33723,33847,51760,54373,50812.5
3 h 24 min,18120,18930,19412,38656,38437,38920,34178,34848,33947,35236,32951,32157,32163,31687,29210,27056,26859,25708,28605,29700,30723,27742,25902,30113,30301,31558,32440,30636,34160,34390,52444.5,55020.5,51117.5
3 h 26 min,18336,19114,19582,39152,38626,39393,34517,35170,34340,35335,32987,32608,32116,31710,29019,27173,27108,25802,28725,29989,30643,27682,25989,30464,30513,31924,32434,30879,34553,34326,53227.5,55748.5,51928.5
3 h 28 min,18602,19256,19779,39089,38818,39849,34978,35365,34487,35837,33221,32959,32999,32235,29347,27669,27034,25870,28587,30212,30826,27990,26158,30235,30871,32280,32913,31000,34928,35049,53579,55998.5,52514.5
3 h 30 min,18519,19448,19982,39601,39602,39906,35032,36135,34571,36098,33519,33050,32794,32179,29711,27713,27460,26505,29319,30309,30984,28375,26598,30803,31001,32400,33190,31281,35169,35346,53951.5,57143.5,53133.5
3 h 32 min,18664,19159,19777,39698,39778,40256,35482,35690,35037,36442,33656,33216,33088,32568,29586,27519,27452,26405,29148,30499,31559,28486,26456,30996,30963,32590,33725,31659,35164,35819,55099.5,57493.5,53710.5
3 h 34 min,18625,19460,19999,40522,40086,40571,35552,36284,35411,36492,34281,33435,33417,32701,30231,27949,27579,26758,29575,30951,31670,28622,26551,31085,31220,32843,33698,31779,35885,35591,54994.5,58087,54258.5
3 h 36 min,18617,19192,19865,40467,39998,41160,36029,36821,35425,37011,34117,33744,33423,32664,30208,27962,28027,26953,29215,30871,32175,28793,26806,31369,31759,32962,34373,32385,36199,35599,55870,58811,54888.5
3 h 38 min,18814,19443,19985,41121,40172,41411,36363,37073,35706,36852,34800,33847,33807,33256,30464,27999,28046,27076,29812,31010,32453,29059,27049,31502,31849,33443,34410,32509,36414,36379,56425.5,59499,55624.5
3 h 40 min,18414,19640,20123,41096,41252,41539,36552,37504,36499,37632,34916,34019,34154,33331,30712,28297,28450,27210,29854,31237,32302,28991,27158,32024,32033,33828,34778,32502,37043,36603,57156.5,60063,56031
3 h 42 min,18775,19725,20085,41720,41069,41833,36865,37585,36419,37791,35074,34411,34062,33326,30814,28358,28337,27309,29913,31517,32584,29361,27056,31881,32778,34096,34773,32713,36833,36848,57475.5,60901,56659.5
3 h 44 min,18830,19653,20201,42141,41211,42419,37126,37934,36553,38013,35120,34544,34677,33989,30889,28579,28221,27001,30489,31406,32749,29484,27420,32013,32755,33745,34703,32784,37406,36987,58116,61510.5,56964
3 h 46 min,18991,19972,20065,42304,42047,42497,37709,38297,36878,38315,35457,34606,34643,33957,31085,28554,28648,27640,30408,32053,32823,29698,27575,31954,32709,34373,34992,33562,37321,37719,58710.5,61805.5,57828.5
3 h 48 min,18911,19954,20284,42553,41835,43046,37463,38442,37487,38385,35565,35012,34933,34077,31583,28816,28864,27724,30733,31836,33253,29991,27581,32463,33089,34604,35816,33377,38180,37719,58854,62391.5,58532.5
3 h 50 min,19414,19903,20357,42393,42317,43334,38167,38416,37379,38535,35647,35248,35185,34426,31633,29351,28722,27890,30625,32197,33333,29751,28022,32647,33032,34568,36118,34290,37849,38344,59858.5,63097,58958
3 h 52 min,19107,20031,20502,43252,43349,43484,38319,38949,37431,39008,36192,35562,34996,34837,32052,29043,28814,28119,31023,32666,33599,30303,27871,33127,33699,34994,35811,34148,38153,38184,60507.5,63731,59514.5
3 h 54 min,19196,20011,20567,43689,42892,43993,38498,39499,37996,39064,36634,35407,35421,34863,32302,29460,29148,27862,31110,32574,33644,30468,28399,33284,34073,35110,36597,34311,39086,38696,61205.5,64779,60053.5
3 h 56 min,19247,20217,20776,44154,43322,44403,38671,39659,38227,39211,36442,35957,35755,34886,32159,29299,29534,28376,31250,32862,34182,30616,28262,33252,33971,35407,36877,34719,39394,38814,61623.5,65195,60505
3 h 58 min,19631,20001,20393,44273,43889,44531,38938,40099,38526,39599,37027,36251,35988,35464,32653,29435,29365,28433,31311,33054,34119,30887,28854,33632,34220,35616,37103,34778,38936,39151,62139.5,65720,61595
4,19730,20318,20505,44372,44116,45097,39566,39845,39071,40119,37022,36418,36091,35466,32830,29943,29837,29080,31658,33010,34160,30961,28513,33611,34474,36016,37473,35070,39709,39564,63004.5,66506.5,62248
4 h 2 min,19934,20313,20671,44931,44690,45164,39734,40217,39541,40271,37534,36709,36580,35764,32809,29768,29649,28916,31825,33062,34373,31474,28801,33585,34802,36186,37847,35669,39948,39878,63749,66818,62576
4 h 4 min,19654,20058,20709,45232,45057,45306,40034,40931,39248,40279,37617,36581,36828,35773,32805,30176,29712,28952,32205,33627,34494,31466,29415,34050,35198,36650,37839,35653,39855,40139,64047,67569,63733.5
4 h 6 min,19680,20478,20836,45724,45426,45784,40077,40815,39946,40756,37293,36998,36993,36008,33128,30666,30059,29161,32221,33396,34558,31499,29241,34754,35087,36758,38195,36008,40556,40701,64613.5,68139.5,63937
4 h 8 min,19841,20262,21012,45817,45855,45814,40783,41272,40017,40771,37809,37211,36931,36306,33628,30342,30229,29223,32053,33837,35295,31678,29085,34622,34934,36834,38326,36705,40709,40739,65030.5,68936.5,64547
4 h 10 min,19948,20278,21087,46063,45806,46754,40368,41654,40340,40963,38093,37468,37307,36750,33802,30714,30539,29410,32576,33660,35099,31829,29538,34830,35669,37217,38720,36829,41391,41180,66039.5,69760.5,65062
4 h 12 min,20044,20476,21030,46481,46557,47105,41286,41539,40881,41800,38685,38003,37605,36848,33603,30660,30419,29483,32638,34271,35150,32107,29699,34895,36024,37730,39290,36252,41526,40872,67048,70332.5,65888.5
4 h 14 min,19968,20719,21095,46986,46575,46708,41682,42111,40983,41826,38549,37960,37952,37313,34393,30958,30866,29563,32850,34299,35371,32264,29868,34923,35992,37669,39568,36883,41872,41367,67570,70683.5,66221
4 h 16 min,20076,20776,21195,47120,47015,47573,41615,41950,41380,41982,38990,38416,38057,37264,34506,30783,30723,30020,33176,34668,35933,32629,30080,35324,36382,37806,39635,37525,41922,41976,68232.5,71543,66920
4 h 18 min,20171,20515,21313,47548,47545,48118,42121,42489,41376,42518,39166,38603,38198,37724,34500,31256,31125,30200,33059,34777,35858,32610,30197,35270,36611,38077,39758,37520,42745,42156,69019,72049.5,67503
4 h 20 min,20088,20637,21146,47721,47850,48493,42325,42727,41558,42271,39012,39144,38400,37474,34838,31363,31061,30412,33289,35241,36095,32964,30234,35835,37305,38299,39991,37964,42792,42669,69964,72822.5,68135
4 h 22 min,20236,20963,21457,48371,48282,48845,42802,43501,42187,42700,39488,39052,38898,37661,34936,31222,31593,30293,33448,35293,36150,32787,30522,36263,37306,38783,40332,38093,43014,43069,70674,73429.5,68995.5
4 h 24 min,20236,20722,21581,48454,48388,49167,43033,43481,42272,42932,39998,39393,39056,38183,35064,31727,31532,30244,33535,35287,36807,33778,30914,36020,37551,39301,40774,38210,43229,43363,71407.5,74477,69261
4 h 26 min,20326,20853,21719,48717,48824,49585,43584,43620,42784,43348,40262,39632,39017,38445,35336,31966,31908,30565,33747,35421,36497,33759,31045,36434,37860,39354,40769,38748,43649,43618,72314,75011.5,69963
4 h 28 min,20201,20943,21472,49487,49742,49571,43501,43825,43130,43513,40467,39660,39543,38233,35572,32087,31791,30774,34012,35712,36653,33644,31299,36443,37935,39339,41063,38657,43882,44046,72194.5,75872.5,70791.5
4 h 30 min,20618,21008,21934,49781,49496,49968,43536,44230,43227,43490,40658,39999,39470,38918,36148,32598,32074,30866,34120,35602,36639,33916,30931,36754,38069,39870,41375,38975,44441,44535,73350,76449.5,71343.5
4 h 32 min,20532,20944,22026,49848,50080,50539,44098,44917,44101,44223,40664,40438,39714,39303,35767,32857,32134,30897,34232,36011,37340,34095,31151,37177,38279,40119,41622,39074,45020,44549,74074,76961.5,72294
4 h 34 min,20631,21032,21834,50236,50070,50685,44348,45207,43900,44429,40949,40672,39970,39472,36364,32733,32258,31174,34646,35964,37333,34440,31473,37269,38734,40049,42062,39848,45075,44587,74573,78351.5,72832.5
4 h 36 min,20670,21074,22087,50832,50431,51078,44208,45293,44363,44872,41589,40739,40235,39928,36428,33312,32432,31584,34833,36390,37710,34134,31764,37363,38822,40512,42165,39865,44980,45330,75094.5,78615,73549
4 h 38 min,20766,21043,22200,51351,50844,51579,44772,45631,44654,44793,41915,40774,40830,40096,36731,33440,32309,31629,34765,36614,37387,34103,32111,37744,39100,40985,42403,39962,46044,45097,75491,79384.5,74157.5
4 h 40 min,20583,21226,22060,51728,51280,51838,45129,45853,44962,45473,41502,41361,40777,39786,36723,33270,32839,31828,35254,36988,37937,34670,31954,37891,39296,40975,42727,40219,45991,45357,76451.5,80242.5,74871.5
4 h 42 min,20811,21196,22328,51624,51316,51962,45485,46427,45020,45389,42294,41430,41351,40530,37298,33918,32842,31858,35005,36710,37927,34939,32418,38147,39695,41133,42992,40380,46026,46023,77553,81046,75649.5
4 h 44 min,20987,21428,22331,51906,51730,52021,45537,46281,45221,45382,42803,41792,41098,41213,37194,33923,33353,32020,35281,37060,38173,35021,32309,38612,39609,41286,43088,40994,46390,46741,77921,81367.5,76738
4 h 46 min,20739,21661,22179,52901,52244,52869,45931,46660,45675,45505,42848,41728,41629,40988,37167,33922,33627,32197,35304,37240,38143,34991,32369,38459,40043,41795,43783,41465,46982,46856,78994.5,82184.5,77258.5
4 h 48 min,20860,21351,22434,52863,52437,53283,46703,47135,46356,46317,42814,42327,41802,40997,37754,34191,33486,32473,35572,37541,38651,35347,32732,38669,40187,42042,43887,41427,47180,47016,79387.5,82717,78153.5
4 h 50 min,21005,21546,22501,53332,53045,53025,46589,47275,46448,46526,43311,42524,42488,41970,38200,34443,33487,32431,35871,37867,38652,35602,32960,38807,40913,41751,43953,41831,47673,47984,79925.5,83518.5,78561.5
4 h 52 min,21052,21715,22344,53401,53153,53532,46746,47432,46507,46598,43789,42736,42007,41772,38102,34418,33723,32939,35971,37763,38733,35586,33349,39018,40852,42374,44207,42339,47409,47539,81195.5,84125,79119
4 h 54 min,21021,21894,22537,53999,53446,53948,47104,48388,46950,47097,43852,43068,42773,41941,38483,34413,34248,32844,36317,37667,39132,35804,33267,39348,40972,42725,44728,42439,47741,48148,81431.5,85028.5,80051.5
4 h 56 min,21087,21907,22398,54301,53819,54034,47041,48062,46996,47088,44041,43134,42719,42060,38541,34939,34409,32829,36098,38039,39429,35930,33222,39593,41038,42868,44944,42567,48360,48477,82172,85601.5,80825.5
4 h 58 min,21387,21668,22953,54877,53880,54907,47370,48980,47127,47086,44293,43380,42988,42101,38656,34811,34696,32941,36556,38796,39743,36599,33549,39715,41785,42866,44928,43194,48483,48449,82880.5,86477,80968
5,21306,21728,23054,54545,54416,54902,48075,48882,47895,47956,44345,43819,43221,42194,38997,35036,34401,33145,36397,38777,39790,36394,33629,39908,41787,43473,45249,43359,49079,48893,83491.5,87241,82410.5
5 h 2 min,21454,22061,22938,55631,54715,55009,48035,49356,47689,47630,44492,43846,43234,42615,39348,35061,34477,33492,36790,38841,39640,36385,33873,40532,41959,43240,45792,43228,48601,49779,84007.5,88227,82730
5 h 4 min,21011,22185,23052,55857,55170,55476,49014,49446,48152,48114,44559,44046,43416,43260,39309,35072,34883,33978,36819,38792,39999,36743,34020,40269,42236,43698,46044,43683,49522,49517,84493,88975.5,83514
5 h 6 min,21278,22212,22874,56001,55928,56248,48853,50354,48329,48330,45511,44220,43856,42987,39565,35462,34993,33888,36792,39338,40616,37423,34043,40957,42462,44648,46003,44057,50222,50102,86194.5,89440.5,83968.5
5 h 8 min,21372,22285,22943,56162,55786,55918,48987,49987,48792,48688,45660,44445,43991,43279,39727,35442,34898,33926,37366,38891,40882,37305,34236,40794,42707,44645,46608,44326,50061,50360,86312,90012,85200.5
5 h 10 min,21388,22171,23311,56844,55932,56041,49228,50440,48865,48829,45133,44720,44322,43479,39521,35528,35229,33926,37374,39603,40722,37395,34301,40995,42524,44724,47034,44488,50274,50880,86909.5,90971.5,85616
5 h 12 min,21494,22433,23088,56973,56405,56808,49127,51071,49344,49054,45977,44853,44069,43441,40175,35844,35623,34329,37325,39439,40849,37528,34920,41323,42901,45464,47185,44824,50452,51041,87505.5,91629,86474
5 h 14 min,21468,22552,23034,57078,56645,57011,49860,50820,49940,49345,46130,45168,44529,43843,40089,35695,35726,34464,37531,39891,40672,38344,34920,41543,43440,45086,47402,45327,51212,51264,88354.5,92806.5,87184
5 h 16 min,21556,22525,23292,57196,56630,57355,49623,51291,49151,49530,46185,45687,44505,44261,40699,36216,36229,34574,38002,39702,41259,38474,34836,41529,43757,45700,47453,45741,50911,51904,88985,93271.5,87883.5
5 h 18 min,21416,22525,23169,57425,56727,57183,49986,51406,49606,49831,46239,45319,44917,44092,40636,36332,36026,34490,37863,39929,41061,38781,35451,42220,44090,46096,47834,45668,51389,52139,89821,93547,88846
5 h 20 min,21640,22585,23414,58000,57687,57693,50785,52018,50056,49513,46373,45542,44835,44478,40669,36381,35994,34592,37869,40344,41396,38798,35426,41816,44435,46016,48104,46388,51788,52580,90231,94929,89044
5 h 22 min,21642,22872,23443,58690,57695,58234,50300,51936,50251,50164,46957,45849,45238,44410,40971,36389,36284,34850,38368,40322,41582,39252,35513,42063,44883,46154,48129,46790,52008,52245,90811.5,95497.5,89721
5 h 24 min,21694,22818,23228,58468,57730,58247,50889,52007,50470,50467,46821,46171,45447,44463,40628,36527,36555,34876,38372,40557,41943,39318,36228,42390,45299,46657,48453,46559,52492,52515,91892,96063,90473
5 h 26 min,21927,23167,23688,58436,58316,58934,51039,52754,50920,50920,46901,46265,45820,44535,41186,36582,36372,35073,38459,40660,42310,39575,36557,42470,45695,47184,49128,46934,52785,53120,92432.5,96584,91199
5 h 28 min,21717,23168,23392,58975,58036,58760,50827,53122,51198,50857,47037,46494,45770,44643,41195,36238,36472,35363,38925,40949,42095,39826,36946,42772,46091,47612,49110,47314,53269,53235,93016,97826.5,92004
5 h 30 min,21761,22834,23575,59223,58946,59297,51590,53315,51305,51195,47363,46697,45680,44923,41465,36733,36857,35393,38968,41032,42604,39764,37026,42919,46140,47642,49873,47771,53005,53423,93912,98290,92368.5
5 h 32 min,21682,22823,23477,59231,59264,59359,52133,53293,51381,50996,47503,46541,46171,45087,41618,37047,36658,35830,39442,41223,42445,40111,37406,43146,46040,47504,50145,48135,53148,53794,94722,99455,92947.5
5 h 34 min,21889,23329,23737,59546,59171,59614,52173,53867,51790,51701,47499,47192,46378,45592,41373,37334,36623,35928,39373,41082,42681,40372,37464,43005,47037,48364,50163,48058,53664,54178,95275.5,99548,93609
5 h 36 min,21859,23158,23687,59626,59725,59817,51885,53804,51490,51467,48173,47262,46334,45282,41864,37038,36762,36160,39501,41338,43060,40689,37588,43251,47001,48348,50394,48783,54338,53999,95835.5,100787.5,94254.5
5 h 38 min,21935,23205,23804,59846,59652,59603,52827,53781,52101,51546,47910,47473,46750,45638,42001,37220,36771,36321,39887,41469,43083,40940,37766,43289,47271,48311,50384,49000,53940,54468,96597,101501,94941.5
5 h 40 min,21748,23629,23802,60212,59764,59802,52705,54315,51969,51937,48058,47129,46680,45573,42128,36833,37195,36394,39718,41810,43416,41236,37940,43235,47676,48941,50584,49108,54763,54755,97424,102252.5,95616.5
5 h 42 min,22095,23340,23647,60718,60208,60691,52967,54241,52240,52025,47850,47683,46895,45369,42250,37610,37431,36751,40185,42141,43535,41703,37880,43689,47549,49188,51193,49568,55065,55108,97905,102549,96947.5
5 h 44 min,21921,23419,23879,60807,60282,60829,53297,54955,52169,52167,48577,47907,46967,45978,42652,37306,37307,36682,40311,42243,43745,41390,38504,43418,48300,49225,50848,49454,55478,55501,98091,103359.5,96927
5 h 46 min,22092,23288,23529,61061,60572,60677,53173,54957,52370,52332,48538,47896,47277,46095,42391,37625,37123,36833,40507,42799,43426,41279,38631,43297,47951,49736,51168,49658,54876,55757,99210,103644.5,98027
5 h 48 min,22002,23465,23904,61812,60719,61491,53846,55521,52609,52607,48084,47853,47079,46079,42746,37528,37743,36733,40647,42808,43938,41932,39108,43845,48528,49886,51500,50138,55378,55641,100048,104960,98593.5
5 h 50 min,21977,23226,23736,61526,60869,61800,53764,55264,52638,52272,48563,48181,47545,45763,42933,37665,37573,36670,40856,42788,43705,42314,39002,43656,48231,49913,51724,50227,55776,56038,100376,105944,99141
5 h 52 min,22090,23381,23918,61614,61481,62006,54141,55598,53015,52497,48904,48461,47350,46056,43395,37605,37308,37204,40876,42869,44597,42140,38839,43769,48740,50518,52205,50384,56624,56519,101357.5,106274,99558
5 h 54 min,22535,23817,24079,61558,61272,62295,54324,55456,53405,52926,48789,48292,48122,46388,43609,37725,37864,37098,41359,43234,44161,42573,39566,44050,48866,50072,52528,50558,55928,56449,102020,107230.5,100533.5
5 h 56 min,22091,23694,24077,61421,61738,61965,54177,55926,53635,53059,49137,49087,47791,46838,43513,37748,37564,37520,41080,43847,44756,42625,39194,44292,49192,50784,52621,51565,56906,56950,102940.5,107759,101207.5
5 h 58 min,22149,23463,24044,61975,62167,61743,54130,56085,53499,53355,49102,48496,47623,46675,43345,37887,37945,37557,41537,43885,44878,42364,39548,44252,48997,51149,53038,51261,56802,57078,103496,108297.5,101581
6,22073,23852,23961,62080,62102,62630,55122,56676,53875,53765,49414,48746,47508,46987,43426,37622,38083,37754,41201,43825,44959,43120,39623,44671,49572,50898,53271,51441,56804,57335,104189,109290.5,102362.5
6 h 2 min,22163,23741,23813,62316,62723,62557,55101,57250,53766,53946,49805,48805,48355,46743,43749,38107,38247,37746,41593,43743,44851,43339,39848,44672,49481,51319,53546,51725,57479,57892,104894.5,109788.5,103152.5
6 h 4 min,22164,23680,24110,62464,63004,63429,55415,57175,54225,53799,49468,49442,48221,47049,43267,38327,38043,37709,41481,44305,45176,43376,39954,44787,50098,51425,53857,51622,57549,57628,105462.5,110597,103168.5
6 h 6 min,22349,23843,24092,63029,62774,62853,55699,57076,54070,54310,49663,49267,47928,47073,43708,38461,37875,38264,41665,44507,45397,43651,40291,44601,49898,51775,53633,52122,57779,57402,106217.5,111173.5,104362.5
6 h 8 min,22315,23613,24079,63071,63401,63202,55840,57410,54239,54565,49209,49277,48250,47226,43689,38192,37996,38416,42335,44416,44848,43767,39795,44575,50659,52231,54489,52705,57780,58223,106725,112499.5,105202.5
6 h 10 min,22300,23961,24093,62803,63556,62941,55896,57946,54870,54617,49754,49663,48599,47125,43601,38220,38435,38227,42270,44808,45208,43255,40177,44924,50794,52670,54345,52696,58093,58136,107630,112842.5,106108.5
6 h 12 min,22415,23971,24277,63465,64098,63787,55580,57678,54574,54335,49953,49394,48783,47564,43979,38281,38351,38547,42608,45055,45400,43603,40148,44832,50632,52161,54726,52593,57486,58707,108268.5,113704,106163
6 h 14 min,22231,24066,24178,63607,64071,63686,56562,58119,54814,54283,50145,49753,48780,47505,43832,38205,38331,38749,42483,45457,45415,43764,40345,44908,50994,52628,54722,52802,58184,58321,109227.5,114146.5,107054.5
6 h 16 min,22694,23918,24244,63685,64159,63888,56577,58311,54614,54399,50405,49913,49079,47382,44009,38489,38612,38559,42723,45028,45642,44084,40703,45173,51141,52864,55019,52870,59081,59092,109694.5,115172.5,107519.5
6 h 18 min,22238,23820,24347,63987,64044,63905,56687,58606,55180,55068,50188,49798,49057,47824,44167,38415,38585,38595,42741,45614,45922,44095,40589,44933,51211,53145,55118,53787,58975,58675,110188.5,115509,108183
6 h 20 min,22560,24150,24327,64225,64233,64859,57138,58190,55064,55127,50320,49913,49128,47840,44303,38476,38497,38770,43192,45785,45848,44070,40777,45312,51603,53224,55344,53821,59488,59226,111013,116469.5,109110
6 h 22 min,22597,24034,24460,64267,64576,64400,57106,58971,55356,55491,50352,50072,49059,48272,44072,38908,38707,39149,42936,46218,46055,44570,40891,45146,51760,53366,55641,53563,59096,59500,111661,117553.5,109996.5
6 h 24 min,22410,23995,24324,64719,64511,64977,57816,58837,55983,55496,50726,49911,49624,47957,44475,38760,38861,39025,43411,45643,46277,44503,41113,45521,52199,54017,56184,54166,59628,59660,112614,117728,110462.5
6 h 26 min,22352,23880,24293,65084,64847,65190,57381,59112,56022,55694,50650,50336,49518,48119,44529,38677,38551,39047,43481,46274,46305,44443,41497,45538,51651,53713,55995,54247,59585,60035,113032,118787,110743.5
6 h 28 min,22702,23903,24487,64881,65339,65240,57542,59770,55960,55423,50887,50571,48955,48058,44347,38853,38818,39337,44011,45974,46267,44915,41235,45617,52020,54358,55946,54641,60296,60060,113701.5,118982.5,111896
6 h 30 min,22678,24550,24680,64911,65378,65270,57578,59224,56108,55806,50656,50972,49653,48188,44589,39200,39128,39447,43955,46285,46651,44770,41359,45723,52020,54162,56676,54718,60350,60086,114576,119793,112232
6 h 32 min,22584,24180,24412,65652,65738,65300,58193,60119,56569,55802,51379,50945,49741,48123,44825,38921,39195,39436,43878,46054,46348,45307,41248,45925,52373,53778,56657,55007,60381,60997,114645.5,121523,112877.5
6 h 34 min,22844,24430,24546,64933,65629,65869,58357,59673,56088,55649,51550,50777,49760,48459,44929,39273,39267,39205,43870,45918,46673,45471,41486,46362,52514,54290,57239,54920,60871,61054,116045.5,122018.5,113419
6 h 36 min,22567,24045,24394,65667,66021,66032,58741,59975,56238,56093,51730,51074,49974,48718,45011,39156,39550,39790,44207,46466,47006,45101,41417,46555,52746,54672,57441,54886,60801,60507,116445.5,122453.5,114387
6 h 38 min,22519,24080,24611,65495,66315,66092,58223,60293,56190,56208,51420,51199,49849,48447,44724,39362,39440,40036,44541,46721,46757,45371,41429,45928,52822,54672,57484,55067,61250,61006,116655.5,122580.5,115288.5
6 h 40 min,23028,24252,24804,65907,66594,65912,58778,60478,57090,56064,51576,51232,50405,48820,44536,39209,39206,40158,44702,46791,46959,45236,41608,46414,52947,54925,57730,55523,61263,61374,117636,123706.5,115642.5
6 h 42 min,22724,24447,24694,66205,66715,66041,58648,60870,57187,56407,51826,51267,50121,49155,45487,39478,39519,40055,44788,46755,47128,46038,41844,46367,53206,55395,57970,55681,61653,61011,118567,124600,116029.5
6 h 44 min,22687,24497,24649,66149,66820,65943,58682,60846,56904,56685,51890,51425,50392,48797,45213,39356,39914,39908,45196,47119,47707,45643,42026,46477,53369,55006,58314,55990,61908,61745,119016,125212.5,117197.5
6 h 46 min,22444,24392,24835,66325,66982,66860,59062,60846,57433,56504,51482,51302,50795,49192,45384,39347,39665,40234,44797,47434,47203,46039,42183,46299,53202,55508,58460,56276,61968,61954,120193,125966,117902
6 h 48 min,22694,24179,24566,66314,66693,66753,59422,60807,57233,56497,52200,51981,50813,49158,45605,39169,39549,40116,45121,47329,47324,46147,42406,46590,53737,55595,58528,56193,62450,62324,120333.5,126274,118578
6 h 50 min,22548,24334,24866,66878,67759,67018,59611,61375,57748,57484,52643,51964,50604,49105,45459,39404,39665,40431,45403,47439,47410,46123,42108,46395,53707,55563,58658,56146,62390,62097,121517,127305.5,118977.5
6 h 52 min,22558,24134,25094,66808,67338,67471,59843,60925,57636,57243,52684,51665,50791,49238,45799,39410,39669,40386,45326,47299,47373,46040,42209,46333,53846,55667,58625,56620,63110,62708,121858,127982,119802
6 h 54 min,22612,24247,24762,67259,67463,67571,59755,61576,58116,57148,52326,51903,50545,49299,45836,39403,39655,40580,45563,47270,47853,46596,42623,46804,53993,55644,58944,57055,62980,62996,123120,129023.5,120734
6 h 56 min,22707,24521,25216,66952,67294,67273,60081,61923,57775,57239,52423,52073,50899,49201,45712,40117,39831,40594,45510,47410,47591,46267,42844,46868,54075,56400,59329,57339,62865,63261,123256,129732,121130.5
6 h 58 min,22915,24271,24670,67621,67780,67809,60073,62077,58556,57283,52481,52242,51021,49348,45632,40039,39654,41055,45810,47840,47732,46127,42366,47290,54239,56263,59525,57399,63372,63493,123687,130442,121830.5
7,22560,24391,24758,67410,67798,67979,60239,61929,58265,57264,52754,52428,51043,49771,45855,39872,40076,40707,45938,47576,48274,46818,42914,46776,54456,56451,59632,57446,63682,63140,124627.5,131063.5,122722
7 h 2 min,22468,24575,25059,68436,68437,67729,60389,62339,58215,57219,52578,52578,51508,49749,46131,39990,39846,40693,45819,47916,47978,46954,42657,47231,54501,56695,59803,57677,63407,63919,125175.5,131906,123405
7 h 4 min,22268,24425,24800,68049,68767,68000,60298,62640,58290,57929,53048,52497,51786,49614,46130,39724,40350,41276,45907,47772,48084,46837,43004,47342,54707,56824,59975,58087,63996,63919,125958,132811.5,123771
7 h 6 min,22644,24430,24805,68213,68738,68239,60987,62671,58453,58276,53192,52756,51537,50229,46028,39695,40173,41141,46096,48017,48449,46660,42951,47612,54880,57472,60314,57810,63489,63809,126657,133421,124530.5
7 h 8 min,22617,24409,25022,68321,68997,68672,60725,62758,58795,57853,53447,52553,51297,49741,46007,40248,40153,41046,46146,48146,48497,47178,42993,47720,55280,57117,60567,58241,64564,64086,126932.5,133959,125496
7 h 10 min,22370,24566,24982,68197,69468,68340,61350,63117,58807,58104,53481,53073,51137,49900,45884,40203,40009,41339,46356,47828,48369,47154,43103,47321,55066,57472,60266,58098,64744,64209,127943,135276,125397.5
7 h 12 min,22607,24497,25098,69220,68743,68901,60947,63216,58876,58142,53256,52865,51665,50087,46551,39920,40214,41380,46291,47849,48955,47111,43207,47433,55112,57873,60841,58219,65015,64686,128560,135773,126260.5
7 h 14 min,22572,24796,24967,68533,69533,68989,61498,63544,59258,58567,53561,52933,51823,49942,46667,40355,40455,41542,46356,48469,48175,46922,43244,47559,55333,57685,60986,59121,64864,65039,129019,135997,127118.5
7 h 16 min,22335,24650,24849,68873,69431,68628,61622,63425,59196,58407,53481,53031,51675,50112,46388,40684,40120,41282,46618,48286,48982,47271,43029,47140,55048,57401,61323,58899,64906,65343,129622,137024.5,127903
7 h 18 min,22295,24519,25134,69568,69516,69518,61439,63690,59467,58257,53920,53223,51914,50470,46356,39807,39964,41745,47054,48220,48682,47600,43613,47333,56056,58123,61489,59334,65415,65331,130651.5,137822.5,128625
7 h 20 min,22147,24373,24945,69456,69280,68814,62305,63923,59579,58688,53860,53021,52122,50321,46892,40543,40245,41911,46882,48365,48572,47229,43684,47643,55978,58076,61714,58891,65285,65205,131204,137960.5,129106.5
7 h 22 min,22423,24768,25275,68996,70155,69661,62463,63813,59507,59132,53853,53547,52454,50199,46938,40295,40384,41787,46976,48645,48640,47643,43387,47816,55775,58149,61413,58888,65435,65441,130897.5,138726,129797
7 h 24 min,22407,24596,24974,69377,70723,69308,62325,63886,60235,58771,53827,53458,52237,50365,47244,40686,40579,42006,47079,48927,49228,48123,43453,47828,56006,58227,61799,59539,65515,65511,131923.5,139356,130138.5
7 h 26 min,22021,24767,25170,69388,70346,69684,62456,64388,59734,59297,54076,53993,52396,50543,47439,40727,40175,41878,47098,48440,48668,47814,43696,47457,56550,58657,61858,60079,66024,65791,132190,140590,131212
7 h 28 min,22083,24832,25108,69750,70278,70126,62885,64585,60216,59146,53859,53749,52343,50300,47223,40134,41072,41754,47231,48756,49275,48001,43867,47958,56764,58699,62688,59782,66684,66483,132884.5,141115,132038.5
7 h 30 min,21989,25109,25216,69895,71059,70116,62877,64916,60306,59275,54688,53528,52456,50710,46978,40165,40746,42190,47109,49226,48936,48277,43743,47918,56193,59056,62385,60373,66401,66573,133556.5,141344.5,132314.5
7 h 32 min,22169,24773,25337,70194,70828,69992,62936,64691,60215,59359,54188,53469,52282,50734,47190,40503,40977,42257,47490,48825,49795,48228,43742,47563,56674,59449,62462,60420,66620,66513,134288,142659.5,133451.5
7 h 34 min,21871,24928,25257,69877,71328,70042,62839,65220,60458,59288,54564,53703,52796,50642,47158,40822,40815,42101,47822,49178,49594,48721,44388,47772,57128,59255,62487,60738,66910,66462,134893.5,142528,133433.5
7 h 36 min,22171,24804,24978,69995,71219,70697,63127,65014,60483,59770,54321,54278,52364,50939,47186,40615,40654,41987,47342,49582,49435,48331,44156,48045,56730,59508,62798,60593,66772,66787,134788.5,143670.5,134423.5
7 h 38 min,21904,24817,25142,70446,71784,70247,63032,65496,60924,59566,54778,54202,52611,50794,47440,41107,41052,42072,47929,49256,49716,48126,44428,48314,57473,59476,63227,61276,66696,67054,135243,143788.5,134990.5
7 h 40 min,21809,24813,25071,70334,71266,70539,63389,65810,60869,59495,54145,53814,52188,50892,47451,40561,41115,42177,47737,49360,49349,48730,44337,47808,57037,59631,62964,61463,67266,67353,135711.5,145254,136189
7 h 42 min,21862,24970,24944,70451,71902,70324,63467,65254,61007,59240,54509,54104,52789,50586,47504,40723,40931,42825,47636,49461,50401,48442,44521,48140,57444,59845,62884,61109,67818,67704,136220.5,145891.5,136176.5
7 h 44 min,21676,24783,25049,70843,71815,71021,63255,66276,61367,60223,54365,54159,53313,50978,47360,40960,40919,42589,47675,49226,49670,48861,44447,48292,57758,59799,63369,61468,67248,67387,136763.5,146210,136564
7 h 46 min,21904,24711,25194,70952,71859,71244,63726,66321,60983,60040,54457,54360,53064,50957,48121,40706,40986,42430,47983,49850,49997,49199,44496,47990,57834,59618,63623,61353,67747,67820,136874,146745,136942
7 h 48 min,21857,24954,24751,70863,72617,70968,63989,66375,61133,60571,54488,54720,52563,50952,47871,40491,41032,42354,48018,49662,49816,49155,44455,47879,57966,60337,63614,61117,68148,67889,137677,147443,137689
7 h 50 min,21820,25231,25068,71160,72050,70815,64086,66053,61269,59988,54897,54134,52893,50763,47527,40685,41052,43016,47784,49855,50215,48946,44811,47754,58040,60331,63870,62153,67668,67940,137903,148154,138287.5
7 h 52 min,21929,24915,24959,71230,72199,71063,64551,66048,61128,60415,54443,54180,52997,50943,47733,40710,41307,42928,47874,49879,49997,49270,45011,48066,58741,60354,64115,61961,68684,67882,137828,148029,138927
7 h 54 min,21878,25066,24944,71067,72359,70945,64172,66557,61169,60738,55443,54236,53104,50918,48224,40784,41174,43098,47742,49716,50300,49308,44780,47670,58233,60469,63984,62124,68639,68474,138171.5,148575,139636
7 h 56 min,21929,25267,24986,71366,72552,71467,64526,66788,61260,60032,54932,54808,52941,51508,47870,41050,40986,42826,48395,50115,50087,49147,44961,48194,58638,60875,64414,62102,68643,68736,139695.5,149455,139745.5
7 h 58 min,21517,24851,24772,71116,73105,71528,64756,66962,61059,60423,55228,54603,53017,50782,47935,40940,41315,42994,48078,49828,50321,49361,45097,47887,58646,60457,64712,63090,69085,68698,139066.5,149778.5,140310.5
8,21741,25059,24975,71033,73150,71921,64953,66791,61431,60601,55017,54577,52884,50882,48298,41168,41326,43143,48343,50204,50559,49337,45246,47729,58875,60788,64506,62775,68756,68766,140059,150634.5,140924
8 h 2 min,21736,25275,24648,71111,73513,72130,65586,67886,62059,60899,54827,54443,53373,51141,48126,40612,40999,42603,48299,49708,50826,49402,45038,47720,58993,61071,64857,62857,69281,68976,139999.5,150799,141376
8 h 4 min,21393,25206,24716,71325,73432,72087,65779,67228,61881,60900,55002,55159,53361,51046,47860,41230,41073,43133,48586,50015,50404,50082,44973,47699,58986,60874,65649,63139,69630,69374,140753.5,151613.5,142467
8 h 6 min,21585,25063,24925,71421,73271,72091,65406,67806,61448,60885,55579,54832,53524,51323,48071,40871,41125,42875,48810,50538,50589,49617,45392,47932,58772,61650,65197,63189,69675,69117,140419,151759.5,142642
8 h 8 min,21459,24922,24760,71710,73168,72088,65883,67888,62112,60992,55088,54431,53601,50566,48129,40663,41244,43172,48815,50412,50961,49986,45495,47924,59021,61645,65689,63472,70473,69624,140755.5,152145.5,143197
8 h 10 min,21271,25146,24718,71636,73811,72147,65606,67879,61635,61360,55641,54985,52951,50641,48331,40754,41115,43223,48855,50273,50530,49624,45205,47717,58971,61554,65506,63814,70438,69442,141165,152615,143344.5
8 h 12 min,21420,25038,24516,71577,73434,72036,66438,68225,61502,60943,55619,54654,53355,50788,48288,40776,41384,43375,48661,50291,50858,50082,45674,47573,59845,61847,66172,63652,70382,69502,141895.5,153449.5,143890.5
8 h 14 min,21598,24881,24446,71438,73974,72409,65975,67909,61909,61277,55693,55282,53281,50850,48118,40684,41533,43304,49167,50248,50621,50155,45849,47563,59297,62019,65926,64096,70157,70066,141878,153947.5,144176
8 h 16 min,21468,25151,24396,71979,73498,72247,65979,68073,61329,61552,55156,54772,53367,50356,48083,40587,41683,42948,48912,50409,51397,49890,45809,48011,59882,62413,65699,64025,70555,70003,141707.5,154197,144614.5
8 h 18 min,21283,25181,24297,71231,74229,72424,66383,68578,61714,61103,55380,55321,53435,50895,47867,40548,40990,43586,48906,50124,50954,50077,45783,47699,59771,61950,66624,64199,70548,69597,142237.5,154353,144861
8 h 20 min,21388,24718,24211,71883,74169,72043,66180,68694,61643,61167,55588,54623,53078,50800,48673,40852,41187,43490,49330,50642,51102,50858,45734,47446,59708,62140,66289,64691,70927,69620,142465,154637.5,145132
8 h 22 min,21565,25109,24168,72166,74620,73167,66248,69011,61695,61330,55455,54616,53270,50685,48142,40432,41139,43529,49129,50568,51590,50651,45865,47494,59946,62753,66516,64635,70940,70374,142573.5,155061,145234
8 h 24 min,21454,25009,24302,72289,74703,72572,66446,69014,62004,61697,55228,55127,53356,50796,48644,40861,41075,43936,49289,51021,51300,50318,45949,47546,59740,62999,66187,64614,71120,69618,143138.5,155252,145879.5
8 h 26 min,21107,25134,24062,71140,74302,72253,66805,68840,61473,62262,55480,54854,53313,50683,48389,40570,41274,43811,49373,50718,51568,50435,46241,47336,60126,62503,67158,64643,71908,70273,143161.5,155667,146027
8 h 28 min,21291,24955,23987,71711,74639,72710,67093,69260,61928,61419,55093,55035,53294,50579,48682,40660,40806,43877,49304,50660,51140,50488,45849,47372,60376,62784,67050,65011,71340,69917,143218,156007.5,146585
8 h 30 min,21441,25028,24087,72083,74394,73078,67175,69430,61555,61424,55609,54887,53523,50225,48739,40656,41176,43670,50173,50760,51607,50635,46075,47032,60415,63263,67565,65527,71676,70380,143117.5,155817,147129.5
8 h 32 min,21200,24717,24038,72074,74751,72606,67408,69193,62140,61327,55648,55030,53668,50633,48211,40216,40774,43624,49292,50986,51354,50674,46122,47410,60301,63731,67012,65804,71326,70607,143739.5,156314.5,146970.5
8 h 34 min,21111,24880,24128,71656,75224,72554,67428,69635,61769,62019,54858,55014,53214,50345,48207,40660,41344,44002,49430,51008,51352,50800,46239,47140,60456,63273,67571,65558,71404,70544,143539,157294,147043.5
8 h 36 min,21168,24888,23894,72068,75220,73122,67275,69622,61793,61672,55376,55286,53578,50599,48462,40338,41080,43755,49463,50728,51463,50855,46425,47307,60580,63234,67571,65930,72057,70450,143571,157510.5,147541.5
8 h 38 min,21565,24953,24141,72176,75604,72559,67712,69675,61660,61968,55398,55299,53620,50293,48954,40327,41081,43842,49825,50893,51458,50888,46135,47387,61037,63397,67773,66209,72055,70544,144039.5,157241,147193
8 h 40 min,21326,24745,23766,71297,75206,72963,67589,70329,61527,61895,55147,54612,53066,49893,48261,40584,41071,44531,50009,51182,51565,51427,46579,47143,60992,63713,68320,65974,71362,70466,143997,157531,147673.5
8 h 42 min,21290,25093,24042,71434,75403,72958,67868,69737,61296,62282,55525,55114,53897,50034,47881,40243,40965,43946,49685,51100,51710,51211,46575,46879,61404,63708,67434,66258,72278,70158,143984.5,157752.5,147797.5
8 h 44 min,21117,25036,23569,72165,75439,72703,68171,70290,61688,62127,55256,54912,52743,50497,48171,40136,40947,44367,49431,51642,52009,51136,46516,46927,61502,63503,68527,66283,72034,70592,144576.5,157888.5,148440
8 h 46 min,21132,24880,23786,71346,75724,72472,68066,70700,61544,62044,54762,54648,53439,50247,48170,40320,40901,44260,50055,51522,51876,51190,46746,46936,61268,63795,68520,66590,72458,70461,144341,157941,148356.5
8 h 48 min,21166,24998,23858,71307,75190,72745,68047,70475,61540,62024,55150,54701,53245,49853,48424,40216,40536,43817,50423,51192,51750,51795,46574,46750,61875,63852,68825,66643,72551,70601,144362,158388.5,148794
8 h 50 min,21249,24549,23923,71672,74907,73303,68350,70119,61352,61755,54647,55077,53301,50514,48251,40163,40763,44501,49984,50885,52166,51696,46962,46970,60862,63682,68644,66438,72097,71103,144555.5,159083,148806.5
8 h 52 min,21290,24673,23593,71297,75496,72556,68100,70815,61775,61959,55145,54811,53440,50139,48301,40262,40534,44533,50140,51506,52161,51292,46829,47113,61541,63891,68520,66802,72172,70776,144655.5,158556.5,148786
8 h 54 min,21354,24664,23766,71327,75599,72889,68453,71282,61128,62124,54932,54771,53071,49707,48531,40347,40615,44232,50118,51689,52165,51787,46952,46915,61688,64453,68472,66379,72181,70387,144282.5,158656,148655
8 h 56 min,20966,24583,23530,71556,76129,73129,68759,70821,61137,62432,54696,55032,53159,50132,48086,39988,40973,44470,50014,51275,51977,51150,47157,47358,61495,64513,69445,67037,72744,70782,144462.5,159102,149269.5
8 h 58 min,21217,24567,23436,71104,75549,73229,68890,71378,61363,62212,54630,55019,53601,49705,48069,39901,40595,44473,50104,51644,52103,51838,46979,46967,61635,64485,69217,67253,72612,70763,144265.5,158449,149069.5
9,20954,24443,23638,71480,76246,73230,69032,71208,61544,62041,55006,54863,53522,49958,48142,39827,40231,44465,50480,51752,52457,51821,47332,47174,62510,64674,69901,67301,72700,70780,144469.5,159218,149036.5
