time,15 nM,15 nM,15 nM,12 nM,12 nM,12 nM,10 nM,10 nM,10 nM,7 nM,7 nM,7 nM,5 nM,5 nM,5 nM,3 nM,3 nM,3 nM,0 nM,0 nM,0 nM,Negative,Negative,Negative
0 h ,16600,15740,16591,16087,16752,15931,17128,16009,15309,16348,17025,17543,16134,16269,16015,15547,16485,16457,15388,15883,14598,15792,15460,15984
0 h 2 min,16450,15841,16517,15878,16347,15600,16777,15523,15439,16190,16653,17074,15842,15951,15895,15382,16545,16231,15128,15527,14256,15740,15062,15966
0 h 4 min,16580,15692,16354,15988,16149,15405,16718,15627,15716,16187,16503,17273,15763,15993,15736,15176,15940,16072,15155,15484,14177,15206,15211,16140
0 h 6 min,16393,15693,16094,16003,16096,15649,16398,15660,15512,16183,16291,16912,15704,15919,15560,15234,16323,16058,15152,15696,14166,15047,15042,15662
0 h 8 min,16436,15752,16500,15982,16079,15673,17018,15383,15321,15958,16205,17147,15969,15726,15489,14828,16262,16225,14946,15467,14287,15232,14939,15567
0 h 10 min,16279,15827,16608,16012,16037,15537,16824,15510,15426,16295,16390,16929,15939,15657,15598,15009,16183,15952,14874,15559,14320,15128,15017,15428
0 h 12 min,16368,15620,16609,16152,16172,15660,16620,15611,15366,16274,16208,17057,15988,15511,15596,14845,16315,15876,14678,15641,14554,15384,14809,15413
0 h 14 min,16424,15706,16775,16442,16133,15713,16960,15828,15717,16589,16481,16922,15828,16052,15397,14619,16466,15996,14986,15741,14530,15204,15117,15608
0 h 16 min,16520,15918,16769,16558,16386,15712,17178,15870,15810,16464,16463,17119,16290,16420,15670,14933,16546,16256,14956,15941,14624,15626,15140,15663
0 h 18 min,16687,16241,17090,16623,16498,16098,17377,16248,16107,16723,16378,17461,16203,16608,15547,15277,16862,16362,14875,15874,14991,15510,15159,15765
0 h 20 min,16877,16204,17128,17046,16716,16487,17233,16162,16220,17053,16686,17404,16264,16735,15677,15634,16812,16290,15098,15927,14921,15588,15237,15844
0 h 22 min,16979,16638,17435,17112,16736,16554,17829,16508,16516,17054,16965,17890,16702,16708,15724,15535,16999,16550,15525,16069,14955,15432,15236,15895
0 h 24 min,17050,16782,17786,17144,16834,16642,17929,16743,16602,17044,17128,17890,16731,17081,16050,15601,17044,16459,15282,16374,14986,15492,15228,16098
0 h 26 min,17586,16818,17716,17277,17288,16765,17923,16942,16893,17441,17092,17966,16848,17126,15944,15797,17355,16922,15660,16141,15366,15721,15405,16168
0 h 28 min,17445,17306,18174,17523,17560,17072,18210,17121,17116,17235,17189,18174,17025,17374,16175,15917,17557,17098,15505,16328,15360,15363,15487,16118
0 h 30 min,17613,17239,18264,17666,17663,17088,18330,17323,17264,17481,17376,18247,17164,17532,16332,15947,17586,17102,15831,16634,15368,15856,15330,16319
0 h 32 min,17936,17788,18482,17931,17772,17881,18479,17257,17178,17416,17487,18168,17218,17281,16577,16278,17449,17432,15738,16731,15584,15582,15558,16354
0 h 34 min,18352,17587,18708,17866,17557,17588,18631,17806,17517,17882,17691,18526,17453,17717,16713,16155,17707,17383,15787,16790,15673,15652,15554,16320
0 h 36 min,18120,18205,18954,18310,17998,17934,18728,18209,17883,18226,17946,18757,17500,17781,16718,16246,17754,17804,15961,16954,15640,15902,15304,16288
0 h 38 min,18551,18332,19109,18458,18240,18157,18840,18253,18017,18321,17824,18982,17750,17960,16877,16663,17768,17620,16061,17095,15786,15743,15554,16218
0 h 40 min,18880,18484,19407,18834,18654,18245,19055,18406,18313,18078,17959,18840,17609,18105,17054,16726,17930,17544,16295,17159,15881,15912,15496,16161
0 h 42 min,19367,18696,20079,19023,18783,18560,19362,18428,18325,18477,18422,19049,17714,18203,17379,16550,18064,17842,16280,17071,16087,15866,15701,16297
0 h 44 min,18929,18928,20104,19073,18881,18723,19499,18684,18380,18772,18676,19269,17607,18775,17164,16742,18670,17670,16567,17186,15963,16006,15691,16448
0 h 46 min,19480,19324,20181,19099,19176,18917,19632,18845,18778,19082,18607,19518,18154,18677,17540,16800,18409,18220,16554,17530,16132,16029,15809,16324
0 h 48 min,19507,19230,20687,19721,19311,19170,20031,19533,18921,19136,18860,19594,18184,18837,17529,16789,18454,18440,16765,17501,16301,15865,15769,16677
0 h 50 min,19792,19966,21048,19916,19596,19322,19893,19274,19107,19331,18855,19866,18477,18847,17746,17131,18961,18324,16870,17862,16425,16113,15905,16718
0 h 52 min,20203,20085,21379,20222,20054,19743,20386,19703,19272,19537,19057,20005,18646,18917,18034,17368,19047,18410,16897,17843,16390,16403,15802,16513
0 h 54 min,20662,20400,21833,20563,20251,20129,20647,20210,19513,19673,19102,20369,18792,19061,18042,17230,19095,18693,16933,17931,16639,16404,16122,16654
0 h 56 min,20688,20710,21946,20688,20540,20538,20677,20142,19780,19800,19294,20492,18878,19136,18126,17285,19305,19056,16932,17962,16596,16418,15873,16671
0 h 58 min,21060,21053,22345,20851,20575,20830,21163,20321,19931,20014,19924,20595,18978,19539,18642,17604,19573,19026,17255,17972,17010,16405,15960,16865
1,21369,21023,22700,20934,20736,20796,21175,20735,20258,20082,19860,20834,18911,19959,18761,17703,19597,19459,17367,18278,16915,16566,15927,16753
1 h 2 min,21727,21524,23059,21527,20998,21524,21294,20874,20115,20427,19892,21086,19422,19864,18905,17982,19807,19474,17418,18322,16987,16473,16107,16790
1 h 4 min,21990,22033,23429,22021,21178,21593,21594,21211,20481,20623,19938,21032,19479,19633,19106,17848,19952,19614,17704,18625,17261,16619,16075,16885
1 h 6 min,22341,22655,23801,22373,21805,22006,22113,21454,20736,20883,20185,21268,19846,19967,19081,18175,19978,19652,17644,18614,17276,16311,16386,16897
1 h 8 min,22578,22859,24114,22579,22237,22401,22286,22147,21107,21169,20735,21519,19787,20167,19359,18268,20510,19950,17842,18668,17525,16383,15962,16903
1 h 10 min,22754,23180,24485,22863,22372,22726,22425,21774,21300,21473,20854,22103,20065,20461,19385,18293,20358,19865,17787,18777,17472,16197,16373,17023
1 h 12 min,23222,23716,25221,23329,22399,22891,22485,22101,21508,21709,20884,22153,20251,20534,19675,18508,20706,20092,18027,18954,17713,16414,16219,16905
1 h 14 min,23578,23749,25517,23628,22804,23095,23288,22341,21729,21520,21136,22376,20458,20717,19719,18752,20917,20330,17977,19117,17704,16474,16310,17177
1 h 16 min,23712,24137,25512,24038,23124,23396,23328,22876,22110,21917,21289,22497,20518,21003,20200,18914,20720,20174,18129,19168,17584,16293,16391,17179
1 h 18 min,24280,24693,26187,24384,23551,23787,23454,23107,22373,22179,21420,22876,20735,20972,20071,19024,20982,20368,18441,19119,18057,16808,16476,17115
1 h 20 min,24623,25047,26864,24723,24148,24214,23956,23403,22550,22319,21852,23219,20897,21343,20328,19051,21482,20760,18216,19339,18194,16751,16351,17336
1 h 22 min,24958,25602,27184,25434,24371,24654,24484,23774,22769,22891,22122,23162,21260,21163,20436,19024,21371,20800,18416,19516,18274,16635,16445,17116
1 h 24 min,25417,25727,27369,25370,24855,24712,24409,24461,22954,22953,22420,23421,21287,21373,20664,19298,21342,20990,18597,19744,18065,16749,16559,17073
1 h 26 min,25644,26011,28264,25991,24772,25349,25026,24339,23343,23267,22667,23685,21340,21541,20897,19045,21680,21064,18956,20047,18330,16770,16492,17302
1 h 28 min,25950,26701,28657,26497,25536,25752,25387,25077,23876,23407,22880,24060,21787,21586,21022,19378,21919,21357,18724,20035,18494,16632,16750,17207
1 h 30 min,26504,27321,28939,26783,25696,26222,25534,25027,23926,23715,23172,24368,21899,21882,21106,19519,22234,21339,18964,20158,18725,16756,16749,17390
1 h 32 min,26745,27864,29449,26974,26502,26449,26028,25273,24478,24096,23609,24472,21979,21686,21302,19631,22014,21874,18858,20434,18772,16892,16465,17705
1 h 34 min,27002,28131,29777,27798,26558,27017,26145,26060,24514,24285,23803,24577,22065,22413,21392,19933,22688,21929,19169,20300,18663,17090,16621,17547
1 h 36 min,27884,28400,30140,28183,26950,27547,26663,26471,24747,24538,23958,25179,22217,22583,21958,19858,22487,21889,19497,20626,18931,16914,16888,17625
1 h 38 min,28126,28669,30935,28532,27185,27539,27028,26725,25116,24962,24287,24830,22463,22454,21830,19893,22828,22235,19293,20511,19140,17170,16856,17549
1 h 40 min,28691,29417,31581,29038,27645,28195,27348,27219,25425,25446,24546,25480,22992,22492,22068,19885,23176,22283,19234,20912,18929,16988,16916,17620
1 h 42 min,29228,29641,32088,29707,27983,28552,27697,27331,25668,25578,25353,26103,22803,22756,21935,20244,23248,22857,19579,20928,18833,17257,16858,17502
1 h 44 min,29420,30188,32439,30199,28442,28852,28193,27968,25997,25585,25087,26002,23099,23241,22392,20211,23620,22602,19719,21004,19144,16971,16720,17574
1 h 46 min,29817,30443,32755,30453,28697,29608,28557,28365,26448,25765,25446,26273,23361,23034,22603,20627,23625,22875,19765,21301,19577,17101,16904,17781
1 h 48 min,30169,30970,33413,31040,29398,30072,28852,28838,26733,26189,25940,26658,23463,23496,22795,20639,23735,22948,19671,21216,19597,17179,16971,17758
1 h 50 min,31012,31178,33643,31308,29896,30205,29302,29373,27072,26692,25927,26803,23896,23627,23019,20800,23758,23341,19976,21272,19679,17199,16731,17601
1 h 52 min,31257,31771,34181,31847,30450,30932,29941,29322,27316,26780,26403,27099,23740,23613,23128,20903,24021,23340,20120,21446,19524,17239,16999,17886
1 h 54 min,31753,32117,34718,32375,30485,31230,30001,30093,27627,27270,26716,27492,24011,24051,23375,20874,24205,23662,20358,21691,19850,17445,17313,17779
1 h 56 min,31864,32973,35088,32909,30798,31452,30586,30422,28322,27241,26957,27614,24127,24379,23441,21167,24154,23678,20377,21483,19963,17324,17373,18129
1 h 58 min,32009,32961,35580,33723,31750,32293,31071,30458,28192,27768,27739,28011,24594,24361,23651,21232,24468,24099,20658,22063,19945,17315,17203,18026
2,33127,33742,36186,33744,31751,32339,31546,31207,28344,28091,27950,28086,24581,24422,23946,21198,24539,23964,20583,22093,20265,17308,17245,17973
2 h 2 min,33539,33894,36920,34403,32095,33052,31674,31469,28892,28112,28086,28366,24938,24841,24002,21352,24862,24035,20552,22001,20401,17718,17163,18123
2 h 4 min,33784,34498,37057,34807,32908,33410,32386,32477,29348,28499,28342,28530,25244,24889,24106,21498,25274,24515,20864,22257,20454,17358,17413,18318
2 h 6 min,34110,34680,37557,35307,33424,33968,32949,32336,29867,28719,28906,29225,25215,25199,24530,21753,25439,24679,20762,22389,20378,17681,17357,18051
2 h 8 min,34713,35258,38141,36350,33470,34221,33090,32972,30080,29421,29257,29164,25682,25378,24829,21769,25636,24714,21143,22679,20729,17423,17421,18182
2 h 10 min,34907,35426,38918,36341,34125,34624,33583,33497,30615,29848,29866,29580,25485,25695,25162,21989,25968,24954,21281,22513,20904,17681,17336,18344
2 h 12 min,35719,36099,39152,37115,34652,35116,34102,33903,30456,30214,29962,30032,26001,26046,25190,22057,25890,25082,21153,22784,20680,17765,17445,18178
2 h 14 min,36358,36812,39791,37561,35132,35647,34861,34602,31337,30379,30390,30350,26081,25997,25575,22044,25982,25425,21472,23093,21102,17591,17676,18457
2 h 16 min,36689,37155,40151,37991,35606,36286,35241,34864,31404,30337,30654,30794,26231,25987,25556,22217,26375,25353,21407,23224,21260,17964,17624,18526
2 h 18 min,37087,37588,40732,38456,36056,36553,35656,35427,32027,31229,31404,30862,26374,26352,25258,22247,26442,25773,21497,23288,21214,17970,17682,18275
2 h 20 min,37951,37935,41336,39191,36595,37128,36156,35834,31961,31221,31597,31013,26683,26472,25815,22357,26584,25835,21850,23545,21290,17981,17833,18258
2 h 22 min,37975,38450,41813,39334,37299,37575,36643,36523,32892,31815,32124,31631,27061,26762,26056,22481,26655,26241,21887,23519,21521,18199,17735,18326
2 h 24 min,38815,39228,41903,40150,37383,37943,36851,36762,32909,32186,32556,31975,27186,27181,26128,22725,27025,25960,21652,23397,21560,17991,17928,18640
2 h 26 min,39286,39790,42803,40588,37743,38197,37476,37121,33457,32370,32871,31922,27101,27096,26482,22597,27413,26376,21922,23880,21718,17920,18002,18658
2 h 28 min,39322,39958,43289,41295,38670,39228,38366,38038,33419,32714,33018,32508,27806,27280,26803,22810,27577,26022,22188,23699,21723,18299,18032,18617
2 h 30 min,39837,40333,43719,41369,38983,39721,38826,38665,33989,32797,33692,32779,27836,27619,27182,23137,27651,27059,22135,23700,21854,17883,18061,18871
2 h 32 min,40311,40958,44136,42363,39402,40238,39138,38777,34713,33670,33921,32999,28035,27623,27294,23140,28114,26757,22445,24115,22247,18260,18079,18556
2 h 34 min,41223,41029,44763,42832,39890,40821,39634,39484,34922,34134,34503,33708,28320,27806,27197,23769,27838,26927,22755,24495,22146,18286,18208,18891
2 h 36 min,41479,41964,45303,43555,40562,41223,39967,39773,35330,33969,34938,33967,28598,28452,27359,23338,27967,27011,22932,24492,22555,18286,18104,18818
2 h 38 min,41910,42583,45890,43933,40694,41563,40807,40650,36069,34659,34989,34284,28861,28585,28072,23479,28346,27421,22703,24570,22588,18204,17996,19025
2 h 40 min,42535,42555,46122,44065,41186,42217,41045,40877,36293,35067,35438,34663,29203,28972,27908,23895,28688,27555,22982,24661,22742,18309,18323,18933
2 h 42 min,42957,43077,46887,44622,41860,42726,41807,41599,36127,35134,35908,34819,29300,29120,28269,23889,28572,27739,23118,24752,22527,18617,18380,19129
2 h 44 min,43295,43554,47311,45781,42284,43163,42628,41946,37207,35578,36624,35546,29626,29055,28422,23949,29234,27883,23233,24755,23052,18414,18296,19143
2 h 46 min,43969,44222,47768,46165,43058,43547,42670,42449,37621,36115,37269,35465,29956,29664,28814,23981,29600,28037,23314,24710,22756,18413,18144,19339
2 h 48 min,44272,44016,48357,46417,43541,44119,43286,42712,37877,36459,38035,35954,30220,29653,28914,24220,29435,28808,23222,25369,23017,18342,18690,19390
2 h 50 min,44876,45028,48391,47056,43853,44722,43209,43434,37998,36983,38257,36041,30181,29858,28958,24592,29346,28450,23512,25290,23403,18721,18409,19248
2 h 52 min,45551,45042,49431,47523,44826,45234,43993,44397,38975,37175,38890,36971,31051,30051,29361,24421,29642,28321,23631,25292,23309,18835,18731,19295
2 h 54 min,45930,45861,50105,48214,45063,45422,44805,44461,39194,37429,39282,37120,30522,29983,29430,24305,29984,28933,23935,25631,23485,18734,18654,19296
2 h 56 min,46245,46210,50329,48370,45260,46375,45054,45131,39773,38109,39484,37669,31170,30827,29910,24787,29974,28841,24164,25601,23612,18883,18722,19502
2 h 58 min,46701,46832,51035,48846,45999,46749,45524,45790,39932,38515,40245,37539,30767,30900,30034,25011,30305,29064,23731,25903,23712,19036,18902,19339
3,47458,47293,51504,49683,46541,46634,45896,46109,40662,38555,40260,37870,31731,30783,30522,24909,30429,29363,24164,25923,23666,19034,18627,19878
3 h 2 min,47485,47626,51512,50091,47343,47310,46515,46545,40874,39167,41390,38682,31731,31212,30280,25208,30942,29771,24172,26142,23900,18838,18815,19558
3 h 4 min,48340,47710,52403,50565,47451,48086,46887,46982,41419,39807,41629,38850,32103,31285,30763,25183,30776,30068,24213,26270,23949,18901,18830,19765
3 h 6 min,48808,48428,52318,51182,48206,48348,47593,47194,41198,39791,42273,39515,32088,31908,30975,25442,31192,30176,24049,26227,23973,19144,18789,19762
3 h 8 min,48997,48851,53466,51393,48485,48776,48528,48019,42349,40094,42615,39740,32830,31864,31465,25330,31364,30253,24915,26720,24333,19372,19146,19687
3 h 10 min,49285,49170,53156,52266,48774,49776,48454,48611,42303,40720,43389,40313,32743,32450,31740,25397,31569,30724,24784,26446,24559,19330,18984,19755
3 h 12 min,49920,49842,53361,52717,49783,50315,49250,49116,42932,41268,44146,40614,32986,32203,31482,25522,31747,30547,24838,26690,24794,18884,19400,19889
3 h 14 min,50107,50208,54024,53219,49704,50104,49569,49571,43682,41271,44823,40544,33665,32915,31953,25828,31710,31045,25206,26939,24799,19515,19331,20049
3 h 16 min,50436,50736,55117,53354,50716,50572,50029,49786,43913,41839,45448,41475,33261,32788,31938,25824,32144,31211,24894,26911,24656,19294,19424,19806
3 h 18 min,50679,51188,55542,53474,50908,51074,50312,50847,44144,42532,45429,41483,33915,32992,32665,26233,32342,31280,25160,27250,24666,19484,19337,20195
3 h 20 min,51545,51591,55919,54763,51563,51344,51091,51373,44434,42190,46440,41503,34345,33504,32810,26090,32334,31498,25201,27568,25106,19456,19355,20091
3 h 22 min,52085,51658,55923,54407,51902,52284,51201,51425,44881,42854,46687,42151,34130,33641,33031,26294,32276,31460,25347,27475,25475,19409,19309,20174
3 h 24 min,51920,52568,56738,55471,52290,52271,51722,51479,45608,43523,47288,42629,34765,33876,33231,26346,32858,31479,25609,27690,24995,19773,19624,20184
3 h 26 min,52894,52564,56682,55834,52760,52674,52895,52121,45864,43643,48053,43236,34788,34052,33676,26901,33266,31785,25855,27568,25428,19719,19711,20309
3 h 28 min,53305,52742,57352,56025,53136,53233,52960,52917,46547,44254,48606,43641,34886,34166,33775,26798,33441,32240,25910,27831,25454,19796,19822,20227
3 h 30 min,53377,53199,57299,56923,53564,53532,53496,53092,46572,44087,48538,44179,35331,34573,33416,26908,33511,32170,26085,27820,25427,19793,19600,20489
3 h 32 min,53857,53639,58148,56803,53231,54057,53976,53616,47314,44861,49490,45008,35568,34940,34245,26993,34092,32052,25968,28257,25842,19711,19894,20382
3 h 34 min,54309,54501,58651,57229,54673,54887,54045,54351,47350,44902,50145,45216,35760,34948,34365,27152,34010,32422,25845,28422,25619,19858,19487,20528
3 h 36 min,54820,54505,59383,57914,54842,55153,54823,54761,47363,45701,50735,44981,36129,35098,34420,27318,34674,33060,26028,28363,26050,19833,19806,20414
3 h 38 min,55007,55024,59344,58749,55290,55414,55013,55434,47798,46357,51251,46110,36074,35502,34844,27612,34447,32983,26468,28610,26083,19774,20066,20502
3 h 40 min,55865,54823,59599,59545,55633,55686,55728,55823,48240,46414,51901,46507,36538,35705,34953,27460,34332,33210,26409,28520,26108,20203,20051,20619
3 h 42 min,56337,55263,60369,59191,56418,56356,56240,56395,48812,46936,52408,47045,36792,35927,35094,27795,34307,33437,26734,28646,26450,20060,19870,20751
3 h 44 min,56800,56451,60051,59965,56839,56564,56618,56621,49384,47402,52716,47052,37028,36313,35375,27676,35074,33822,26764,28729,25979,20200,19899,20820
3 h 46 min,56841,56248,61199,60460,57612,57121,56590,56950,49578,47313,53923,47571,37439,36281,35624,28180,34852,33871,26775,28791,26491,20005,20234,20875
3 h 48 min,57466,57052,61394,60793,57644,57756,57236,57556,50293,48122,53580,48114,37293,37083,36025,28412,35162,33943,26979,28938,26672,20319,19876,20759
3 h 50 min,57675,57777,61804,61612,57514,57984,57711,58185,50526,47902,54023,48427,38088,36562,35889,27882,35595,33906,26864,29066,27016,20264,19971,21002
3 h 52 min,57642,57321,62353,62233,58502,58235,58252,58353,50699,48513,54348,49212,38305,37434,36258,28946,35548,34386,27307,29462,26881,20170,20236,20943
3 h 54 min,58706,57553,63175,62273,58657,59150,58903,59307,51112,49063,55306,49877,38720,38115,36535,28911,35772,34461,27342,29626,26822,20272,20320,20970
3 h 56 min,58727,57818,62863,63057,59198,59271,59604,59891,51607,48909,55728,50188,39108,37646,36554,28693,35968,34712,27268,29580,27429,20392,20430,21255
3 h 58 min,59135,57935,63363,63883,59731,59967,59384,59471,52353,49696,56681,50667,38706,38215,36938,29144,36389,34484,27631,29966,27103,20403,20222,21044
4,59382,58389,63833,63706,60288,60420,60460,60800,52717,50337,56975,50773,39119,38198,37499,29159,36188,35159,27493,29812,27026,20464,20413,21096
4 h 2 min,59770,59057,64207,64500,60644,60440,60925,60843,53200,50135,57503,51468,39721,38554,37649,28901,36665,35382,27543,30174,27389,20465,20339,21070
4 h 4 min,60379,59519,63956,64977,61374,60754,61277,60971,53477,51155,58018,51816,39865,38662,37476,29991,37154,35288,27880,30180,27299,20890,20533,21283
4 h 6 min,59894,60031,64736,65373,62086,61550,61239,61480,54248,51307,58418,51999,40274,39124,37979,29576,37168,35561,27901,30329,27260,20830,20371,21055
4 h 8 min,60713,59656,65009,66122,62138,62150,62289,61903,54842,51543,58991,53048,40676,39193,38366,29515,37188,36005,28089,30222,27429,20757,20744,21228
4 h 10 min,61051,60088,65748,66842,62399,62329,62103,62349,55183,52126,59386,53274,40946,39944,38511,29771,37598,35651,28137,30462,27750,20759,20553,21278
4 h 12 min,61586,61172,65690,67005,63157,62877,62563,62738,55702,52583,60100,53428,41358,40037,38943,30037,37539,36082,28342,30847,27443,21190,20960,21602
4 h 14 min,61567,60729,66195,68050,63166,63122,63397,63074,56031,52485,60756,53952,41119,40198,39194,30374,37394,36734,28559,30669,27726,21220,20973,21615
4 h 16 min,61622,61049,66717,67929,64558,63423,63849,63827,56426,52849,60880,54389,41532,40050,39294,30116,37958,36753,28420,30877,27933,21015,20740,21961
4 h 18 min,62407,61915,66614,68751,64376,63843,64074,64167,56655,53650,61420,55264,42109,40522,39740,30127,38341,36848,28800,30869,28328,21153,20779,21750
4 h 20 min,62399,61727,66717,69171,65038,64124,64689,64620,56986,54049,62156,55225,42194,40716,39862,30091,38501,36824,28881,31234,28275,21259,21027,21733
4 h 22 min,62703,62110,67310,69014,65355,64184,65136,64876,57565,54637,62470,55146,42261,41065,40206,30410,38809,37603,28976,31310,28307,21441,20947,21708
4 h 24 min,63394,62363,67699,70320,65750,64682,65504,65499,57936,55218,62702,56407,42733,41261,40048,30700,38763,37557,29154,31343,28275,21393,20869,21758
4 h 26 min,64131,62367,67955,70022,66076,65341,65729,65838,58093,56009,63512,56174,43156,41340,40784,30669,39202,37696,29190,31432,28883,21637,20728,22189
4 h 28 min,63965,63057,67986,71189,67072,65600,66068,66694,59061,56208,63687,57213,42933,41759,41064,30782,39494,38106,29281,31779,28725,21568,21120,22293
4 h 30 min,64235,63232,68590,71584,67369,66090,66780,67203,59516,56042,64070,57549,43590,41620,41325,30960,39483,37642,29544,31495,29125,21555,20837,21829
4 h 32 min,64519,63527,68892,71496,68071,66677,67693,67605,59640,56720,65163,57680,44062,42350,41499,31273,39260,38339,29174,31807,29209,21919,21297,22360
4 h 34 min,64467,63408,69399,72245,68262,66923,67797,68299,59773,57276,65382,58524,43837,42236,41468,30847,39768,38430,29758,31922,29592,21537,21188,22439
4 h 36 min,64863,64331,69606,72820,68796,66808,68276,68486,60090,57979,65935,58318,44466,42747,41994,30989,39979,38354,29953,31714,29161,21630,21248,22401
4 h 38 min,65133,63959,69516,73231,69065,67286,68824,68655,60568,58135,66029,58845,44624,42925,41979,31085,40420,38700,29939,32029,29589,21740,21394,22603
4 h 40 min,65520,64536,70082,73996,69871,67871,69235,69547,61147,58656,66114,59244,44633,43152,42206,31628,40013,38913,29981,32173,29553,21904,21276,22841
4 h 42 min,66471,64717,70570,73879,70122,68480,69748,69430,61309,58504,66656,59928,45500,43601,42890,31444,40585,38868,29801,32038,29591,21970,21879,22624
4 h 44 min,65915,64616,70342,74067,70195,68665,70049,70024,61604,59154,67241,60243,45537,43298,42984,31496,40376,39090,30179,32295,30107,21968,21773,22983
4 h 46 min,65892,64841,70462,74506,70786,69096,70418,70771,62114,59761,68212,60434,45619,43751,43160,31341,40492,39590,30505,32443,30043,21829,21509,22690
4 h 48 min,66975,65585,71061,75544,71410,69586,71544,71150,62911,60219,68722,61113,45669,43989,43415,31821,40887,39425,30580,32228,29930,21882,21656,22686
4 h 50 min,67264,65936,71873,75752,71382,70064,71366,71233,62933,60322,69123,60983,46313,44257,43565,31505,41276,39176,30355,32664,29904,22084,21888,23001
4 h 52 min,66841,65811,71683,75933,72390,69956,71899,71559,63091,61134,69758,61672,46164,44608,43996,31500,41445,39773,30370,32776,29966,21921,21767,22711
4 h 54 min,67513,66064,72176,76150,72911,70507,72136,71849,63851,61355,69841,61906,46862,44400,44411,31585,41056,39524,30649,32998,30513,22116,21428,22901
4 h 56 min,67587,66554,72159,76366,72961,70887,72373,72815,63585,61440,70349,62226,47049,44574,44492,32056,41074,39860,30780,32731,30289,22321,21675,22877
4 h 58 min,68115,66337,72510,77061,73313,71306,72923,72741,64472,62326,70468,62924,47054,44609,44953,32304,41634,40028,30968,32451,30525,22097,21688,23059
5,67924,66105,72393,77271,73113,71385,73811,73169,64491,62722,70879,63007,47202,45299,44545,31988,41920,40318,30638,32683,30422,22308,21661,23018
5 h 2 min,68140,66904,72938,77853,74091,72364,73941,74174,64922,62497,71318,63996,47380,45405,45183,32413,41699,40150,30660,32813,30614,22272,22220,23159
5 h 4 min,68404,67073,73314,78032,74909,72177,74163,73955,65412,62969,71939,64045,48175,45572,45105,32452,41679,40162,31213,32851,30413,22303,21851,23297
5 h 6 min,68925,67026,73546,78324,74899,72749,74807,74544,65320,63656,72226,64625,48087,45834,45460,32141,41986,40583,31283,32965,30758,22183,21810,22882
5 h 8 min,68959,67871,73731,78509,75577,73023,75369,75111,65689,64526,73113,64544,48174,46126,45488,32473,42127,40454,31364,33099,30636,22307,22223,23104
5 h 10 min,69255,67329,74077,78894,75386,73186,75987,75555,65992,63906,73498,65120,48937,45487,45938,32389,42262,40844,31144,33151,30969,22245,22293,23370
5 h 12 min,69640,68022,74074,79934,76017,74062,75977,76268,66568,64552,73491,65549,48579,45967,46204,32539,42037,40795,31327,33299,31406,22167,22201,23457
5 h 14 min,69701,67836,74280,80101,76347,74531,76348,76505,67116,64888,73882,65683,48645,46270,46464,32029,42314,40919,31461,33206,30755,22616,22288,23139
5 h 16 min,70117,68318,74813,80397,75981,74500,76234,76427,66555,65282,75363,66340,49184,46414,46646,32404,42592,41050,31352,33375,31118,22621,22155,23299
5 h 18 min,70261,68701,75416,80485,77160,74734,77204,76774,67854,65633,75122,66701,49653,46466,47175,32544,42422,41161,31410,32957,30921,22525,22303,23118
5 h 20 min,70736,68352,75170,80918,77276,74920,77519,77495,67574,66555,76047,67307,49823,46686,47144,32645,42379,41011,31534,32989,30935,22607,22432,23283
5 h 22 min,70884,68905,75280,81102,77597,75541,77534,77436,68534,65826,76045,67599,49933,46882,47399,32700,42629,41241,32043,33555,31339,22711,22410,23431
5 h 24 min,70429,68642,75930,81343,77250,76159,77953,78388,68080,66281,76280,67058,50393,47044,47501,33039,43311,41495,31751,33521,31201,22777,22555,23375
5 h 26 min,71003,68797,76022,81674,78556,76299,78415,78265,68452,66935,76563,68085,50542,47151,47310,33055,42880,41307,31778,33537,31212,22551,22471,23290
5 h 28 min,71013,68918,75843,82269,78927,76763,78766,78998,69256,66940,77188,68656,50807,47215,47500,32791,43289,41563,31867,33614,31282,22772,22527,23346
5 h 30 min,71586,69474,76599,82202,79675,76413,78482,79096,69345,67633,77497,68497,50828,47126,48055,33028,43134,41225,31628,33364,31212,22761,22395,23619
5 h 32 min,71578,69370,76096,82596,79055,76721,79740,78807,69432,68087,77869,69507,51041,47751,48423,32731,43287,41748,32049,33557,31302,22807,22677,23256
5 h 34 min,71395,69869,76339,82437,79635,77250,79571,79881,69900,68052,78289,70009,51169,47988,48157,32747,43294,41717,32072,33418,31465,22595,22562,23482
5 h 36 min,71804,70213,76967,83240,79998,78182,80046,79681,69715,68858,77937,69531,51024,48016,48538,32964,43813,41604,32064,33082,31503,22770,22446,23404
5 h 38 min,71917,70078,77279,83141,80487,78137,80932,80577,70338,68810,78884,70332,51795,48024,48552,33069,43617,42134,31884,33609,31316,22461,22671,23438
5 h 40 min,72177,70295,77221,83621,80561,78485,80501,80468,70905,68959,79016,70625,51603,48738,48783,33017,43755,42189,32221,33762,31295,22777,22795,23312
5 h 42 min,72289,70332,77073,83808,80839,78380,80852,80966,70723,69666,79609,70706,51965,48215,48935,33453,43455,42253,31997,33491,31822,22826,22684,23336
5 h 44 min,72156,69948,77685,83934,80863,79215,81401,80386,71141,69239,80490,71100,52373,48626,49198,33397,43550,42434,32010,33466,31610,22766,22802,23519
5 h 46 min,72655,70523,78152,84594,81242,78940,81391,80792,71139,70125,80539,71530,52695,48976,49417,33447,43577,42336,32275,33798,31302,22491,22692,23656
5 h 48 min,72701,70444,77559,83985,81760,79673,81660,81820,71328,70226,80166,71754,52654,49166,49745,33294,43858,42514,32406,33849,31771,22771,22736,23549
5 h 50 min,72901,70789,77936,84776,81556,79629,81684,82201,71867,70376,81317,71883,53047,49350,49519,33592,43856,42700,32121,33559,31755,22856,22804,23738
5 h 52 min,73241,70944,78350,85615,81818,80156,82835,82227,72208,70850,81408,72736,53237,49248,49788,34157,44097,42430,32125,33667,31643,22769,22619,23698
5 h 54 min,73022,71515,78186,85411,82409,80314,82941,82497,72521,71013,81830,73341,53181,49831,50326,33661,44173,42870,32075,33896,31798,22773,22722,23647
5 h 56 min,72898,71056,78427,85212,82364,80518,83248,81625,72630,71127,81808,73843,53472,49504,50421,33886,43956,42612,32173,34103,31473,22619,22912,23816
5 h 58 min,73631,71415,78742,85771,82911,81220,83627,82791,73097,71221,82353,73639,54149,49646,50690,33444,44096,43149,32355,33724,31605,22794,23227,23584
6,73861,71162,78953,86414,82694,81602,84387,83030,73464,72167,82389,73828,54184,49897,50309,33730,44171,43062,32371,34502,31919,22777,22868,23550
