time,Negative,Negative,Negative,To3 3 nM + Tr3 5 nM,To3 3 nM + Tr3 5 nM,To3 3 nM + Tr3 5 nM,To3 3 nM + Tr3 3 nM,To3 3 nM + Tr3 3 nM,To3 3 nM + Tr3 3 nM,To3 3 nM + Tr3 5 nM + aTr3 5 nM,To3 3 nM + Tr3 5 nM + aTr3 5 nM,To3 3 nM + Tr3 5 nM + aTr3 5 nM,To3 3 nM + Tr3 5 nM + aTr3 10 nM,To3 3 nM + Tr3 5 nM + aTr3 10 nM,To3 3 nM + Tr3 5 nM + aTr3 10 nM,To3 3 nM + Tr3 5 nM + aTr3 15 nM,To3 3 nM + Tr3 5 nM + aTr3 15 nM,To3 3 nM + Tr3 5 nM + aTr3 15 nM
0 h,22499,24619,25405,22902,23681,24213,24104,22905,23162,24101,25691,25590,25442,25094,25927,17941,22763,22628
0 h 2 min,22242,24068,24676,22266,22717,23613,23428,22163,22155,22577,24122,24017,24109,23886,25569,17712,21757,22290
0 h 4 min,21564,23068,23163,21281,21734,22146,22264,20880,20877,21545,22424,22435,22602,22596,25539,17744,20790,21191
0 h 6 min,20485,21835,21901,20339,20356,21077,21068,19634,19776,20197,21022,21346,21180,21195,25518,18134,19676,19421
0 h 8 min,19882,20426,20499,19330,19815,19671,20021,18398,18580,18326,19227,19284,19182,19857,25319,18558,18800,17978
0 h 10 min,19136,18640,18788,18231,18594,18301,18119,17150,16653,16954,18003,17547,17527,18230,25129,18570,17550,16470
0 h 12 min,17735,17738,17935,16983,17209,16955,16871,15904,16114,16734,17554,17242,17468,17073,24346,18770,16982,15800
0 h 14 min,16898,17531,17550,16645,16932,16976,16625,15677,15605,16473,17316,17023,17029,16891,24161,18848,16586,15737
0 h 16 min,16308,17446,17265,16573,16757,16532,16421,15523,15462,16573,17248,16902,16735,16731,23304,19179,16315,15741
0 h 18 min,16372,17205,17373,16728,16598,16747,16226,15618,15433,16454,17417,17069,17276,16796,22501,19839,16200,15425
0 h 20 min,16432,17125,17291,16581,17027,16785,16153,15437,15521,16510,17552,17159,16930,16520,21745,19849,16213,15680
0 h 22 min,16213,17302,17253,16817,17075,17110,16016,15331,15634,16497,17608,17050,16863,16490,21199,20271,16061,15898
0 h 24 min,16559,17031,17203,16850,17289,17233,16234,15390,15554,16828,17576,17215,17069,16766,19899,20455,16242,15596
0 h 26 min,16254,17015,17406,17436,17675,17547,16323,15479,15627,17206,17803,17607,17432,16827,18451,20478,16667,16031
0 h 28 min,16109,17228,17487,17453,17890,17698,16472,15763,15567,17199,18075,17365,17770,17003,17489,20541,17105,16236
0 h 30 min,16227,17535,17680,17875,18169,18050,16462,15725,15947,17429,18178,18020,17450,17075,16929,20785,17176,16273
0 h 32 min,16559,17311,17763,18054,18593,17964,16513,15791,15601,17481,18197,17821,17799,17171,17155,20922,17423,16533
0 h 34 min,16629,17668,18049,18666,18996,18801,16344,15997,15814,17587,18463,17876,17838,17318,16910,21438,17521,16506
0 h 36 min,16641,17685,17591,19064,19495,18789,16578,15876,15992,17636,18630,18338,17782,17455,16396,21362,17637,16619
0 h 38 min,16710,17748,18115,19446,19792,19524,16720,16041,16095,18002,18830,18266,18097,17572,16774,21995,17919,16681
0 h 40 min,16983,17914,18287,19926,20235,19880,16710,16066,16182,18180,19104,18490,18390,17691,16495,21963,17765,16974
0 h 42 min,16768,18257,18365,20432,20803,20136,16724,16153,16228,18138,19271,18664,18309,18100,16454,21944,17682,16982
0 h 44 min,17176,18006,18245,20654,21089,20439,17015,16240,16252,18360,19239,18901,18568,18287,16500,22237,17931,17124
0 h 46 min,17330,18189,18188,20986,21874,20723,17071,16437,16307,18390,19364,18995,18655,18207,16490,22219,18045,17231
0 h 48 min,17110,18168,18327,21664,22333,21480,16972,16359,16360,18522,19575,18887,18740,18168,16340,22264,18229,17350
0 h 50 min,17256,18549,18306,21959,22808,21706,16896,16174,16367,18783,19939,19327,19096,18452,16606,22524,18051,17301
0 h 52 min,17353,18164,18555,22555,23222,22387,17235,16348,16605,18867,20278,19606,19157,18833,16471,22593,18234,17790
0 h 54 min,17372,18109,18587,23460,24053,22816,17060,16184,16548,18977,20623,19801,19477,18702,16554,22753,18512,17561
0 h 56 min,17553,18551,18682,24136,24462,23199,17081,16237,16685,19138,20690,19738,19517,19152,16746,22809,18614,17942
0 h 58 min,17418,18277,18888,24490,25026,23968,17239,16750,16549,19445,20886,20097,19488,19210,16865,22809,18621,18386
1 h,17749,18786,18863,25448,25584,24234,17261,16500,16619,19612,20875,20286,19948,19310,16888,23034,18899,18390
1 h 2 min,17485,18467,18830,25856,25878,24786,17308,16570,16740,19788,21142,20516,19829,19373,17216,23109,18935,18454
1 h 4 min,17882,19014,18684,26332,26674,25252,17440,16545,16868,19949,21491,20663,20368,19741,17216,23098,19053,18541
1 h 6 min,17708,18600,18939,26838,26983,26297,17489,17034,17040,20449,21668,21065,20204,19886,17227,23236,19242,18539
1 h 8 min,17641,18649,18716,27332,27879,26349,17386,16769,16876,20335,22089,21285,20479,19988,17676,23396,19115,18960
1 h 10 min,17662,18696,18868,28024,28814,27176,17492,16897,16855,20473,22110,21511,20919,20277,17420,23341,19453,18925
1 h 12 min,17490,18694,18904,28848,29551,27958,17320,16848,17071,20660,22292,21221,21005,20170,17681,23075,19549,18915
1 h 14 min,17843,18873,19219,29642,30206,28181,17636,17185,17107,21055,22868,21992,21227,20515,17684,23472,19651,19190
1 h 16 min,17834,18908,18845,30377,30679,28959,17890,17110,17137,21267,22984,22619,21361,20838,17533,23513,19799,19380
1 h 18 min,17846,18951,18876,31055,31488,29750,17747,16963,17137,21272,23635,22252,21416,20657,17587,23203,19834,19113
1 h 20 min,18053,18960,19176,31804,32159,30280,17700,17293,17375,21543,23641,22477,21898,20951,17715,23516,19814,19810
1 h 22 min,17883,18819,19433,32406,33129,30552,17987,17493,17282,21535,23900,22736,21984,21023,17770,23658,19976,19641
1 h 24 min,17727,19030,19044,33095,33359,31461,17626,17372,17393,22009,24288,23088,22174,21520,17846,23413,20004,19955
1 h 26 min,18019,18886,19308,34072,34436,32325,18059,17327,17482,22276,24513,23275,22279,21250,18128,23871,20342,20205
1 h 28 min,17915,19187,19198,34391,35018,32884,18034,17611,17486,22543,24683,23521,22601,21408,18051,23566,20308,20250
1 h 30 min,18049,19232,19142,35591,35957,33580,18058,17728,17596,22603,24902,23719,22940,21673,18282,23462,20334,20415
1 h 32 min,18041,18910,19208,36215,36730,34016,18096,17481,17873,22667,25186,24101,22967,21802,18157,23183,20496,20468
1 h 34 min,18248,19142,19418,36956,37225,34724,17982,17818,17883,23218,25357,24350,23071,22234,18370,23363,20898,20579
1 h 36 min,17937,19087,19325,37756,38497,35453,18293,17600,17679,23383,25940,24709,23408,22239,18181,23421,20924,20540
1 h 38 min,17768,19273,19095,38556,39099,36146,18418,17546,17886,23666,26224,25088,23497,22394,18379,23479,21086,21134
1 h 40 min,17881,19335,19534,39223,39592,36908,18238,17880,17947,23702,26198,24984,23795,22900,18486,23610,20893,21178
1 h 42 min,18285,18990,19623,40229,40430,37840,18424,17972,18010,23940,26776,25322,23799,22869,18429,23497,21334,21372
1 h 44 min,18280,19190,19354,41211,41213,38756,18380,17693,17849,24238,27233,25750,23965,23089,18633,23552,21251,21435
1 h 46 min,18254,19344,19272,41768,42407,39480,18708,18097,18166,24467,27525,25949,24210,23125,18500,23703,21589,21486
1 h 48 min,18105,19284,19603,42816,42747,40159,18348,17856,18235,24633,27593,26328,24801,23280,18504,23526,21588,21794
1 h 50 min,17866,19210,19324,43603,43257,40434,18733,18341,18303,25253,28276,26324,24595,23357,18780,23677,21502,21679
1 h 52 min,18153,19326,19587,44331,44807,41466,18644,18143,18207,25461,28407,26683,24971,23456,18913,23656,21800,22127
1 h 54 min,18307,19385,19493,45055,45439,42372,18698,18309,18397,25316,28797,27235,24812,23939,18915,23632,21905,22161
1 h 56 min,17968,19257,19543,46005,46640,42633,18907,18312,18413,25720,29017,27270,25307,24199,18903,23796,21794,22433
1 h 58 min,17946,19225,19614,46751,47148,43788,19051,18371,18470,25708,29247,27769,25590,24363,19066,23932,22326,22413
2 h ,18080,19273,19419,47862,48025,44721,18876,18493,18760,26232,29518,27863,25826,24525,19122,23607,22229,22773
2 h 2 min,17980,19335,19477,48416,48868,45514,19067,18458,18417,26468,29954,28651,25416,24585,19199,23741,22492,22927
2 h 4 min,18077,19052,19502,49447,49792,46211,19092,18749,18526,26726,30367,28536,26057,24855,19144,23847,22679,23109
2 h 6 min,17962,19731,19414,50054,50092,46549,19069,18549,18538,27036,30879,28817,26037,24952,19258,23862,22912,22887
2 h 8 min,18125,19465,19561,51051,50723,47727,19003,18322,18829,27239,30556,29171,26664,25234,19407,23782,22856,23040
2 h 10 min,17849,19084,19332,51953,51927,48373,19078,18583,18708,27688,31505,29244,26680,25582,19189,23731,22890,23564
2 h 12 min,17823,19118,19455,52921,52760,49618,19169,18491,18540,27606,31834,29770,27026,25480,19825,23711,23049,23903
2 h 14 min,18004,19417,19389,53747,53425,49890,19089,18469,18917,28288,31655,30043,27028,25553,19482,23793,23137,23749
2 h 16 min,18014,19426,19617,54802,54584,50492,19193,18606,18779,28550,32234,30273,27388,25852,19883,23769,23465,24046
2 h 18 min,17648,19328,19333,55442,55447,52044,19301,18882,18855,28527,32574,30655,27203,25999,19962,23795,23521,24290
2 h 20 min,18040,19304,19300,56197,56443,52049,19156,18735,18965,28850,33132,30885,27543,26164,19853,23576,23636,24415
2 h 22 min,17801,19220,19403,57313,57010,53354,19312,18744,19139,29078,33584,31237,27928,26270,20019,23701,23563,24252
2 h 24 min,17658,19302,19304,57697,57832,54157,19476,18661,18755,29289,33524,31432,27895,26536,20181,23675,23830,25026
2 h 26 min,17643,19379,19408,58910,58631,54793,19552,19015,19055,29510,34009,32258,28140,26571,20326,23819,24078,24786
2 h 28 min,17724,19499,19532,59465,59351,55183,19178,19112,19167,29959,34460,32229,28494,27116,20121,23893,24031,24960
2 h 30 min,17924,19287,19202,60836,60120,56261,19589,19173,19195,30165,34702,32353,28785,26642,20247,23773,24097,25367
2 h 32 min,18055,19435,19596,60911,60943,56811,19918,19132,19185,30211,35163,32685,29263,27411,20469,23726,24506,25674
2 h 34 min,18196,19496,19360,62125,61998,57674,19568,19194,19275,30678,35523,32686,29167,27717,20415,23968,24550,25559
2 h 36 min,18031,19239,19176,63177,62493,58500,19681,19430,19393,31031,35820,33174,29482,27907,20680,23880,24831,25702
2 h 38 min,17747,19730,19455,63804,64139,59172,19750,19609,19519,30955,36004,33757,29959,27758,20668,23815,24913,25933
2 h 40 min,17819,19376,19729,64643,64880,60093,19753,19410,19362,31464,36634,33985,30011,27985,20832,24325,25032,26032
2 h 42 min,18122,19401,19480,65741,65088,60649,20085,19322,19452,31832,37280,34596,30013,28271,20906,23878,25142,26206
2 h 44 min,17794,19395,19589,66158,65514,61129,20115,19427,19646,31822,36641,34662,30047,28587,20658,23807,25283,26454
2 h 46 min,18036,19164,19744,66965,66649,62420,20250,19680,19927,32444,37699,35030,30323,28968,20718,23786,25164,26725
2 h 48 min,17838,19588,19557,67805,67523,62709,20240,19623,19887,32647,37836,35282,30525,28810,20957,24009,25648,26679
2 h 50 min,17663,19590,19623,68823,68161,63920,20354,19768,19972,32954,38384,35547,31098,29420,21195,24101,25466,26784
2 h 52 min,17991,19601,19620,69368,69117,64583,19771,19859,19834,33223,38628,35738,31178,29109,21159,23837,25950,27081
2 h 54 min,17852,19551,19706,70111,69929,65024,20299,19635,20058,33261,38988,36070,31405,29663,21128,24151,25793,27365
2 h 56 min,17959,19579,19636,70795,70533,65673,20418,19788,19895,33600,39622,36422,31393,29987,21448,24122,26287,27288
2 h 58 min,17945,19410,19987,71194,71296,66251,20487,19998,20102,33922,39664,36391,32013,29804,21234,24390,26230,27606
3 h ,17940,19384,19868,72880,72134,66865,20309,19809,20231,34257,39979,36905,32032,30028,21516,24312,26094,27533
3 h 2 min,17796,19446,19761,73068,72758,67825,20258,20275,20264,34550,40290,37260,32222,30389,21349,24250,26580,27853
3 h 4 min,18094,19739,19651,73496,73412,68215,20531,20011,20242,34907,41108,37412,32177,30826,21589,24102,26780,28197
3 h 6 min,18077,19502,19745,74816,74256,69185,20722,20287,20466,34607,41606,38151,32348,30640,21489,24417,26908,28005
3 h 8 min,17967,19628,19816,75674,75183,69952,20651,20271,20591,35187,41674,38076,32986,30750,21735,24488,26825,28698
3 h 10 min,17789,19646,19905,76536,76097,70275,20535,20535,20633,35325,42164,38656,33279,31200,21919,24449,26939,28587
3 h 12 min,18063,19405,19866,77178,76327,71356,21001,20346,20730,35435,42479,38810,33059,30962,21715,24690,27139,28898
3 h 14 min,17807,19584,19971,77596,76985,71544,20897,20436,20711,35993,42715,39137,33383,31567,21883,24495,27103,28946
3 h 16 min,17824,19792,20029,78404,77415,72566,21175,20545,20579,35806,42730,39228,33328,31929,21824,24628,27670,28871
3 h 18 min,17831,19486,19718,79410,78208,73058,20927,20588,20752,36307,43284,39514,34014,31653,21760,24615,27532,29209
3 h 20 min,17764,19517,19783,79831,78630,73413,20850,20407,20747,36391,43833,39431,33802,31628,21712,24804,27618,29265
3 h 22 min,17875,19596,20079,80635,79677,74418,21069,20598,20953,36419,43702,40341,34185,32453,21923,24871,27627,29775
3 h 24 min,17867,19718,19823,81131,80555,75145,21061,20788,20983,36900,44424,40277,34251,32068,21966,24680,27592,29962
3 h 26 min,17969,19965,20001,82141,81249,75910,21414,20858,20677,37486,44849,40802,34651,32695,22127,24836,27779,29702
3 h 28 min,17837,19866,19758,82614,81216,76443,21165,20652,20956,37780,44701,40590,34639,32681,22178,24403,28226,29930
3 h 30 min,17891,19840,19860,83091,81933,76759,21497,20808,21221,37778,45615,41509,34713,33063,22035,24808,28328,30423
3 h 32 min,18071,20079,20104,83706,82450,77518,21534,20901,21231,37632,45555,41160,35165,33417,22364,24979,28435,30329
3 h 34 min,17938,20026,19882,84139,83699,77995,21491,20964,21307,38144,45592,42002,34911,33563,22133,24946,28508,30551
3 h 36 min,18115,19791,19973,85448,83958,78646,21611,21089,21273,38381,45638,41737,35477,33730,22204,24991,28466,30449
3 h 38 min,18056,20051,19983,85899,84978,79437,21461,21094,21295,38500,47003,42129,35770,33442,22401,25296,28673,30419
3 h 40 min,18258,19760,19980,87105,85995,80109,21948,21453,21023,39115,46807,42512,35857,33817,22477,25315,28578,31016
3 h 42 min,18102,19925,20084,86741,86187,80660,21670,21278,21484,39187,47080,42680,35689,34305,22434,25166,28654,30963
3 h 44 min,18103,20282,20021,88020,86677,80747,21713,21115,21478,39022,47840,42944,36423,34002,22291,25234,28786,30854
3 h 46 min,18058,20246,20055,88195,87836,82017,22021,21083,21480,39596,47899,43332,36370,34126,22273,25207,28989,31178
3 h 48 min,17978,19992,20078,88392,88153,81802,22047,21266,21482,39770,48228,43119,36387,34305,22369,25542,29166,31572
3 h 50 min,17819,20158,19758,89602,88188,83067,21848,21578,21806,39886,48227,43441,37066,34741,22605,25330,29362,31622
3 h 52 min,17933,20102,20073,90637,89008,83663,22229,21562,21814,40389,48841,43768,36608,35203,22795,25524,29262,31782
3 h 54 min,18050,20043,20276,90831,89639,83701,22054,21683,21942,40748,49170,44056,37287,34725,22752,26060,29755,32020
3 h 56 min,17654,19828,20119,90904,90569,84687,22251,21522,21989,40435,49598,44712,37223,35562,22739,25992,29502,31809
3 h 58 min,17864,20277,19727,92414,91108,85492,22150,21740,21910,40749,49537,44723,37315,35109,22874,25962,29952,31898
4 h ,17958,20041,20083,92978,91219,85927,22209,21803,22098,40918,49852,44947,37461,35507,22764,25919,29929,32330
4 h 2 min,18166,20185,20102,93672,91568,85511,22357,22154,22140,41209,50227,44999,37657,35953,22791,26065,30258,32287
4 h 4 min,17609,20150,20206,93947,92136,86811,22513,22014,22159,41678,50373,45071,37971,35849,22924,25656,30291,32296
4 h 6 min,17929,20158,20413,94981,92781,86576,22380,21908,21934,42037,50894,45502,38029,35876,22880,25985,29922,32643
4 h 8 min,18021,20123,20203,94913,93144,88232,22570,21887,22249,42128,51180,45595,38122,36375,22857,25954,30172,32393
4 h 10 min,17754,20226,20258,95679,93564,88523,22342,21915,22149,42327,51556,46162,38516,36429,22901,26140,30206,32584
4 h 12 min,17956,20248,20437,96530,95268,87982,22692,22072,22326,42162,51951,46226,38502,36728,23115,26016,30250,33138
4 h 14 min,17882,20311,20218,96647,95077,89739,22385,22110,22391,42515,52166,46212,38713,36502,23189,26409,30275,32750
4 h 16 min,18070,20547,20025,97169,96226,89787,22586,22146,22453,42568,52406,46894,39418,37218,23031,26000,30410,32991
4 h 18 min,17886,20259,20152,97884,95825,90145,22662,22116,22235,42955,53008,46755,39074,37264,22861,26180,30500,33267
4 h 20 min,17849,20308,20224,98915,96760,90759,22835,22230,22658,43277,52824,47217,39498,37245,23057,26469,30339,33564
4 h 22 min,17953,20148,20680,98863,96548,91023,23079,22418,22351,43340,53703,47654,39551,37456,23130,26237,30638,33694
4 h 24 min,17843,20334,20501,98761,97292,91629,22701,22283,22319,43674,53467,47438,39745,37331,23415,26721,30941,33953
4 h 26 min,18027,20281,20400,100135,97763,92001,23063,22229,22506,43567,54297,47793,39842,37622,23377,26530,30759,33449
4 h 28 min,17933,20240,20273,100436,97863,92667,22712,22256,22506,44045,54109,47991,40101,37794,23449,26705,31156,34068
4 h 30 min,17604,20190,20133,100621,99176,93250,22853,22232,22948,44329,54670,48319,40068,37909,23155,26690,30731,34017
4 h 32 min,18057,20458,20113,101432,99141,94380,22923,22254,22562,44259,54486,48414,40107,38302,23449,26612,30859,34173
4 h 34 min,17736,20311,20658,101709,100501,94101,23188,22825,22902,44467,55510,48753,40237,38110,23492,26943,31220,34024
4 h 36 min,17668,20465,20016,101431,100628,94314,22981,22407,22978,44645,55708,48746,40702,38023,23313,26724,31103,34546
4 h 38 min,17571,20318,20316,102867,100973,94282,23502,22727,22899,45068,55713,49466,40521,38968,23653,26979,31022,34380
4 h 40 min,17579,20460,20305,103279,101956,94841,23492,22588,23094,45252,56111,49379,40515,38448,23662,26871,30914,34821
4 h 42 min,17857,20515,20289,104102,101529,96034,23336,22549,23211,44982,56106,49154,40844,39039,23565,27016,31066,34719
4 h 44 min,17974,20359,20499,103596,101962,96344,23162,22775,23137,45258,56791,49533,41061,38966,23676,26630,31114,35231
4 h 46 min,17645,20379,20568,104892,102888,96504,23398,22555,23197,45564,57059,50060,41386,39426,23600,26913,31106,35058
4 h 48 min,17585,20351,20617,106005,103910,96701,23547,22549,23328,45839,57276,50395,41539,39142,23585,26851,31601,34897
4 h 50 min,17770,20611,20376,105549,104337,97327,23314,22758,23193,45749,57046,50594,41126,39187,23724,26924,31287,35108
4 h 52 min,17552,20289,20364,105856,103892,97649,23200,22702,23181,46101,57582,50425,41637,39336,23744,27196,31239,35317
4 h 54 min,17670,20600,20297,106695,104471,98613,23522,22942,23142,46071,58124,50679,41821,39642,23723,26946,31022,35770
4 h 56 min,17731,20391,20467,106945,105286,99493,23388,23056,23130,46380,58181,51090,41784,39676,24015,26759,31137,35367
4 h 58 min,17596,20476,20300,107273,105959,99037,23429,23075,23229,46296,58606,50736,42111,39713,23830,27230,31560,35550
5 h ,17470,20451,20608,107898,105541,99253,23757,22935,23242,46714,58846,51225,42177,40104,23766,27011,31282,35744
5 h 2 min,17472,20573,20607,107849,106158,99857,23769,22834,23464,47139,59645,51594,42300,40356,24192,27245,31448,35755
5 h 4 min,17727,20617,20606,108979,106383,100093,23815,23585,23462,46647,59640,51507,42396,40308,24014,27277,31708,36080
5 h 6 min,17434,20333,20539,109123,107755,100333,23772,23271,23369,47176,60117,52094,42868,40741,24172,27145,31426,35956
5 h 8 min,17274,20422,20425,109182,107204,100816,23730,23079,23387,47294,60218,51936,43037,40453,24285,27277,31443,36214
5 h 10 min,17557,20497,20476,110028,107156,101220,23749,23133,23858,47826,60315,52202,42876,40836,24213,27185,31679,36466
5 h 12 min,17497,20479,20563,110516,107978,101208,23783,23119,23484,48186,60287,52614,43045,40695,24348,27411,31560,36366
5 h 14 min,17278,20478,20454,110690,108547,101456,23679,23527,23709,48123,60814,52166,43410,41029,24420,27506,31511,36242
5 h 16 min,17256,20280,20361,111410,109045,102439,23799,23352,23917,47739,60714,52609,43360,40980,24552,27502,31682,36307
5 h 18 min,17324,20596,20470,111825,109703,103363,23912,23179,23868,48695,61393,53029,43504,41206,24485,27252,31993,36410
5 h 20 min,17141,20484,20546,112152,109412,103690,23805,23220,23509,47914,61725,52963,43810,41423,24618,27456,31642,36932
5 h 22 min,17257,20655,20582,112674,110092,103398,23969,23438,23550,48725,61551,53181,43503,41937,24255,27598,31687,36885
5 h 24 min,17155,20264,20367,112869,110295,103839,24077,23674,23974,48639,62283,53423,43573,41768,24491,27430,31492,36860
5 h 26 min,17074,20448,20500,112403,110698,104665,23954,23550,23727,48557,62691,53447,43980,41672,24653,27193,31515,36756
5 h 28 min,16986,20486,20709,112893,111032,104346,23912,23629,23703,49033,62270,53952,44125,41316,24527,27477,31713,36712
5 h 30 min,17192,20391,20515,113314,111665,104759,23895,23905,23969,49357,62905,54484,44104,42087,24866,27528,31123,37026
5 h 32 min,17103,20494,20356,113751,111449,104875,23954,23679,24023,48908,63447,54195,44065,41676,24666,27512,31431,37391
5 h 34 min,17023,20628,20366,114057,112526,105701,23966,23687,23638,49302,63853,54291,44956,42288,24909,27601,31137,36960
5 h 36 min,16963,20480,20496,115282,112880,105197,24270,23584,24029,49427,63925,54639,44751,42629,24885,27566,31305,37172
5 h 38 min,16945,20417,20509,115419,112880,105940,23963,23735,23921,49604,64373,54745,44776,42427,24859,27301,31553,37687
5 h 40 min,16877,20349,20340,115143,112618,106138,24303,23790,23936,49998,63970,54731,44842,42435,24853,27382,31130,37334
5 h 42 min,17111,20468,20621,115626,113300,106204,24434,23773,23927,49999,64230,54787,44831,42534,24841,27270,31084,37484
5 h 44 min,16883,20409,20358,116436,113691,106817,24272,23963,24195,50018,64997,55146,45001,42378,24656,27495,31141,37363
5 h 46 min,16618,20488,20349,116082,114358,107135,24111,23664,23899,50308,64989,55675,44847,42931,25068,27406,31272,37486
5 h 48 min,16628,20486,20615,116292,114665,107358,24350,24031,23849,50261,65155,55392,45119,42702,25035,27831,31004,37467
5 h 50 min,16639,20489,20367,116398,114434,107922,24292,23616,24073,50394,65674,55705,45209,42869,24707,27495,31231,37978
5 h 52 min,16805,20626,20564,116848,115202,108396,24248,23944,24179,50163,65410,55386,45818,43146,25008,27567,31152,37845
5 h 54 min,16783,20441,20432,117278,115056,107650,24347,23909,23875,50786,66376,55830,45574,43771,25105,27511,30704,37728
5 h 56 min,16595,20584,20448,117695,114555,108748,24213,23673,24448,50515,66262,56286,45997,43358,25256,27764,30841,38114
5 h 58 min,16601,20306,20591,117917,115623,108684,24448,24089,24298,50788,66586,56447,45638,43273,25377,27690,30892,38233
6 h ,16589,20446,20661,117778,116130,109378,24437,23947,24061,50716,66994,55802,45471,43667,25210,27652,30912,38415
6 h 2 min,16374,20377,20396,118141,116467,109061,24488,23823,24132,51116,67251,56494,45985,43562,25139,27376,30376,38339
6 h 4 min,16261,20680,20153,118358,116420,109401,24310,23968,24098,51360,67413,57103,46370,43601,25384,27599,30287,38299
6 h 6 min,16162,20145,20364,119165,116954,109288,24488,24013,24447,51424,67689,56640,46025,43731,25456,27566,30686,38719
6 h 8 min,16076,20484,20347,118981,117090,110233,24417,23694,24442,51902,68208,56792,46168,44043,25447,27647,30163,38637
6 h 10 min,16037,20180,20389,119386,116956,110103,24379,24228,24126,51306,68043,56930,46363,43843,25308,27345,30194,38881
6 h 12 min,16049,20237,20397,119555,117430,110719,24500,24022,24359,51889,68946,57318,46397,44079,25468,27385,30120,39363
6 h 14 min,16199,20222,20448,119889,117945,110128,24385,23967,23998,51651,68825,57001,46631,44543,25671,27310,30218,38783
6 h 16 min,16092,20366,20611,120428,117793,110707,24692,24071,24224,51853,69172,57349,46642,44248,25372,27354,29875,38876
6 h 18 min,16199,20346,20408,120394,118406,111133,24920,24469,24495,52246,69313,57602,46800,44682,25500,27247,29673,38675
6 h 20 min,16240,20178,20584,120898,119082,111897,24544,24105,24388,52178,69568,57745,47007,44459,25509,27205,29586,39146
6 h 22 min,16014,20257,20307,120712,119183,111868,24539,24124,24523,52546,69486,58164,47206,44681,25793,27073,29477,39088
6 h 24 min,15707,20286,20284,121082,119252,111197,24334,24050,24358,52094,70045,58176,47283,44458,25655,27167,28937,39207
6 h 26 min,15596,20119,20330,121236,119846,111713,24626,24488,24148,52047,70237,57940,47216,45033,25637,27039,28356,39471
6 h 28 min,15799,20466,20060,121016,119577,112173,24569,24281,24225,52124,70202,58322,47132,45247,25834,26972,29002,38995
6 h 30 min,15476,20289,20486,121787,119890,112572,24711,24133,24130,52932,71350,58377,47328,45216,25631,27046,28889,39663
6 h 32 min,15388,20615,20326,121533,119473,113270,24851,24165,24379,52497,71363,58951,47473,45403,25742,26978,28732,39133
6 h 34 min,15360,20550,20357,121789,120549,112888,24473,24277,24717,52595,71075,58421,47478,45459,26244,26807,28732,39401
6 h 36 min,15548,20550,20394,121831,120683,113254,24751,24169,24387,53239,71699,58897,47503,45613,26095,27174,28746,39333
6 h 38 min,15006,20400,20179,122073,120731,112784,24280,24371,24803,52989,72002,58715,47619,45231,26136,26669,28910,39269
6 h 40 min,14916,20450,20406,123449,120703,113563,24675,24344,24486,53314,72378,58835,47319,45634,26112,26568,28816,39266
6 h 42 min,15081,20146,20302,122708,120858,113330,24838,24274,24386,52651,72134,59071,48017,45445,26396,26663,28943,39422
6 h 44 min,15081,20359,20355,122437,121287,113594,24700,24368,24633,52667,72786,59406,47621,45599,26178,26836,29044,39547
6 h 46 min,15054,20312,20571,123064,121788,113749,24810,24169,24394,53063,73190,59055,47912,46007,26226,26879,29067,39574
6 h 48 min,14986,20161,20134,122651,121929,114328,24632,24371,24739,53055,73572,59080,48001,45681,26226,26722,28675,39996
6 h 50 min,14827,20226,20342,123114,122434,114399,24629,24407,24631,53337,73471,59418,48298,45681,26360,26735,28675,39677
6 h 52 min,14664,20117,20348,123581,122801,114317,24658,24644,24661,53524,74044,59380,48395,46030,26269,26580,28738,39661
6 h 54 min,14477,20043,20490,123612,122838,115078,24733,24496,24550,53834,73807,59746,48474,45854,26244,26515,28679,39529
6 h 56 min,15020,20098,20088,123567,123344,114868,24888,24235,24578,53619,74306,60093,48482,46281,26420,26441,29054,40069
6 h 58 min,14852,20169,20208,123936,123956,115233,24788,24595,24504,53387,74902,59807,48459,45836,26251,26097,28631,39747
7 h ,14889,20159,20257,123861,123258,115082,24542,24618,24626,53254,74781,59545,48760,46565,26607,26223,28774,39867
7 h 2 min,14749,20194,20400,123888,123048,115612,24958,24258,24603,53610,74750,60005,48904,46172,26224,26323,29059,39742
7 h 4 min,14988,20304,20159,123975,123042,115926,24646,24335,24427,53675,75190,59672,48543,45960,26626,26101,29155,39917
7 h 6 min,15105,19920,19945,124069,123747,116362,24727,24511,24564,53862,75661,60215,48557,46493,26172,25942,29237,39643
7 h 8 min,15015,20146,20236,125064,123561,115466,24808,24596,24471,53898,75812,60415,48872,46529,26717,26014,29290,39992
7 h 10 min,14775,20125,20460,125199,123215,116216,25013,24527,24361,53926,76413,60070,48400,46749,26301,25853,29307,40023
7 h 12 min,14886,19889,20114,125006,123932,115954,24856,24489,24522,53616,76390,60619,48544,46923,26538,25738,29439,39948
7 h 14 min,14670,20104,20181,125638,123058,116339,24928,24391,24380,53679,76623,60611,48292,46561,26804,25825,29158,39978
7 h 16 min,15067,19856,20012,124893,123230,116827,24819,24405,24382,53455,76640,60363,49146,46614,26472,25671,29268,40028
7 h 18 min,14853,20052,19812,124999,124147,117118,24289,24165,24255,54160,77409,60568,49023,47092,26670,25570,29388,39649
7 h 20 min,14855,19625,20286,125670,123997,117328,24781,24274,24631,54123,77073,60602,48683,46957,26574,25681,29637,39925
7 h 22 min,14947,19918,20282,125771,124442,116490,24576,24619,24192,53953,77119,60564,48887,46820,26458,25414,29273,39995
7 h 24 min,15012,19713,19740,125802,124580,116449,24811,24068,24391,54214,77936,60576,49202,47351,26577,25545,29309,40194
7 h 26 min,15008,19952,20036,125499,124040,116986,24809,24500,24585,54084,77485,61027,48978,47008,26657,25686,29139,39473
7 h 28 min,15103,19809,19985,125255,124755,116446,24792,24394,24536,54089,78239,60853,49066,46811,26591,25183,29231,39705
7 h 30 min,14916,19873,19750,125959,124659,116796,24697,24093,24051,54380,78489,61150,49061,46881,26567,24993,29016,39688
7 h 32 min,14939,19824,19770,126047,125956,116775,24578,24285,24564,54115,78398,60705,49276,47193,26600,24998,29296,39428
7 h 34 min,15147,19630,19745,125955,125592,116485,24652,24416,24140,53910,78923,61001,49407,46618,26742,24898,29161,39599
7 h 36 min,15063,19771,19972,126111,124623,116758,24842,24226,24409,53893,78753,61318,49086,46837,26634,25025,29154,39669
7 h 38 min,15191,19661,19826,125373,124780,117250,24515,24279,24217,54031,78408,61194,49295,47305,26671,24861,29113,39228
7 h 40 min,15222,19673,19855,126320,125256,117035,24956,24345,24347,53389,79474,61322,49446,47321,26714,24673,28948,39353
7 h 42 min,14873,19561,19994,126379,125854,117198,24686,24363,24455,54094,79863,61041,48913,47236,27069,24411,28953,39387
7 h 44 min,14976,19551,20027,126574,125039,117788,24560,24323,24008,53788,79533,61051,49722,47457,26705,24748,29112,39041
7 h 46 min,15085,19462,19651,126228,125303,117363,24689,24231,23919,54084,80549,60945,49758,47307,26504,24510,29037,39268
7 h 48 min,14821,19771,19738,127152,125788,117663,24701,24356,24109,54199,80453,61622,49243,47101,26689,24332,29142,39181
7 h 50 min,15152,19501,19793,126670,125721,117463,24573,24204,24310,54300,80433,61537,49281,47266,26584,24249,28930,38919
7 h 52 min,15071,19486,19965,126740,125770,117889,24582,24266,24087,53852,80403,61327,48859,46902,26656,24220,29080,38988
7 h 54 min,15140,19567,19851,126600,125757,118082,24224,24484,23866,54091,80582,61419,49562,47274,26646,24291,29373,39172
7 h 56 min,15219,19402,19715,126525,126012,117506,24370,24112,23913,54257,81206,61336,49312,47527,26492,24168,29183,38857
7 h 58 min,15177,19368,19808,126776,125337,118287,24265,24264,23909,54311,81022,61379,49047,47670,26339,23916,29340,38837
8 h ,15202,19264,19425,126991,125728,117331,24431,24227,23867,53559,81434,61700,49577,47444,26592,23965,29146,39087
8 h 2 min,15063,19257,19516,126333,125888,118948,24515,24304,23868,53857,81875,61587,49259,47113,26634,24060,29166,38942
8 h 4 min,15295,19286,19377,126814,125557,117989,24437,23889,23848,54064,81896,61942,49108,47081,26539,23505,29346,38680
8 h 6 min,15044,19165,19459,126349,126258,118015,24364,24040,23887,53452,82042,61574,49199,47588,26413,23992,29142,38871
8 h 8 min,15244,19209,19499,126677,126229,118263,24643,23871,23857,54025,82353,61834,49331,47128,26611,23795,29016,38949
8 h 10 min,15306,19086,19482,126820,125735,118465,24453,24002,23626,53810,82314,61587,48615,47538,26290,23445,29553,38686
8 h 12 min,15387,19346,19340,126591,126016,118034,23958,23851,23605,54046,82961,61358,48929,47303,26484,23430,29527,38451
8 h 14 min,15179,19077,19376,126156,126206,117366,24118,24068,23675,54129,82540,61388,48976,47516,26493,23289,29508,38470
8 h 16 min,15369,18999,19429,126546,125864,117987,24338,23880,23435,53622,82907,61954,49146,47362,26546,23392,29025,38045
8 h 18 min,15106,19081,19385,127053,125431,118231,24019,24080,23633,53809,83425,61628,49293,47221,26353,23008,29414,38117
8 h 20 min,15121,18747,19310,126554,126568,118277,24110,23940,23692,53586,83548,61398,48900,47283,26397,22978,29306,37724
8 h 22 min,15004,18732,19424,126935,126023,118613,23828,23556,23685,53448,82942,61981,49285,47399,25956,23231,28943,38097
8 h 24 min,15392,18887,19498,126606,125908,117455,24057,23731,23512,53501,83819,61643,48624,47040,26290,23053,29472,38001
8 h 26 min,15301,18887,18988,126367,124976,118408,24316,23531,23463,53356,83620,61825,48781,46906,26048,22830,29472,38105
8 h 28 min,15368,18814,19138,127196,125884,118371,24054,23613,23803,53927,83517,61786,48999,47022,26113,22882,29457,37958
8 h 30 min,15357,18759,19227,126507,125727,118086,23871,23822,23088,53579,84235,62033,49073,47329,26214,22647,29408,37142
8 h 32 min,15290,18907,18923,126776,125695,118372,23880,23747,23123,53308,83801,61637,49121,47185,25938,22635,29115,37729
8 h 34 min,15353,18953,18875,127074,125803,118364,24104,23870,22965,53363,83907,61604,49217,46999,26138,22608,29444,37645
8 h 36 min,15140,18827,19069,127208,125764,118016,23754,23755,23135,53208,84552,61190,48898,47589,25991,22680,29520,37775
8 h 38 min,15094,18615,18905,126770,125566,118152,23851,23450,23371,53272,84858,61648,48977,47168,26108,22535,29226,37789
8 h 40 min,15065,18441,19009,127147,125630,118238,23723,23556,22975,53380,84712,61742,48972,47051,26079,22428,29031,37141
8 h 42 min,15222,18618,18589,126256,126057,118146,23609,23523,23114,52953,85106,61433,48874,47065,26066,22580,29485,37477
8 h 44 min,15057,18324,18994,126615,125551,117876,23645,23450,22638,53181,85082,61190,48854,46942,26002,22399,29177,36894
8 h 46 min,15248,18390,18638,126949,125505,117471,23894,23660,22799,53205,85895,61396,49025,47002,25861,22414,29483,37373
8 h 48 min,15267,18408,18958,127040,125316,117626,23497,23600,22721,53127,85382,60894,48807,47220,25905,22327,29131,37101
8 h 50 min,15325,18403,19043,126585,125583,117772,23279,23345,22342,52847,85590,60857,48809,47085,25774,22199,29435,37229
8 h 52 min,15201,18273,18815,126982,125540,119051,23398,23078,22798,53227,85375,61406,48676,47091,25513,22155,29554,36782
8 h 54 min,15145,18267,18850,126958,125688,118585,23410,22871,22648,53026,85824,61139,48750,46755,25379,22248,29438,36687
8 h 56 min,15345,18539,18742,126651,125623,118004,23239,23191,22428,52901,85966,61173,48694,46862,25567,22160,29299,36935
8 h 58 min,15579,17977,18644,126124,126495,118344,23258,22771,22218,52840,86559,60883,48398,46781,25942,22539,29456,36791
9 h ,15303,18200,18395,125956,125867,117896,23536,23019,22572,52619,86197,60899,48281,47229,25354,22426,29382,36414
9 h 2 min,15294,18083,18584,126027,125517,118568,23256,22964,22285,52759,86368,61298,48436,46857,25369,22210,29509,36808
9 h 4 min,15431,18039,18432,126708,125402,117522,23189,22740,22251,52416,86518,60693,48837,46491,25395,22082,29221,36180
9 h 6 min,15404,17905,18858,125940,125461,117493,23122,22752,22204,52944,85756,60784,48260,46392,25123,22354,29362,36104
9 h 8 min,15397,17867,18494,126540,125648,117588,22885,22675,22291,52337,86146,61249,47722,46128,25558,21924,29784,35880
9 h 10 min,15475,17997,18312,125365,125730,117511,23150,22872,21736,52342,86831,61246,48175,46836,25436,22201,29291,35713
9 h 12 min,15323,17768,18232,126028,125313,117652,23048,22621,21697,52234,87447,60711,47796,46273,25213,22421,29791,35770
9 h 14 min,15384,17773,18248,126802,125628,117987,23114,22496,21320,52471,86659,60950,47511,46366,24797,22152,29475,35820
9 h 16 min,15231,17714,18534,125987,125571,117031,23008,22758,21443,52258,87048,60984,47891,46875,25112,22011,29447,35352
9 h 18 min,15188,17604,18482,126713,125301,117475,22610,22340,21482,52500,87739,60720,48114,46160,25119,21865,29675,35307
9 h 20 min,15148,17757,18129,126262,124981,117885,22878,22574,21267,52389,87326,60589,47848,46239,25082,21959,29281,35563
9 h 22 min,15459,17590,17865,125409,125497,117594,22654,22243,20832,52536,87410,60262,47832,45982,25039,22208,29705,35448
9 h 24 min,15433,17600,17905,126532,125618,117981,23070,22327,20692,51822,87957,60030,48007,45894,25055,22092,29528,35501
9 h 26 min,15312,17615,17880,126151,124816,117563,22663,22328,20736,52564,88245,59952,47721,45673,24796,22089,29425,35442
9 h 28 min,15504,17349,17879,126483,125411,116855,22750,22173,20497,52166,88071,60189,47981,45954,24631,22052,29445,35525
9 h 30 min,15433,17244,17742,126112,125047,117726,22886,22093,20515,52173,88401,60526,47940,45700,24793,22372,29396,35121
9 h 32 min,15200,17149,17778,125372,124941,117221,22467,21774,20565,52141,88222,60234,47894,45662,24763,22186,29447,35161
9 h 34 min,15332,16920,17846,125828,125657,116996,22434,21959,20618,51961,88715,60144,47340,45694,24396,21644,29895,35470
9 h 36 min,15128,17140,17841,125328,124864,117048,22303,21880,21047,51543,88356,59871,47411,45676,24549,21928,29404,35192
9 h 38 min,15363,16752,17906,125495,125062,117069,22567,21976,20411,51288,88295,60024,47571,45940,24233,22082,30036,35580
9 h 40 min,15492,16583,17744,125566,125605,116761,22195,21790,20777,51771,88078,59860,47467,45283,24267,22087,29798,35398
9 h 42 min,15386,16498,17648,125442,125004,116927,22358,21643,20614,51814,88819,59574,46972,45429,23998,22257,29831,35354
9 h 44 min,15324,16551,17642,124996,125026,117029,22193,21753,20614,51521,88541,59553,47342,45679,23849,22328,29552,35220
9 h 46 min,15239,16759,17562,125165,125057,116675,22097,21445,20701,51505,88528,59868,47232,45579,23587,22124,29485,35484
9 h 48 min,15043,16879,17620,125121,124434,116203,21876,21607,20784,51067,88411,59655,47147,45380,23641,22167,29743,35827
9 h 50 min,15483,16758,17332,125295,123997,116012,21901,20937,20643,51278,88825,59681,46581,45325,24009,22278,29550,35060
9 h 52 min,15429,16591,17015,124607,124588,116748,21943,21209,20748,51088,88757,59358,46961,45494,23901,22220,29364,35463
9 h 54 min,15368,16558,16999,125754,124209,117003,21792,21081,20815,51300,88889,59571,46596,45283,23753,22436,29689,35583
9 h 56 min,15306,16590,16989,124944,124227,116466,21831,20849,20913,50962,88989,59646,46765,44888,23824,22327,29305,35287
9 h 58 min,15373,16701,16771,125393,124140,115874,21176,21002,20738,50998,89755,59024,46676,45073,23835,22272,29498,35227
10 h,15514,16542,17238,125240,123938,115324,21281,20926,20687,51101,89528,59235,47108,44794,23587,22236,29527,35499
